"state_fips","state_name","year","prev_obese","se_obese","mean_bmi","se_bmi","mean_height_in","se_height_in","mean_weight_kg","se_weight_kg","mean_age","se_age","ci_lower_obese","ci_upper_obese","n_unweighted"
1,"Alabama",1990,0.117171797630436,0.00783267531445415,24.908349005895,0.104731454211873,67.4360709451908,0.0987846701617471,73.4395354534445,0.385235022197831,44.1818265350413,0.447344821223046,0.101820036111509,0.132523559149362,2092
1,"Alabama",1991,0.1324890678191,0.00890595687919914,25.1889895392597,0.12490404670796,67.4871392348269,0.0999293865973426,74.3013800982053,0.434502406994296,43.9802927823073,0.495128539302732,0.115033713088003,0.149944422550197,1901
1,"Alabama",1992,0.121951738353329,0.00814095626841816,25.1127066757876,0.11536214033532,67.403000778209,0.0971118844624969,74.0067423585145,0.42131099016966,44.1162744650453,0.454724428736535,0.105995757267514,0.137907719439144,2106
1,"Alabama",1993,0.106023519502795,0.00747368515988783,25.1771879456173,0.110146004323562,67.2740192913269,0.0940690208928137,73.8535494009835,0.407016756383826,44.0485510479627,0.45243245393878,0.0913753657576233,0.120671673247967,2126
1,"Alabama",1994,0.166938577819522,0.0103605522914488,25.7474711071348,0.127708116215245,67.6117742559467,0.118436413814707,76.2396033438751,0.459462685128462,44.3406863060683,0.458646742204153,0.146632268468338,0.187244887170705,1972
1,"Alabama",1995,0.184417993990339,0.0106062605035284,25.9476852586795,0.134627947764533,67.5289190200785,0.110139181825605,76.7136642664928,0.489985852662773,44.7014354752065,0.503436600116177,0.163630105392773,0.205205882587904,1718
1,"Alabama",1996,0.197142646235752,0.0101487001917168,26.2027508940935,0.127612119258937,67.3509108895453,0.102613417321857,77.0284036906983,0.447874555931333,45.0927770929435,0.471079063608598,0.177251559370092,0.217033733101411,2039
1,"Alabama",1997,0.178235877147006,0.00943948852936771,26.0443531943692,0.121265799823739,67.512846058179,0.108216860743617,76.9173193478321,0.430166715468805,45.1810083132553,0.477786261073288,0.159734819596967,0.196736934697046,2063
1,"Alabama",1998,0.207978851178529,0.0105813336295215,26.6321256674929,0.131108842603205,67.4930570354613,0.107957033610555,78.6781204900302,0.467805512835028,45.298391752708,0.449921385591859,0.187239818356265,0.228717884000794,2128
1,"Alabama",1999,0.219489630616295,0.0107948047449402,26.9215912164693,0.141923930400454,67.4530454116052,0.106429932092644,79.265531250821,0.471259867481551,45.6089009096842,0.44636335695735,0.19833220209607,0.24064705913652,2015
1,"Alabama",2000,0.236011546152061,0.0109794796874121,26.9854519525711,0.139936448536081,67.5768613515904,0.109479903562434,79.8668842577205,0.515699434895527,45.3608879872248,0.447184536210529,0.214492161395745,0.257530930908378,2125
1,"Alabama",2001,0.244241357014221,0.00950123058698799,27.0217853622241,0.12248771527997,67.5002498181584,0.0921677585009422,79.7605063847379,0.425299196945775,45.6541301673649,0.396654520703148,0.225619287254914,0.262863426773527,2648
1,"Alabama",2002,0.256170108945484,0.0097519943919291,27.1602039128649,0.121094396401238,67.557380085015,0.0905249233729516,80.3266478126228,0.427610774360096,45.5803227332721,0.385578131481186,0.237056551159866,0.275283666731101,2936
1,"Alabama",2003,0.284110856404064,0.00946044496590616,27.4443560120282,0.120561169250286,67.4399096773333,0.0919148227509933,80.8307862887389,0.415906309616801,46.1209969601405,0.390430555908952,0.265568724993164,0.302652987814963,3140
1,"Alabama",2004,0.28816627622861,0.00935976680580344,27.645054741713,0.12163343666693,67.524892555287,0.088865980952745,81.6730141394266,0.431040109557842,45.9469628039515,0.373696452621005,0.269821470385541,0.306511082071678,3375
1,"Alabama",2005,0.288911286388797,0.010833153367071,27.6424354570201,0.140911235765905,67.4405811987954,0.100856975344538,81.4100871825227,0.48739694275335,46.2366334896662,0.444303364856513,0.267678695950339,0.310143876827255,3018
1,"Alabama",2006,0.302291328842491,0.0111096274486628,27.7396361672798,0.145122786504227,67.3917387762731,0.102300046011002,81.6501207846037,0.507743341087696,46.4381355845195,0.527354110862455,0.280516859161454,0.324065798523528,3109
1,"Alabama",2007,0.308364797785117,0.00866443640572578,27.9807601955018,0.107827985445866,67.4256377734761,0.0777733654371365,82.3955339764649,0.386938033855775,46.6110482608258,0.353541547914488,0.291382814483557,0.325346781086677,6831
1,"Alabama",2008,0.322381793754705,0.00947795865246859,28.2519481448011,0.132987321754528,67.645699573013,0.0862482057887315,83.8549594989828,0.461633230649511,46.7648890494764,0.393174852947011,0.303805336148907,0.340958251360503,6120
1,"Alabama",2009,0.315368454775287,0.00886197236319923,28.0701753098263,0.113097157023041,67.5186257930024,0.0862862734351013,82.9536242446781,0.417419426662997,48.1540134727489,0.348610184905227,0.297999308111427,0.332737601439147,6405
1,"Alabama",2010,0.328246358413039,0.00837706996441851,28.3488479443411,0.105085908831144,67.6193481453973,0.0783341286140169,83.9568092312838,0.375767846108778,49.5121204485329,0.309159006789031,0.311827602986806,0.344665113839271,7177
1,"Alabama",2011,0.319337903005717,0.007762536896647,28.119877644689,0.105119508471629,67.4599230799045,0.0727013420108658,82.8596917430286,0.360611283445734,47.0196482064759,0.294811440674637,0.304123610259626,0.334552195751809,7253
1,"Alabama",2012,0.328108566884599,0.00747835424513553,28.3320431486711,0.103841657749729,67.4335871721232,0.0683617603692969,83.4046433009495,0.356596854423879,47.1406776376176,0.279571062981687,0.313451261900501,0.342765871868697,8593
1,"Alabama",2013,0.322669663515382,0.0084556860946973,28.3981445265656,0.112462406846021,67.4544057064997,0.0789660597287987,83.6050575194822,0.381080656120278,47.479186578134,0.312650429135374,0.3060968233052,0.339242503725565,6233
1,"Alabama",2014,0.331687094199774,0.00742212370832846,28.3248578583083,0.0983525573799611,67.3894350722206,0.0673539680605319,83.3429204852902,0.346279775929432,47.5931943496975,0.284999089925158,0.317139999042649,0.346234189356899,8176
1,"Alabama",2015,0.353888653881408,0.0078255859550492,28.537981893904,0.103274934746422,67.3408922411005,0.0688174134017857,83.751734545272,0.340956674563851,47.9084403538434,0.293633254580989,0.338550787251589,0.369226520511227,7375
1,"Alabama",2016,0.355281362819628,0.00796504255189216,28.6537435349894,0.10817575880792,67.3968315722802,0.0686571211254592,84.2709740750889,0.366264009097517,47.9601989893374,0.29696960689664,0.33967016628259,0.370892559356665,6518
1,"Alabama",2017,0.361215740730275,0.00825017391231554,28.8006923912944,0.111758090017739,67.5315004973155,0.0759572256306524,85.033687845416,0.374913471057391,48.0389710051568,0.313240674207569,0.345045696995944,0.377385784464605,6236
1,"Alabama",2018,0.360472469622093,0.00832919903437135,28.8414753491109,0.116742073159255,67.4387998952994,0.0762573332073173,84.8679839018066,0.390633944497567,48.1762737810472,0.32200126910405,0.344147539494659,0.376797399749527,6134
1,"Alabama",2019,0.357662938670222,0.0078052236419424,28.8405049440247,0.11307064751546,67.4350601438013,0.0688555492474126,84.8603634610387,0.375806902976429,48.3752173939034,0.299429098130506,0.342364981440734,0.372960895899709,6509
1,"Alabama",2020,0.387325794505356,0.0090516527034702,29.3168913885958,0.128767118606058,67.3332835113468,0.0776956413932691,85.938169929156,0.404843389231476,48.469027814667,0.335673923738363,0.36958488120599,0.405066707804722,4965
1,"Alabama",2021,0.397279728051449,0.0100458204292397,29.3191816994976,0.145764537576901,67.4038939098276,0.0862313839476168,86.176080756096,0.476588011663478,48.810162769876,0.380227813637281,0.377590281814982,0.416969174287915,4241
1,"Alabama",2022,0.380835160943479,0.0102769294951177,29.0813621559319,0.143021134430295,67.3441490086064,0.0914824196265885,85.2738602984596,0.459775321756641,48.8610180244949,0.406811377931508,0.360692749261391,0.400977572625567,4200
1,"Alabama",2023,0.390041922169952,0.0101926198203771,29.1751588731173,0.140652153279789,67.6307588857239,0.0894898131977645,86.3080514464434,0.463909995211848,48.9852695458627,0.393002436041643,0.370064754413904,0.410019089926,4069
2,"Alaska",1991,0.130393733501495,0.0126983740515301,25.372373081122,0.175198027595111,67.8137283169862,0.147824020866079,75.7181435413857,0.664840909475464,38.5885588486108,0.52848065735912,0.105505377698278,0.155282089304712,1471
2,"Alaska",1992,0.114909732580885,0.0112334542264508,25.4126900892425,0.158516807009975,67.4811762804705,0.14397058060651,74.8533949965752,0.526499843288862,38.8037726491368,0.555310024183865,0.0928925668750623,0.136926898286708,1467
2,"Alaska",1993,0.132789384982566,0.0134206112478372,25.5071280909453,0.17557144288429,67.4658791594909,0.154051904992945,75.1852015332141,0.625899756657841,38.4528418023416,0.545542537766218,0.106485470286292,0.15909329967884,1466
2,"Alaska",1994,0.126547256810151,0.0118288682494511,25.5539944616564,0.162615710908209,67.5140843358289,0.166410907450108,75.5209578031978,0.631769617300766,38.4523238855739,0.529262446774711,0.103363101063358,0.149731412556945,1468
2,"Alaska",1995,0.188698705409805,0.0150571168448107,26.2544239972568,0.190339755954491,67.5473771728786,0.16063506011612,77.6988978225046,0.714607221859106,39.6210797725307,0.544515923020483,0.159187298682965,0.218210112136646,1467
2,"Alaska",1996,0.157464653200554,0.0145840970943003,25.80115401218,0.179789400399327,67.4968094392105,0.165730720540581,76.2423211405796,0.670363256755222,40.6737321163304,0.59139295650493,0.12888034814869,0.186048958252418,1451
2,"Alaska",1997,0.192619937964119,0.0150314406744857,26.2202328290372,0.182143106810667,67.5560557749539,0.166438443426685,77.3906842741456,0.614734785204599,40.8646060154548,0.563384409678773,0.163158855606376,0.222081020321861,1458
2,"Alaska",1998,0.204891040544722,0.0129782209475684,26.5756930216075,0.162260222972119,67.6623728620672,0.129594229436255,78.9346548446133,0.62112105241266,41.2935541028078,0.481956993104375,0.179454194904084,0.230327886185359,1865
2,"Alaska",1999,0.192214313782951,0.0120103439425352,26.6793092455754,0.143908551501705,67.5626785844132,0.131498848548424,78.8761245767566,0.532773292332392,41.294924554772,0.500145693544178,0.168674472213644,0.215754155352259,1971
2,"Alaska",2000,0.206708676931853,0.0127617828666959,26.6019397963705,0.146505765171779,67.7679599604868,0.132808299339247,79.1387124062964,0.531628192972695,41.7997570901831,0.453137685391645,0.181696042134608,0.231721311729097,1995
2,"Alaska",2001,0.220034799030469,0.0110262053253506,27.0888893872315,0.140668188157561,67.5788095921864,0.125939313184064,80.1204825619776,0.506378083485601,42.2698888328186,0.46614288471366,0.198423833706638,0.2416457643543,2684
2,"Alaska",2002,0.235469075906308,0.01359719981323,27.0895855499607,0.163552417322206,67.5006404381754,0.11769490070447,79.9827291454694,0.549855625404916,42.0542032633416,0.421226374113389,0.208819053981783,0.262119097830834,2550
2,"Alaska",2003,0.237352547990391,0.0119531024578298,27.1253586693534,0.145032886843713,67.5858313711853,0.114333237913616,80.2401357854995,0.515982655921211,42.8281960297501,0.427861310752154,0.213924897669527,0.260780198311255,2517
2,"Alaska",2004,0.237659615736776,0.012108503856941,27.2008469941338,0.152730390754805,67.6984684276686,0.118152361401144,80.7507420936478,0.557002356289542,43.6802722091143,0.426564556965314,0.213927384270507,0.261391847203044,2486
2,"Alaska",2005,0.271612650798176,0.0126603106766853,27.4334468623489,0.16574498991661,67.7476681226042,0.123034940349139,81.5186317988101,0.544944721156488,43.330215128542,0.478582222934704,0.246798897838785,0.296426403757567,2666
2,"Alaska",2006,0.262545348135664,0.0138413763900776,27.5178261208497,0.178890284172708,67.5460288633504,0.129075691825649,81.2718812379929,0.611998180106436,43.4316146545527,0.519742494619573,0.235416748914649,0.289673947356679,1983
2,"Alaska",2007,0.284211593248617,0.0140232710780663,27.8120560735826,0.174849639965649,67.5064456691694,0.128952030905518,82.0780178950689,0.608150314282179,43.6547405703649,0.547209579428709,0.256726486990165,0.311696699507069,2401
2,"Alaska",2008,0.269731778077755,0.0132343898494597,27.619096084797,0.181819557322844,67.6709406353122,0.15079540370708,81.9074898156818,0.682943938350626,43.5183257920584,0.541212971367235,0.243792850615452,0.295670705540058,2515
2,"Alaska",2009,0.25094907522166,0.0130523211797514,27.2467763130667,0.181182544619607,67.4677578593167,0.124891417877138,80.3009737831866,0.596237113478516,43.34952115588,0.571583089566634,0.225366995794698,0.276531154648622,2294
2,"Alaska",2010,0.25217952880846,0.0155102221409733,27.4800529526522,0.172987290530841,67.5654159142062,0.155960518229982,81.2163524516987,0.634025058462158,43.9592677377764,0.595885697260232,0.221780052019936,0.282579005596983,1850
2,"Alaska",2011,0.274081254266218,0.011255156196625,27.7499803265316,0.150277137279011,67.509778725371,0.105518494690232,81.9096383469247,0.522830030483021,43.8122105390048,0.404498646118582,0.25202155348046,0.296140955051975,3310
2,"Alaska",2012,0.254523439999786,0.0091932470256843,27.498806396413,0.129558523690617,67.528934132866,0.0933513140256376,81.239469551369,0.437474776827103,44.3885239564818,0.36164579522235,0.236505006928465,0.272541873071107,4066
2,"Alaska",2013,0.281164529259221,0.0098948592387466,27.814691967198,0.128453361628158,67.5073847575064,0.0894147964289856,82.0928840155844,0.432884312153509,44.7217841892274,0.341610011230501,0.261770961519184,0.300558096999258,4390
2,"Alaska",2014,0.29529520555893,0.00990939921792462,27.8419699456713,0.131254818103818,67.4809276345189,0.0880405230705704,82.0847425870313,0.427499805024736,44.6627517534953,0.362974541409765,0.275873139983368,0.314717271134491,4137
2,"Alaska",2015,0.297554584494178,0.0123380783440584,28.061458689907,0.163305731782459,67.6001108802769,0.116316336139222,83.0304671028654,0.563480563338778,44.5779976986218,0.472578817911217,0.27337239530139,0.321736773686967,3430
2,"Alaska",2016,0.31181914135234,0.0149102544994583,28.1579777529545,0.194666177989313,67.5812453062853,0.135604892651698,83.314392914026,0.686268633496774,44.8557157371073,0.521260264296987,0.282595579533075,0.341042703171604,2736
2,"Alaska",2017,0.338657747387186,0.014704005553709,28.3193807906081,0.201899433451127,67.6120945461091,0.131677290548782,83.8110216349299,0.641121211861372,44.6560725282263,0.506240669999915,0.30983842607344,0.367477068700933,3029
2,"Alaska",2018,0.294415723565165,0.0132420487044901,27.79848012667,0.178654558765147,67.6201904805962,0.112624002380162,82.3112338690045,0.584582347258609,45.2841030479869,0.453156457858351,0.268461785022839,0.320369662107491,2598
2,"Alaska",2019,0.30368852963437,0.0143731437538845,28.2025832766076,0.204676537329476,67.6227524972106,0.129059864754867,83.4838553875565,0.660975941723128,45.7282853211691,0.517970111572559,0.275517685532139,0.3318593737366,2725
2,"Alaska",2020,0.316692321283099,0.0128144828856804,28.1650973061173,0.172060951547776,67.6340722315362,0.126746391378667,83.3707210236072,0.569761622315558,45.7395131593566,0.470847089189853,0.291576396346661,0.341808246219538,3333
2,"Alaska",2021,0.33208958527333,0.0101369821791088,28.4005356416716,0.139653525476361,67.5342448709892,0.0924116465964099,83.7992413336702,0.453821026496064,46.3442330964631,0.381911551060184,0.312221465290352,0.351957705256307,4997
2,"Alaska",2022,0.320087900381207,0.00900174254500678,28.4379403583081,0.134743295125577,67.4458501258447,0.0815044262816265,83.7135735657929,0.422603304528367,46.330837236821,0.323601439148066,0.302444809194892,0.337730991567523,5261
2,"Alaska",2023,0.348895544423454,0.00941338284889596,28.5121454862689,0.128033045265624,67.5482967263279,0.0804755545527458,84.2651952162759,0.42281556913834,46.9512681421031,0.347537404074338,0.330445653066931,0.367345435779977,5069
4,"Arizona",1990,0.10392738224569,0.00969941403398169,24.5206175416946,0.126981257293181,67.2264569845872,0.118124026472456,71.8748068147433,0.462064295807891,44.0930854817934,0.593332252648555,0.0849168800679436,0.122937884423437,1433
4,"Arizona",1991,0.108898058057583,0.0093958889316028,24.5780565731533,0.144449062165603,67.2728798446114,0.131224055043592,71.99719379905,0.473566645400821,43.7446283065272,0.576213278710577,0.090482454148903,0.127313661966263,1440
4,"Arizona",1992,0.0937167576224899,0.00979862148619512,24.4314200529298,0.145876495467787,67.3926210200804,0.140455187923187,71.8641447545284,0.513203643180541,43.3110590561054,0.662463959614131,0.0745118124114071,0.112921702833573,1758
4,"Arizona",1993,0.108279932881775,0.010439608609679,24.6187409639905,0.151230193278754,67.2427415542278,0.167396843251015,72.1396360243178,0.545092244584777,44.2281790112391,0.664591655870335,0.0878186759941103,0.128741189769441,1600
4,"Arizona",1994,0.12485495231695,0.0108325557673896,25.0128303198662,0.153596827297826,67.3785726839808,0.139119642726336,73.6813316817112,0.563876459842624,44.6529739581101,0.63000118238924,0.103623533152344,0.146086371481555,1813
4,"Arizona",1995,0.130141512181976,0.0120553961187087,25.2490785131166,0.14729212892775,67.2998642344031,0.142689321248997,74.0917105681525,0.525433814259316,45.0834463369492,0.617952698178042,0.106513369969943,0.153769654394009,1806
4,"Arizona",1996,0.147559629340035,0.0118337088619356,25.4007941746147,0.156010365264192,67.3230509647762,0.127483527818956,74.7115596529659,0.594416293431732,45.4499680348192,0.636592442011392,0.124365986167109,0.170753272512961,1821
4,"Arizona",1997,0.119843867093826,0.0101709480618467,25.2276829690189,0.141800334698607,66.8851868182111,0.127987309203255,73.1223644399797,0.527013041225926,44.9553792413042,0.595779239525364,0.0999091752039791,0.139778558983673,1844
4,"Arizona",1998,0.127733825435449,0.0159912824788916,25.3084774488171,0.204903320738323,67.1577707703411,0.142273247728256,73.9523690230578,0.591440832107315,45.2330439626918,0.585627333500512,0.0963914877102151,0.159076163160683,1829
4,"Arizona",1999,0.11609516516725,0.0110621376650979,25.3617263935348,0.147191159522225,67.2740625093308,0.131921345382606,74.3950941743085,0.545468441357635,45.4285845412456,0.622679170817884,0.0944137737516342,0.137776556582866,1653
4,"Arizona",2000,0.191153090680512,0.0153133456957278,26.1800793402056,0.220237766994471,67.2975417740712,0.174802346855806,76.9462223460175,0.848389981998825,45.738979954845,0.639149148061102,0.161139484634074,0.22116669672695,2477
4,"Arizona",2001,0.185315213786605,0.0101240570485105,26.2368672750411,0.130026330095088,67.2850252984596,0.113351817813896,76.9395604614656,0.468510137122955,45.7916318608572,0.451682037164877,0.165472426594096,0.205158000979114,2982
4,"Arizona",2002,0.196837127464721,0.0112309759899656,26.4074570003659,0.148277116079057,67.3876592367901,0.116925689570952,77.7951076572517,0.549478137028706,45.6540664680004,0.489812835562794,0.174824819013154,0.218849435916287,3055
4,"Arizona",2003,0.20178942451746,0.0106857001650351,26.3447058808705,0.154627769634781,67.4244237934299,0.119365444333167,77.627736383056,0.551141978159346,46.2001146519736,0.497344360548371,0.180845837044398,0.222733011990523,3019
4,"Arizona",2004,0.209468423824478,0.0120105169534528,26.4151725083039,0.146276464118583,67.2412433072636,0.127719096066261,77.386308212043,0.543782261767164,45.7474383323673,0.535262322559076,0.185928243160003,0.233008604488953,4400
4,"Arizona",2005,0.211627306129574,0.011888590277291,26.6153572012776,0.166329099321373,67.0909760749148,0.127440348888877,77.6464689614127,0.580592885301501,45.7783077689867,0.537761559517684,0.188326097359131,0.234928514900018,4358
4,"Arizona",2006,0.23150981846092,0.0127657181915555,26.8636270179673,0.149596471979199,67.187157708863,0.131273736469678,78.5554214052647,0.545190010670394,45.7363969736725,0.533404339551571,0.206489470568683,0.256530166353156,4401
4,"Arizona",2007,0.256833465584935,0.0142584453733547,27.2131253349831,0.160584869562008,67.1649234667999,0.121003970581311,79.5020758178022,0.539965384886072,46.6708344834925,0.517898122230632,0.228887426177628,0.284779504992242,4360
4,"Arizona",2008,0.253058541105142,0.0126492708189367,27.0681311316922,0.156602686907803,67.254484879158,0.129071984869002,79.3188611200732,0.532625129864359,46.2248860522561,0.538260047075841,0.228266425869333,0.277850656340952,5679
4,"Arizona",2009,0.260794556596714,0.0128293591489969,27.4134332966622,0.173944422093086,67.3094618424586,0.121752525381385,80.3681098042958,0.544027658291705,46.6180046603549,0.534471043085795,0.235649474719951,0.285939638473477,5168
4,"Arizona",2010,0.254070235011835,0.0111526222115297,27.2572530618678,0.132643732717787,67.3839322268558,0.1080315003393,80.1976262368363,0.48322203895816,49.8617011433745,0.357134195838011,0.232211497144055,0.275928972879615,5446
4,"Arizona",2011,0.245845800745137,0.0108646972172989,27.1533678999176,0.153224491072931,67.176393492957,0.0973062403806116,79.2600899745424,0.474552166983214,46.2292860356215,0.40902635031238,0.224551385496299,0.267140215993975,6099
4,"Arizona",2012,0.261819160341904,0.00893897959375494,27.2527169360779,0.120982968309592,67.21681815991,0.0871715873927663,79.7483058143271,0.400372105054632,46.8932674219216,0.331852886232807,0.244299082279606,0.279339238404202,6884
4,"Arizona",2013,0.265900535884674,0.0129234363098209,27.1963009550843,0.160272057199133,67.0809157352816,0.116872595730218,79.2127998052903,0.520193104163903,47.0424635386826,0.472607983946511,0.240571066160928,0.291230005608421,4025
4,"Arizona",2014,0.288330558703055,0.0064223310869495,27.6801049682923,0.0891508437044588,67.0133272486131,0.0597709606021184,80.445299263293,0.285593573151313,47.3953572452382,0.254768941699969,0.275743021075842,0.300918096330268,13831
4,"Arizona",2015,0.282598355381676,0.00800697498576223,27.6639715006593,0.103445915643041,67.0806463144269,0.0747794666337177,80.5818092296861,0.345541413192274,47.3492662739634,0.325570693827427,0.266904972784469,0.298291737978883,7144
4,"Arizona",2016,0.287730040616069,0.00777095085723039,27.5954505125105,0.106061608549862,67.0893910764814,0.0727127524627489,80.4856208324836,0.361010158453134,47.5818493832524,0.313263281714252,0.272499256810267,0.302960824421872,10024
4,"Arizona",2017,0.292037309851943,0.0050154987645723,27.8020689342091,0.0705729974486304,67.0764538434423,0.0491016585735949,80.9923231869727,0.234763281270117,47.8551659011953,0.200437445507156,0.282207112908877,0.30186750679501,14141
4,"Arizona",2018,0.293007236418058,0.00885117064949826,27.8206518220566,0.12969408571216,66.9094227968637,0.081009518119957,80.6065808315081,0.410536007611346,47.7743136634886,0.341040300015628,0.275659260724023,0.310355212112092,7440
4,"Arizona",2019,0.31058180612135,0.00889795968787451,28.0304118945982,0.121365535805439,67.1023781790845,0.0806505209035582,81.7318040082509,0.408913806498542,48.3565420716862,0.33658413588646,0.293142125597227,0.328021486645473,8164
4,"Arizona",2020,0.306637343452205,0.00704326877377294,27.9040478936437,0.09190854872992,67.2142068750085,0.0682658952095986,81.5819376163616,0.304786731474604,48.3746316083934,0.282618845447264,0.292832790322174,0.320441896582235,9153
4,"Arizona",2021,0.311357480519374,0.00666356958688094,28.1189833513747,0.088515479776187,67.2857173123624,0.0612561648964278,82.4059960931782,0.30181457425392,48.4323955946063,0.26877505319455,0.298297124120611,0.324417836918137,9670
4,"Arizona",2022,0.330082604168192,0.00822760203239615,28.2356776066044,0.112147443756196,67.0621490038193,0.073588940658846,82.1463268057494,0.361257645141131,48.8638578318168,0.319544126528646,0.313956800505567,0.346208407830817,9165
4,"Arizona",2023,0.316622722862867,0.00698919726321746,28.1444230024586,0.100990563396007,67.0409812474434,0.0654418541879011,81.8527667599461,0.325481086887967,49.0542931989173,0.279797637147643,0.302924147946115,0.330321297779619,10972
5,"Arkansas",1991,0.129059530399218,0.0107885535106062,25.2018714088902,0.148193226931826,67.4239642994981,0.129029050545407,74.2025994479024,0.516297055759402,45.8459616096665,0.605108066139971,0.107914354073147,0.15020470672529,1253
5,"Arkansas",1993,0.159623657386564,0.00948916265594007,25.6664246139146,0.121463640419242,67.243691086726,0.106981623973389,75.2481749041053,0.430437660312957,45.6919306577407,0.518383850619499,0.141025240337479,0.178222074435649,1693
5,"Arkansas",1994,0.164299609264256,0.0102093280332414,25.6507308767753,0.132019381185803,67.3089917184127,0.112498315666721,75.3759714312418,0.472153444158897,45.6095031981515,0.567632020481782,0.144289694012747,0.184309524515764,1557
5,"Arkansas",1995,0.172431901276364,0.0104533919109669,25.760147002347,0.132674407378415,67.4734654949306,0.110864459018976,76.0732574822184,0.482808273307011,46.4435139071313,0.518176924802734,0.151943629614587,0.192920172938142,1714
5,"Arkansas",1996,0.17185983617297,0.0104004309620287,26.0117851858829,0.130148984369172,67.6018279479572,0.129038100959701,77.1959409553551,0.516315794672036,46.3733156363861,0.541153536686594,0.151475366063699,0.192244306282242,1679
5,"Arkansas",1997,0.172254468472008,0.0119154386141728,25.9965287374932,0.158000817813299,67.3213148963317,0.125138926463127,76.3267849384948,0.526692140211349,46.1710955766618,0.518979529714514,0.148900637928232,0.195608299015785,1681
5,"Arkansas",1998,0.191410870210751,0.00895851725196677,26.0897590833676,0.10890437146049,67.5947275603515,0.0932184981410574,77.3213165047502,0.39691487971212,46.5074251945996,0.401793604334073,0.173852499042016,0.208969241379487,2792
5,"Arkansas",1999,0.218303430929531,0.00873777441753971,26.6040393416218,0.113897364178131,67.5410904215386,0.0892074434832921,78.6269641993829,0.39542285333687,46.5599544129638,0.386124154100183,0.201177707766118,0.235429154092944,2871
5,"Arkansas",2000,0.224783992517162,0.0090586741198278,26.69194519806,0.112649772264715,67.4759730026702,0.0880518282005296,78.7549231569212,0.395649661375111,46.6209630213366,0.390072023685946,0.207029317494615,0.24253866753971,2859
5,"Arkansas",2001,0.224114922917763,0.00882489151993905,26.7840072280171,0.116541366886811,67.4576928631259,0.0899846095181783,79.0305371377895,0.418629065051538,46.8242611489097,0.390690597333484,0.206818453371209,0.241411392464316,2761
5,"Arkansas",2002,0.238485466107968,0.0082561427058122,27.0160549534875,0.108290265055036,67.5519578459372,0.0804990973159312,79.8685566118072,0.386352392901487,46.2605955163293,0.331929580347829,0.222303723753353,0.254667208462583,3710
5,"Arkansas",2003,0.249958621865008,0.00798429778178796,27.1142311519777,0.10126038944766,67.6020304564603,0.0783274356860081,80.2861890978804,0.354949565625276,46.637687919224,0.34518978132475,0.23430968577086,0.265607557959155,3967
5,"Arkansas",2004,0.259039207144784,0.00846044208299536,27.1894488817112,0.107634888538049,67.445539170689,0.0844236744196299,80.2445584134182,0.412473494203136,46.623889891707,0.348657690961713,0.242457045368826,0.275621368920742,3886
5,"Arkansas",2005,0.280843766643217,0.00781702083761517,27.5563514344,0.100603189544386,67.5517273976802,0.0743234101806096,81.4444941833213,0.351577637698016,46.7090307311616,0.335018622758164,0.265522687335092,0.296164845951342,4964
5,"Arkansas",2006,0.269972235464345,0.00754151446965665,27.4457805724266,0.0984028415916685,67.4608039251837,0.0736919160115474,80.9336278346763,0.341250660390634,46.822610017205,0.334051671278988,0.25519113871493,0.28475333221376,5271
5,"Arkansas",2007,0.294446091743709,0.00831482323277811,27.8331396818297,0.111702644643331,67.5631165615464,0.0767320492925984,82.3736520841035,0.400473589136715,46.9349002153352,0.35437778410042,0.278149337669647,0.310742845817771,5400
5,"Arkansas",2008,0.296352901164393,0.00894642677429325,27.7559956883164,0.125333278932928,67.5355382033584,0.0858473468449545,82.0067591894709,0.421904301857078,46.9013087221507,0.400156998736596,0.278818226896453,0.313887575432332,5332
5,"Arkansas",2009,0.313089377594231,0.0112750949040676,28.0352729205045,0.142433380347665,67.6069452084734,0.10289893744694,83.0858770181351,0.515413473263027,47.5457911275349,0.455015607604744,0.290990597659988,0.335188157528475,3770
5,"Arkansas",2010,0.308738640840365,0.0120322771751203,27.9662141707522,0.168228111971994,67.489693808102,0.110317000456212,82.5043460965403,0.564699118156932,47.3697683485559,0.522527573182725,0.285155810925126,0.332321470755604,3809
5,"Arkansas",2011,0.306866669751455,0.010872566359316,28.0850248998109,0.159533862059589,67.3179049739184,0.0988767846960518,82.4258909713264,0.536177516181142,47.0809876783505,0.407669097371325,0.285556831267674,0.328176508235236,4480
5,"Arkansas",2012,0.342647734897385,0.00941086587414579,28.5575837387256,0.133599792335062,67.3186326227156,0.0808809311919135,83.7849213167659,0.434486709250305,47.5527230691811,0.325632310931883,0.324202776720722,0.361092693074048,4903
5,"Arkansas",2013,0.344739402725968,0.00992534878615648,28.5959420785476,0.139925944755231,67.3680022488444,0.0855240232968434,83.9741739651795,0.456601861718065,47.5157444037661,0.346783652841797,0.325286076571103,0.364192728880833,5014
5,"Arkansas",2014,0.353370636844333,0.0107040990913753,28.7835405135601,0.151619378630025,67.1639943504667,0.100902943602166,84.013801848814,0.505244132235906,47.7638191559409,0.38904261940715,0.332390988138289,0.374350285550376,4875
5,"Arkansas",2015,0.342132170939483,0.0119744913245452,28.5452108467323,0.161769805145919,67.4470623507277,0.101401832509079,84.1087768405638,0.549844946617969,47.7092813918621,0.45598976274192,0.318662599210187,0.365601742668778,4799
5,"Arkansas",2016,0.354822493250131,0.0124282438048089,28.7752618282405,0.185510561639514,67.4830787352231,0.113737956323082,84.7587331954743,0.601688656732269,48.0842846838523,0.487708623143716,0.330463583001623,0.37918140349864,4847
5,"Arkansas",2017,0.348864608458,0.0124631752878022,28.9456736279882,0.18810552887884,67.3486641469712,0.114468784140527,84.9157961841779,0.600833933250465,48.1281168588383,0.479622919504573,0.324437233760898,0.373291983155102,4870
5,"Arkansas",2018,0.37056534545131,0.0102258570320229,28.9780221507532,0.141355049986483,67.4443773579979,0.0901609500303988,85.263806384447,0.461564471859098,48.3307496168056,0.392163857893784,0.35052303395749,0.390607656945131,4959
5,"Arkansas",2019,0.37175753315121,0.0100423298421928,29.0910736567724,0.150042257707362,67.2122695227317,0.0977864290964735,85.032850989307,0.486863460806053,48.2582443321037,0.379070429413507,0.35207492833964,0.391440137962779,4912
5,"Arkansas",2020,0.363187648818954,0.0100549431239714,28.6884596091554,0.14102017740684,67.3381830703268,0.0882604113247548,84.1546399695631,0.45729977724231,48.3749238095697,0.392344390826516,0.343480322429371,0.382894975208536,4688
5,"Arkansas",2021,0.383745987204058,0.010694908511091,29.0936425201812,0.155554254873119,67.2816306858724,0.092736927611079,85.2068011136602,0.506760873611423,48.4269984119353,0.405402831207602,0.362784351704369,0.404707622703747,4770
5,"Arkansas",2022,0.371404234198188,0.0094202389778923,28.9945308311744,0.13733606465156,67.3999369138367,0.0821645594176717,85.2525515897623,0.449274001042975,48.8205592655083,0.369219191796956,0.352940905075759,0.389867563320617,4641
5,"Arkansas",2023,0.398334686819141,0.00924489865319414,29.3023381215565,0.134855557549468,67.2932201662486,0.0787703355876791,85.8481099058779,0.432269517540777,48.9795088417367,0.36574396733385,0.380215018418157,0.416454355220124,4890
6,"California",1990,0.0942852862417117,0.00674893007454077,24.6014874300935,0.0868270437337627,66.9412334484632,0.0898745593390679,71.4907452269195,0.325855585940551,42.3327745097342,0.418424009817667,0.0810576263614326,0.107512946121991,2649
6,"California",1991,0.101238908873204,0.00637922297888528,24.8911249368924,0.101434475814884,66.9479061509556,0.0852341890783051,72.3015180789093,0.335918169250338,42.6536922516651,0.381153668434372,0.0887358615852382,0.113741956161169,2904
6,"California",1992,0.116235513665471,0.00581216344787011,24.9503264627783,0.079702844185615,66.9500937788636,0.076770721542456,72.4555736540522,0.27509805493778,42.0338399092105,0.335629039816128,0.104843882635385,0.127627144695556,3838
6,"California",1993,0.124897019189449,0.00656263962935549,25.1995374665389,0.0912641529915316,67.103106820027,0.0788017534064986,73.5432806382663,0.324588937014373,42.6926722242174,0.350975919661048,0.112034481872397,0.137759556506501,3576
6,"California",1994,0.133559620093606,0.00650114896219494,25.2816835433065,0.083503045365924,67.0706016998087,0.0780747969581156,73.7524175357267,0.3070007592477,42.6862001462625,0.327260403649349,0.120817602269574,0.146301637917638,3831
6,"California",1995,0.144940836782553,0.00987362774787232,25.5738177217994,0.142958289744484,66.7838743236745,0.107963460027561,73.9065717370321,0.578058987637494,43.2536641654125,0.378448176553731,0.125588881999968,0.164292791565139,3836
6,"California",1996,0.141004190227828,0.00648301178764824,25.5336826136692,0.0850230963258013,66.8683063996383,0.0751841421686823,73.9897901719855,0.303655213853903,43.6951488656447,0.306593772997303,0.128297720612689,0.153710659842967,3824
6,"California",1997,0.154181385505977,0.00672499012174007,25.6887320602098,0.0839975922939038,66.730898021099,0.0737019765901096,74.0962795151686,0.290842728102086,43.9314943301165,0.303045023789814,0.141000647070979,0.167362123940975,3949
6,"California",1998,0.166278838869837,0.00693413566259684,25.9373200382453,0.0927720124939548,66.7609473342592,0.0729424207036219,74.8156045168356,0.30229158888936,44.2450057822311,0.304107886798511,0.152688182707232,0.179869495032441,3988
6,"California",1999,0.18084176527529,0.00708199368600998,26.1540120079771,0.09000431386995,66.7634460753703,0.0744843640227734,75.4678023816466,0.302256858196155,44.3086316956986,0.304393786626604,0.16696131271197,0.194722217838609,4091
6,"California",2000,0.191252515066712,0.00800800562049788,26.3725642089364,0.103334351300306,66.7988354631394,0.0796739026696308,76.1819912633506,0.326794915659711,44.3041066473088,0.324776824539484,0.175557112462542,0.206947917670882,3734
6,"California",2001,0.217947180329681,0.00821658135971471,26.6357082913072,0.0982048195661563,66.67564852932,0.0791933603714291,76.6672686873672,0.324042736378886,44.6146997351277,0.315074856840347,0.201842976788597,0.234051383870765,4062
6,"California",2002,0.191245879576722,0.00757112966958226,26.3955175265325,0.095784352715137,66.7892983420798,0.082913637699476,76.2859185455077,0.333017774302035,44.0238124851406,0.335484494764167,0.176406738102059,0.206085021051386,4028
6,"California",2003,0.231035128135792,0.00798469818087954,26.822804753195,0.0992715943912588,66.7997446741872,0.0764559535910672,77.538583540585,0.335393161180391,44.5113146070971,0.3213612614383,0.215385407273846,0.246684848997738,4263
6,"California",2004,0.221866745668003,0.00785753138851383,26.7951429887446,0.0939079105559532,66.6460180953191,0.0837960653308106,77.0746246093804,0.323806703238065,44.4090996924179,0.334670805393434,0.206466267139123,0.237267224196883,4258
6,"California",2005,0.226710222882516,0.00734465842185751,26.8446056057557,0.0949775434583736,66.664170110543,0.0733993282845209,77.262515873793,0.326531911592249,44.6143036123525,0.304523346455906,0.212314956896926,0.241105488868106,5849
6,"California",2006,0.233109036728369,0.00756853641513487,26.7816451338481,0.0973901669390713,66.6235119635565,0.0794800581675837,76.9432465557806,0.328983719130287,44.725497802429,0.329793712766452,0.218274977939025,0.247943095517713,5407
6,"California",2007,0.233167174224472,0.00804527392830748,26.8263739113087,0.0958702332824047,66.4274258947995,0.0825536905581824,76.6423994298363,0.325836372052554,45.0100688746057,0.329521471918209,0.21739872707923,0.248935621369714,5416
6,"California",2008,0.242598259441194,0.00562696186885243,27.0245823145759,0.0726543588951322,66.5285110535415,0.0567573396021374,77.4604704136736,0.246781734504014,44.866256932557,0.238565408775681,0.231569616835863,0.253626902046525,11039
6,"California",2009,0.253142078006659,0.00497607917425327,27.1530655154842,0.0650386004749684,66.4830763622765,0.0505627752871572,77.5618289790839,0.210969491820973,44.9636669453012,0.205779099219192,0.243389142040903,0.262895013972415,16293
6,"California",2010,0.24586219041084,0.00465324788046818,27.0709377193017,0.0600705732866426,66.5740195299794,0.0463466607485067,77.6537181406779,0.199342644256795,45.0755766659357,0.196678098193492,0.236741992153985,0.254982388667695,16696
6,"California",2011,0.236656496142139,0.00459146746459757,26.9943879208681,0.0622213353484459,66.5872173176671,0.0473079530017268,77.4597068567335,0.207997768219513,45.2608920491376,0.18424219306129,0.22765738527534,0.245655607008937,17075
6,"California",2012,0.247743132104859,0.00534160208064482,27.0829184097224,0.0739960421471539,66.5382277282712,0.0528637601609194,77.6444471249437,0.243557978600879,45.5273642805243,0.21483094401861,0.237273784407051,0.258212479802667,13626
6,"California",2013,0.240472468289586,0.00574094415693476,26.9836192919989,0.0763438100387724,66.5987923164078,0.0574399168443734,77.4970807440499,0.260973520818471,45.9828706403662,0.224814331432069,0.229220424504738,0.251724512074434,10662
6,"California",2014,0.245624456076799,0.00612187965745191,27.0329653733038,0.0842204235333941,66.5730347016299,0.0657990552268231,77.5587498578255,0.282616411768198,46.0819848908735,0.248195022356122,0.233625792430505,0.257623119723093,8017
6,"California",2015,0.239926004741112,0.00513844941213539,27.0516315378051,0.064488559150897,66.5149025961744,0.0524069047356447,77.4731109310445,0.219330479621335,46.1715396248361,0.211214102218702,0.229854828956946,0.249997180525279,11438
6,"California",2016,0.24779564243662,0.00547238740158475,27.1235309362438,0.0737898556775335,66.5950994230137,0.0549151106587587,77.8220454581938,0.246844113825039,46.2104673129574,0.225728953372482,0.237069960220063,0.258521324653177,10335
6,"California",2017,0.249516514083931,0.00657117972557239,27.0579896509015,0.0863342388621201,66.6161811912941,0.0604786842648889,77.7461783390925,0.290358638205132,46.4773051136812,0.269506851458553,0.236637238485869,0.262395789681993,8471
6,"California",2018,0.256746782350871,0.00547684354099713,27.297947381773,0.0738015147419158,66.5633732217085,0.0543196226538351,78.3221322964839,0.250343135716755,46.7759212675412,0.238922351093801,0.246012366261556,0.267481198440186,10842
6,"California",2019,0.260229021256216,0.00539944680086924,27.3358377298115,0.0740320489782386,66.515688693524,0.0548087389099866,78.2251509834809,0.243536853057107,46.8545524840855,0.221180357676811,0.249646299990072,0.27081174252236,10537
6,"California",2020,0.299457478448147,0.00991392186011789,27.7526974962932,0.138914793009589,66.7064220149895,0.0943131643438166,79.7889311024524,0.435591458722979,46.954041555904,0.360776541463497,0.280026548656772,0.318888408239523,4340
6,"California",2021,0.274115962456826,0.00750086417542663,27.4715235605549,0.101597331859391,66.399965312521,0.0747800187788091,78.369494581915,0.334417835743706,47.3038669424368,0.311970731295803,0.259414538820063,0.288817386093589,6135
6,"California",2022,0.278849986357774,0.00679852056942732,27.4488835427416,0.0957167566844417,66.6812972823614,0.064321873620541,79.0409518092014,0.309582941770025,47.5809300980526,0.264733061011798,0.265525130893542,0.292174841822006,9447
6,"California",2023,0.273673401699746,0.00650521790032789,27.5662360779281,0.0871146572557474,66.6694979088166,0.0629851984914614,79.3272718246009,0.290972271948261,47.6842089250653,0.25330586146716,0.260923408903518,0.286423394495974,10517
8,"Colorado",1990,0.0665953632715808,0.00673664626935086,24.025788762688,0.103356381484676,67.4844076613535,0.108298409874907,70.9432964723814,0.388805762583049,41.110794500588,0.49788997584085,0.053391779207067,0.0797989473360946,1685
8,"Colorado",1991,0.0831503441542877,0.00710190777718576,24.2314264064283,0.111264591685311,67.3708689701754,0.108899448171115,71.3190553237377,0.406631309442176,41.2026453343589,0.47930975110747,0.0692308606894787,0.0970698276190966,1755
8,"Colorado",1992,0.0761525655292638,0.00674830577781235,24.2903260207245,0.102382312305288,67.5207419586694,0.10742660733792,71.8405873570346,0.393298066334904,42.3786586667855,0.480172541168606,0.0629261292480881,0.0893790018104396,1738
8,"Colorado",1993,0.108133767070542,0.0081636807494057,24.676880576174,0.121983492962757,67.4528271665531,0.105894267540099,72.7797860114849,0.421621214953404,42.6561674292536,0.495491296066242,0.0921332468204237,0.12413428732066,1737
8,"Colorado",1994,0.106511898960195,0.00843787552091369,24.7846723933848,0.123814452160866,67.3717761242384,0.106326678499693,72.9327669540113,0.432820712769517,42.5987163415872,0.485215783025058,0.0899739668331724,0.123049831087218,1739
8,"Colorado",1995,0.10070937865322,0.00752692698597745,24.9018051385474,0.109448113170622,67.4750605516223,0.107859262468858,73.418478482616,0.395305084624318,43.3482773709489,0.425029314420379,0.0859568728464419,0.115461884459999,2358
8,"Colorado",1996,0.0990285385898319,0.00755773244060646,24.8111963198367,0.116478518712442,67.3320947746822,0.112772084333792,72.9177854876104,0.431796218458585,43.7417956160602,0.461988545572977,0.0842156552014533,0.113841421978211,1750
8,"Colorado",1997,0.111865729933909,0.0082775201204116,25.1139153185328,0.119570815456888,67.4311846660957,0.110535015186619,74.0036583628757,0.433945148276693,43.9241866012393,0.434235180165824,0.0956420886165971,0.128089371251222,1763
8,"Colorado",1998,0.141205476482423,0.00972508411626762,25.4674429025794,0.120207663527771,67.4113023428001,0.10952253770273,74.9804831792767,0.422876838716432,44.0897962709497,0.437843852193853,0.122144661867916,0.16026629109693,1744
8,"Colorado",1999,0.142239374120691,0.00922395485053732,25.3375495760271,0.11823456459123,67.3669354029778,0.111277164568273,74.5514541219822,0.436359433027575,44.6380685737231,0.437895311604999,0.124160754818614,0.160317993422767,2943
8,"Colorado",2000,0.137074490816833,0.00889186039783779,25.3722696424648,0.112711123510528,67.3495921862026,0.108595422759487,74.5923568745786,0.422738894698202,44.5428165196127,0.460480126859622,0.119646764681513,0.154502216952153,2895
8,"Colorado",2001,0.149843983616255,0.00894467666999156,25.6883978365528,0.116946714914751,67.4897694779271,0.104119449387954,75.830787494561,0.423932838249439,44.8769515296202,0.424781236708532,0.132312739489716,0.167375227742794,1905
8,"Colorado",2002,0.164515464076137,0.00751707021482462,25.9018872017692,0.0912825512564288,67.4296340788917,0.0823869108571956,76.3064277589526,0.318323535933877,43.8913874749232,0.320285705318273,0.149782277185822,0.179248650966452,3838
8,"Colorado",2003,0.158896440288293,0.00673720075186075,25.7529908291985,0.0850692322431139,67.5085932553529,0.0765036669352224,76.0840965379601,0.310004153969527,44.3453263666057,0.315741657425545,0.14569176945803,0.172101111118556,3855
8,"Colorado",2004,0.1670029531547,0.0068673055302077,25.9151816592348,0.088815689266347,67.6229024293253,0.0757624026849841,76.794069709302,0.323831629242449,44.1910412653234,0.300766898673075,0.15354328164466,0.18046262466474,5647
8,"Colorado",2005,0.17860252687653,0.00601662224222188,26.1477190422561,0.0824886096083165,67.5078507385289,0.0661065772619777,77.229406078763,0.290682555473597,44.3551935542272,0.273659108500695,0.166810163973192,0.190394889779867,5643
8,"Colorado",2006,0.182206296446438,0.00610830026708947,26.1662866584415,0.0857408109068507,67.6072591348851,0.0681077293001102,77.5215366302115,0.296180670882567,44.5095710241242,0.285158953396752,0.170234247916186,0.194178344976689,5723
8,"Colorado",2007,0.192424438044198,0.00467639140849756,26.3102537778978,0.0617696040605541,67.4562535868479,0.0516661974890572,77.6046583126132,0.221534971983301,44.6077131168439,0.222793856228026,0.183258879305931,0.201589996782466,11249
8,"Colorado",2008,0.190308558110877,0.00494632293796786,26.1978644323395,0.0643527883843638,67.4813745278003,0.054340410856045,77.2961860821362,0.224059571098114,45.0524330277453,0.235435333904782,0.180613943296556,0.200003172925198,11085
8,"Colorado",2009,0.190255589178167,0.005285209140924,26.2523573943122,0.0691957468322598,67.5222367027232,0.0605688323831043,77.5343157916095,0.248221893468904,45.2127061065039,0.25562175028046,0.179896769611194,0.20061440874514,11279
8,"Colorado",2010,0.215498424274574,0.00619434731003632,26.5867861471252,0.0839313901500006,67.5519591666451,0.0636748184640132,78.7011135865967,0.312028121547479,45.3193324076574,0.283375318938492,0.20335772663917,0.227639121909977,10984
8,"Colorado",2011,0.206109896265518,0.00526231799442725,26.4767415415073,0.0741264037646135,67.4557110060347,0.0529596143306146,78.0612154319701,0.254237280541357,45.713542808129,0.215042734275718,0.195795942521243,0.216423850009792,12860
8,"Colorado",2012,0.2038488109109,0.00502411754105354,26.4543247686638,0.0688076328663288,67.4305065918427,0.0525087662864923,77.9486738810042,0.237610444897895,45.8754067528959,0.203313464280676,0.194001721476339,0.213695900345461,11568
8,"Colorado",2013,0.212306241588172,0.00478814972763007,26.5388655799097,0.0618953297006946,67.4620419057744,0.0487826521583316,78.2250663989167,0.215289817825999,46.11462475266,0.186643207188358,0.202921640569431,0.221690842606912,12919
8,"Colorado",2014,0.212122206471756,0.00471666034691589,26.6036095894407,0.0634279751270554,67.4092464748453,0.0485747543813394,78.2982982264454,0.219643426771157,46.2709657437541,0.199793254313771,0.202877722064493,0.221366690879019,12560
8,"Colorado",2015,0.19943295713278,0.00545558120827415,26.4826070806434,0.0757472140168647,67.4332085412197,0.0608364605258296,77.9726363069074,0.256184802224559,46.3712657136436,0.236214677121654,0.188740214449829,0.210125699815731,12167
8,"Colorado",2016,0.221218263424018,0.00475567315674499,26.7041084999807,0.0642569351394167,67.4884631152085,0.0486053468531449,78.7397400661673,0.216761166212334,46.3167360536864,0.195523091059749,0.211897315314554,0.230539211533482,13634
8,"Colorado",2017,0.225297298260546,0.00543548551655401,26.7884274783354,0.072579803645986,67.4033904617737,0.0544736439740084,78.8234747060392,0.248911300167486,46.5718143525211,0.216626203414696,0.214643942409611,0.235950654111481,9059
8,"Colorado",2018,0.227650029721325,0.0055000726693594,26.8881622714733,0.0757993417896051,67.4459513107734,0.0552052292163944,79.1650683828756,0.254009302594694,46.5673948363859,0.221702454472208,0.216870085377027,0.238429974065622,8230
8,"Colorado",2019,0.23711801499584,0.00549785019522536,26.8814823682348,0.0735808987522597,67.4282902040432,0.0550357921162687,79.1499684600079,0.25404585785181,46.7825091499773,0.217210195954664,0.226342426620802,0.247893603370878,8638
8,"Colorado",2020,0.239750661280705,0.00532077391067733,26.9192472891419,0.0708959810249846,67.4724255039692,0.0533006968928662,79.3493820607199,0.239613229868474,46.7568963065156,0.212454338931119,0.229322136045897,0.250179186515513,9197
8,"Colorado",2021,0.250077452251166,0.00543707963645552,27.1388555386944,0.0743194053245554,67.3697528332545,0.0519710199486826,79.7066679438621,0.244516216227123,46.9801164951561,0.216855630177434,0.239420971982637,0.260733932519695,9294
8,"Colorado",2022,0.248784671806576,0.00586331670466289,27.1398246373087,0.0817633877944942,67.3005597958946,0.0599757799735238,79.6227829432287,0.278844642398367,47.1243832030329,0.25335696265851,0.237292782235485,0.260276561377668,8378
8,"Colorado",2023,0.246041988541077,0.00608177431296955,27.0171446714513,0.0826758429167926,67.3353737153631,0.0603657425395891,79.2634549554131,0.276631711300476,47.4160857706237,0.254419772914549,0.234121929925556,0.257962047156598,7945
9,"Connecticut",1990,0.111578441876511,0.00848001940535293,24.8492807926114,0.110295369610752,67.0253650712356,0.108948105835966,72.4110777682043,0.403421314614749,44.736627963845,0.475407098630253,0.0949579092538184,0.128198974499203,1790
9,"Connecticut",1991,0.109838530124013,0.00860240642733617,24.8663895524053,0.121825135873358,67.2915136169207,0.114861876079876,72.9486031809353,0.424757387635555,44.5394880529683,0.547625346183832,0.0929781233460583,0.126698936901968,1664
9,"Connecticut",1992,0.101077615091421,0.00831798368554121,24.7720837062237,0.11291198451278,67.090017914693,0.10739468459433,72.3325078076456,0.426445472646809,44.0696315311208,0.482923203856514,0.084774666643768,0.117380563539073,1654
9,"Connecticut",1993,0.105300676404842,0.00849752830789738,25.0023794900574,0.115647108250948,67.1111478318577,0.113022480699307,73.0730583002365,0.442112890918333,44.9246813320498,0.49952924789323,0.0886458269637533,0.12195552584593,1650
9,"Connecticut",1994,0.115372547484824,0.00913337281765951,25.0164770219906,0.118869742501263,67.0995858886643,0.113004341979494,73.1222815765128,0.454485991953057,44.3750624471358,0.4907237335396,0.0974714657048344,0.133273629264814,1644
9,"Connecticut",1995,0.118254507216031,0.00894358048477855,25.0269612141495,0.114660359584479,67.0878175396822,0.112049409179363,73.0734701361909,0.426414438703568,44.8467861780734,0.515265909398677,0.10072541157303,0.135783602859032,1783
9,"Connecticut",1996,0.132329923553707,0.00924266567897683,25.4261203232866,0.12008065384504,67.0271026406933,0.110513651083322,74.1370480175737,0.456270229085219,45.5703801178883,0.490478976931628,0.114214631701768,0.150445215405646,1704
9,"Connecticut",1997,0.144039369879481,0.0101047230247928,25.6212811626955,0.120922174284904,67.1377651923049,0.106467511256688,74.9096776021852,0.437887869440342,45.6688360409781,0.504730092865914,0.124234476677135,0.163844263081828,2065
9,"Connecticut",1998,0.147116017614952,0.00845952119688306,25.5580918895633,0.110088781057691,67.2020503689221,0.0947866066629234,74.9062285485703,0.410955384778234,45.8708776032389,0.442158771701274,0.130535660742608,0.163696374487296,2865
9,"Connecticut",1999,0.145090030206994,0.00820395649826985,25.8072526913185,0.110857139732771,67.0203265052739,0.114721935511406,75.2220696904579,0.447356102774255,46.0264539776455,0.432733487059816,0.129010570939651,0.161169489474336,3249
9,"Connecticut",2000,0.170316218961264,0.00721577162461213,26.0204011249161,0.0940694472253799,67.1116679170249,0.0782582871801045,75.9416825864634,0.326529137675847,46.1242751367137,0.341077689131774,0.156173566456358,0.18445887146617,3623
9,"Connecticut",2001,0.179493792088023,0.00551343744594218,26.1507910695877,0.0692412556164936,67.1743986119878,0.0581810501820481,76.5080282099763,0.24638794467684,46.4994647383349,0.256372687937913,0.168687653262961,0.190299930913084,7131
9,"Connecticut",2002,0.18205485541117,0.00693164221366588,26.1134163524998,0.0937104352943821,67.1388469497642,0.0728624872385499,76.368349088477,0.330953157077808,46.5310946150687,0.307549681065495,0.168469086318668,0.195640624503673,5070
9,"Connecticut",2003,0.191438856801152,0.00659595202939875,26.2696753954423,0.087010649130497,67.1351115860802,0.0679851199996179,76.759334079122,0.296579555682638,47.1575204839939,0.303233409562149,0.178511028379777,0.204366685222528,4881
9,"Connecticut",2004,0.197804110624468,0.00630650929939405,26.3950090804395,0.083619629073227,67.1324726643311,0.0658693017158186,77.1766850249224,0.307045548457814,47.2032038096957,0.295405028624123,0.185443579529489,0.210164641719448,5558
9,"Connecticut",2005,0.200869569597617,0.00730971047373404,26.5386166703724,0.0971812254313909,67.1902306457535,0.0848367256497486,77.6757579116148,0.346871618554066,47.3111754280598,0.378786069841359,0.186542800331683,0.215196338863551,4841
9,"Connecticut",2006,0.204945937517263,0.00607672753573829,26.6192217407662,0.0789813453151065,67.0155673917767,0.0621167637355964,77.5043584324923,0.281624269311855,47.3118197493382,0.283557133672726,0.193035770403353,0.216856104631173,7792
9,"Connecticut",2007,0.217443734230999,0.00721723505583766,26.71146564394,0.0859508908393185,66.9996279740891,0.0720790767562475,77.7712329289538,0.312189931183142,47.6960287663344,0.308307682720638,0.203298213453597,0.2315892550084,6987
9,"Connecticut",2008,0.215888657375033,0.00769031653455167,26.7609397799951,0.100640399687666,67.0591102966455,0.0822690963002157,78.1151378852118,0.371868032827039,47.469521143803,0.367165520698013,0.200815913937599,0.230961400812467,5769
9,"Connecticut",2009,0.211257327885354,0.00743571670426595,26.7215676063235,0.0986048938796394,67.1386685244304,0.0798228040208881,78.1300931415162,0.356805765313362,47.4802355752453,0.3782242477981,0.19668359094575,0.225831064824958,6022
9,"Connecticut",2010,0.229651918547448,0.00794006522926399,26.9458177231477,0.108568375909335,67.07119059769,0.0826287777862179,78.5964895775123,0.385814277905469,47.4662023828628,0.382308370151544,0.214089676663192,0.245214160431705,6314
9,"Connecticut",2011,0.244432648734909,0.00782715400268794,27.0763000612211,0.110857364823212,66.8639599093371,0.0764531053491646,78.4001591539186,0.365517392798176,47.7103753417762,0.337630992097901,0.229091708788193,0.259773588681626,6368
9,"Connecticut",2012,0.255070252134546,0.00671789424264089,27.21163286304,0.0898601688794135,66.9622194058935,0.0644801761691742,79.0662740255543,0.310086044019433,47.7861020561209,0.288513040649882,0.241903421367021,0.268237082902072,8236
9,"Connecticut",2013,0.248555645721608,0.00740026765699047,27.2439942732848,0.0978302900618612,66.8816619535878,0.0764616419910205,78.887888747151,0.315164105747746,48.1216027709706,0.313721096751844,0.23405138763795,0.263059903805266,7302
9,"Connecticut",2014,0.261640843534621,0.0071470316782154,27.262093693394,0.102690169325162,66.9126361416127,0.0714300401088628,79.0487854957662,0.336993277635507,48.2047063122621,0.327468684554683,0.247632918848952,0.27564876822029,7234
9,"Connecticut",2015,0.251081433570264,0.00589753277097437,27.2709731333745,0.0820148092017495,66.8377719188172,0.0597392472886521,78.8858403349856,0.270369079826185,48.204212274577,0.263487135755976,0.23952248174151,0.262640385399018,10890
9,"Connecticut",2016,0.259120917690898,0.00616415482333729,27.435854833923,0.0853193600930869,66.9724446608512,0.0617924237918877,79.750978450541,0.29501905054499,48.6053286869015,0.269078327073718,0.247039396242028,0.271202439139768,9949
9,"Connecticut",2017,0.266988817050544,0.00631464200358674,27.4483876885732,0.084581678740913,66.8438388798103,0.062126576501185,79.5090808011401,0.299289674839561,48.5356072929846,0.27285479288756,0.25461234614825,0.279365287952837,9495
9,"Connecticut",2018,0.273383104422591,0.00623173721988865,27.5415313254808,0.0814714665752628,66.9424169823969,0.0591150029971061,79.9575054811985,0.278041858197593,48.7275745489373,0.266879682685845,0.261169123910491,0.28559708493469,9712
9,"Connecticut",2019,0.28950054598802,0.00697673426415699,27.8176525649151,0.0946130449157733,66.9354808604769,0.0673092141051509,80.675643281791,0.319916151914141,48.9351794134448,0.284739037953054,0.275826398100565,0.303174693875474,8249
9,"Connecticut",2020,0.290359220456629,0.00792166591877579,27.7545243638088,0.110840883014243,66.7827670695864,0.0750835705104283,80.0861713220818,0.354217814048996,49.0722819540735,0.332493235649065,0.27483304055827,0.305885400354988,7917
9,"Connecticut",2021,0.301726490146145,0.00775533665321008,27.9084912750103,0.109422009314717,66.836425789143,0.0749600198337542,80.7011193772393,0.35841641574204,49.2193173741736,0.330423561425313,0.28652630961787,0.31692667067442,7065
9,"Connecticut",2022,0.303666511926705,0.00778822307245305,27.9315449996579,0.104087052100031,66.8260121666404,0.0754092932289701,80.7904230177084,0.358651631024678,49.5945185468262,0.326111197646815,0.288401875201134,0.318931148652277,8198
9,"Connecticut",2023,0.291442947376614,0.00777101908690707,27.8872220134568,0.104435153525926,66.9771322570979,0.0753253851963356,80.9803188045616,0.362429940899841,49.4053759032762,0.332256802810735,0.276212029843102,0.306673864910125,8319
10,"Delaware",1990,0.137078839014931,0.010212043234823,25.2072178398703,0.132182382454422,66.9458011763606,0.121434189789733,73.2889053227716,0.481524917983163,43.4616256344672,0.556895187762342,0.117063602066112,0.15709407596375,1453
10,"Delaware",1991,0.148106494182568,0.0108325918071248,25.5719766517907,0.141852881073232,66.9550780356934,0.116234979641144,74.2278161779734,0.468080962543217,43.4994102449178,0.553574601319075,0.12687500438138,0.169337983983756,1438
10,"Delaware",1992,0.126838247976297,0.00955052743611369,25.2428043368498,0.133662450758599,67.2519946103855,0.124169594288406,73.9916050622608,0.468221678732718,43.2829509386316,0.58776937779149,0.108119558168153,0.145556937784441,1439
10,"Delaware",1993,0.132663844247278,0.00848892185671169,25.311011401283,0.115025703176421,67.1164439316816,0.100986994554453,73.9689723369298,0.427716975896208,43.6423819591967,0.460985576991096,0.116025863140548,0.149301825354007,2026
10,"Delaware",1994,0.14890741575213,0.00908568408477311,25.5285097231822,0.114805422656657,67.2219709224461,0.0976058198632094,74.7868061702296,0.403988007449644,43.8257797253257,0.462265924587656,0.131099802171066,0.166715029333195,2005
10,"Delaware",1995,0.161637047620157,0.00914125604537011,25.8078717283322,0.120289517901183,67.1630214707692,0.103722030397055,75.5070976701355,0.421105122714266,44.3052740288519,0.472062278411538,0.143720514997773,0.179553580242542,2008
10,"Delaware",1996,0.170706711257815,0.00918180767346914,25.9773895205637,0.119231933481979,67.2693288829233,0.10139771153064,76.1295817559331,0.419959020949503,44.9737784554803,0.491983166552428,0.152710698904842,0.188702723610788,2011
10,"Delaware",1997,0.183326543207316,0.00870334615885535,25.9838779154182,0.112734095961323,67.2173641199601,0.0971932630661175,76.0608084850045,0.407071748999487,45.053921799134,0.447353497156913,0.166268298190974,0.200384788223657,2444
10,"Delaware",1998,0.16402471369221,0.0101773013575098,26.1244852378344,0.147854721795478,67.3748756361759,0.11717780158182,76.9073039150165,0.561907267326649,45.1543271383787,0.483185669120136,0.14407756957168,0.18397185781274,2466
10,"Delaware",1999,0.170046244870304,0.0102005437360811,25.9288458927543,0.130031635152874,67.3776799031274,0.118962905075435,76.3324600395191,0.478301712518039,45.3239993789384,0.504101849636579,0.15005354652486,0.190038943215749,2420
10,"Delaware",2000,0.162780802677379,0.00911714400547296,26.098151705589,0.121606527436959,67.2152415335543,0.106725205801897,76.4319815191991,0.447185039275048,45.126549945651,0.473109256988838,0.144911528784787,0.180650076569971,2577
10,"Delaware",2001,0.207540062148405,0.00902278604742432,26.671445587948,0.119579231041349,67.326768450568,0.095905688346711,78.4044660610315,0.428632684269246,45.6219840073402,0.39963068853768,0.189855726455243,0.225224397841568,3261
10,"Delaware",2002,0.22661362227647,0.00994863752411262,26.8793355131375,0.133244093443757,67.2571276747681,0.0992876848760643,78.8772190741247,0.489461474871431,45.5730619665831,0.428471472379296,0.207114651033966,0.246112593518974,3757
10,"Delaware",2003,0.239532516810815,0.00912965338260311,26.8780029020868,0.116067419222779,67.3292750115558,0.0913390441842811,78.9078675506217,0.399128581354339,45.9650850245451,0.402595804244431,0.221638724989579,0.257426308632051,3764
10,"Delaware",2004,0.211298280066743,0.00874487441868073,26.5927280592421,0.112659899562838,67.3356495396614,0.0926124541487623,78.2020198909447,0.403795544528902,45.7645259211595,0.418063494222266,0.194158641156803,0.228437918976683,3804
10,"Delaware",2005,0.234483613328463,0.00908562054094282,27.0795733830876,0.111047252028661,67.2805640064177,0.0920940495384152,79.4656180439355,0.404003162853922,46.1516930535819,0.408999437493575,0.216676124291018,0.252291102365908,3929
10,"Delaware",2006,0.261232930400894,0.0104880203741877,27.3947241934332,0.137495065471133,67.3595121458685,0.0928397164173649,80.5570034081209,0.463727759724738,46.2236979817783,0.433539434967449,0.240676788198364,0.281789072603424,3801
10,"Delaware",2007,0.280408690419709,0.0101070656544693,27.5943239625554,0.129159813318428,67.1808474431672,0.104377672411025,80.7927778127559,0.473685798225916,46.4342957404149,0.447658774179347,0.260599205747567,0.30021817509185,3793
10,"Delaware",2008,0.27661197433417,0.0107426109928146,27.4220662157334,0.135387179555797,67.1835071441323,0.111543338100643,80.2704103840003,0.480102426346315,46.3782235187296,0.472181869848681,0.255556843688329,0.297667104980011,3798
10,"Delaware",2009,0.274816177806142,0.0103402337458128,27.4909466077463,0.136551428706748,67.1532673058628,0.0973831618333818,80.307309125286,0.4792664658543,46.6568333463949,0.457774601446279,0.254549692072624,0.295082663539661,4103
10,"Delaware",2010,0.286222086224007,0.0106694288284954,27.5555290367379,0.13828038885027,67.1208700741283,0.0942853992723835,80.4245932001491,0.478583412098342,47.1493178080102,0.471662379783853,0.265310389984542,0.307133782463471,3960
10,"Delaware",2011,0.285634224470758,0.00961863029760364,27.665862132113,0.128399295501546,67.0519864025313,0.0925146235154182,80.6462752752418,0.437910226945525,47.0859956754486,0.400219098687545,0.26678205550685,0.304486393434667,4489
10,"Delaware",2012,0.268437123501083,0.00859903576216565,27.7179691099178,0.114111444756076,67.0600974586549,0.0796804911167236,80.7026943425651,0.379842848380857,47.5306797331206,0.332103554856701,0.251583323105467,0.2852909238967,4903
10,"Delaware",2013,0.309532858096584,0.0090262357447362,27.9453564868338,0.123235722834708,67.0674589897341,0.0846715026946816,81.3781459317586,0.402770337561149,47.7448160049413,0.352361772477108,0.291841761120933,0.327223955072235,4888
10,"Delaware",2014,0.304369692620077,0.010502888289327,28.2055032481358,0.144275376017349,67.0455798030826,0.100753527597446,82.0508732982333,0.498554266389243,48.0109785652816,0.433397350800099,0.283784409839349,0.324954975400806,3977
10,"Delaware",2015,0.29355785795329,0.0107242315843941,27.9932492633681,0.144446194169102,66.9611543914575,0.104338466989268,81.2125477817716,0.479106141200232,48.4212056237742,0.429825172853401,0.272538750286011,0.314576965620569,3684
10,"Delaware",2016,0.303522039029771,0.0104590791018727,28.0705278513321,0.15041187537824,67.1405581524563,0.0990456357338877,81.9681963298721,0.517591474993375,48.506962215148,0.426303355668817,0.283022620678645,0.324021457380897,3695
10,"Delaware",2017,0.31706877239644,0.010796990525404,28.2230188399639,0.14118572080682,67.101207117734,0.0925165388649491,82.2039068781001,0.460403615986614,49.0744975499501,0.408747778196506,0.295907059825228,0.338230484967652,3645
10,"Delaware",2018,0.33397780066204,0.0093510786777377,28.2731308290402,0.119130003636465,67.057529272029,0.0823151779260307,82.3571063277748,0.401488380676656,49.3875028894408,0.377854918168298,0.315650023237074,0.352305578087006,4622
10,"Delaware",2019,0.342499165213207,0.0114468035600286,28.6277474083629,0.15695163930459,67.1030910599939,0.10265922799229,83.414423813633,0.528792835634631,49.4290841870957,0.45869646678975,0.320063842497446,0.364934487928968,3396
10,"Delaware",2020,0.361288387964486,0.0113159163985454,28.6779845635433,0.157218995354317,67.1686025093797,0.106349872327985,83.654450950337,0.515051348602697,49.7467371288131,0.454223261608533,0.339109599371271,0.383467176557701,3513
10,"Delaware",2021,0.336707635906056,0.0110082835219746,28.6487928219754,0.17085502495187,67.1369458302561,0.0990286093827768,83.483071468413,0.52291455681651,49.8037478870795,0.445269406373116,0.31513179667138,0.358283475140732,3210
10,"Delaware",2022,0.37711941761325,0.0115208813961625,29.0369673130806,0.161138017958148,66.9882220813956,0.10083714025522,84.348978169956,0.545627519384971,50.3185177096216,0.432336433850813,0.354538905006613,0.399699930219886,3546
10,"Delaware",2023,0.356503231497945,0.0115952923810791,28.8700338606349,0.159200283881894,66.9866046335383,0.099170521379577,83.8415214687383,0.527019648850882,50.2855199226453,0.46704591995484,0.333776876040819,0.379229586955072,3890
11,"District of Columbia",1990,0.154705249704036,0.0116629528348741,25.4530684257673,0.157526914509205,66.8954964139482,0.134083754907242,73.6692174192292,0.521838245368544,42.6323906456847,0.557139290532681,0.131846282194294,0.177564217213779,1418
11,"District of Columbia",1991,0.15164644429791,0.0115971343592147,25.406060005074,0.154071150590639,66.9919685461714,0.123078365779268,73.7425029169359,0.518124684757364,42.5057539278774,0.568357026606164,0.128916478629977,0.174376409965843,1421
11,"District of Columbia",1992,0.121793144949706,0.00975669306182066,25.1994842710083,0.157134671069627,67.1285206668995,0.129824435725703,73.378461682026,0.514627547826835,42.5354330116622,0.582707482354347,0.102670377940326,0.140915911959086,1414
11,"District of Columbia",1993,0.10627549890916,0.00913139757704632,25.2098312647095,0.12452716362613,66.80272811703,0.132824342686602,72.6995733761644,0.435738382307868,42.2656477622067,0.566729664146184,0.0883782885296329,0.124172709288687,1420
11,"District of Columbia",1994,0.135973669292303,0.0109081068530592,25.3851681867144,0.155661272814831,67.3094586934458,0.134454293652555,74.267054941052,0.513960932003418,42.2666501804388,0.570377548967743,0.114594172720792,0.157353165863813,1343
11,"District of Columbia",1996,0.163414064258587,0.0130661100166362,25.957710899368,0.19494950392184,67.1032964782605,0.137433718333792,75.5050931038543,0.608475628755566,43.9842049062481,0.646456210878758,0.137804959207942,0.189023169309232,1139
11,"District of Columbia",1997,0.134824230889967,0.0100540884162227,25.6265470828805,0.140439112231847,67.1334296311912,0.111596891705635,74.6375866988337,0.445805476920126,43.9887259450265,0.544117956159597,0.115118579696789,0.154529882083145,1471
11,"District of Columbia",1998,0.201630998511687,0.0135397600348508,26.0998475288536,0.232213588079508,67.0404577363144,0.13552735784062,75.8814865704627,0.780218543132102,44.4539026633836,0.515777759478587,0.175093556484064,0.228168440539309,1402
11,"District of Columbia",1999,0.180110912850497,0.0121468723189383,25.9627632085127,0.174368099345085,67.0517587383872,0.134799851393688,75.4594642502035,0.560136035737791,44.6205386629896,0.549725075204475,0.156303480580571,0.203918345120422,1220
11,"District of Columbia",2000,0.212283126029711,0.0113374093448783,26.4502217527595,0.161746937850321,67.0380141554912,0.11789847470392,76.7270323712837,0.504607143627072,44.8195896414523,0.487603993948491,0.190062212035762,0.23450404002366,1603
11,"District of Columbia",2001,0.199893402668762,0.011463146330279,26.3633142206861,0.157214821619857,67.2093095755667,0.124547360322616,76.9195504993185,0.509222751578514,45.0316510318824,0.520200881539378,0.177426048711903,0.222360756625622,1758
11,"District of Columbia",2002,0.207677321559646,0.0136891363359892,26.2219587208167,0.167155258984151,67.3572099082998,0.139196520147181,76.9834683997111,0.65831027405255,43.5322033726873,0.522019700188926,0.180847107361649,0.234507535757644,2227
11,"District of Columbia",2003,0.204300845840128,0.012153811408209,26.2941139076874,0.156762566900603,67.2150030692364,0.128911158861862,76.7880119249104,0.527398103671606,44.0223593396667,0.541292449834193,0.180479813205146,0.228121878475109,1896
11,"District of Columbia",2004,0.222072910739446,0.0107286642252768,26.5250530075518,0.138319141546318,67.4458436926678,0.108926931238236,78.028261141559,0.473618942332992,43.7702750365023,0.456826841028408,0.20104511525568,0.243100706223212,2789
11,"District of Columbia",2005,0.217341198195898,0.0096173714811943,26.6731655358115,0.142063587046637,67.4057411572515,0.105799579197772,78.3872280175564,0.526216318423861,44.2151816762458,0.415862239483954,0.198491496466815,0.236190899924982,3482
11,"District of Columbia",2006,0.225625438551316,0.00882418549102525,26.6541477871015,0.130822220847086,67.2423842479847,0.0936482237313171,77.8710090938543,0.413661671029757,44.518029952424,0.391589693544033,0.208330352796006,0.242920524306626,3699
11,"District of Columbia",2007,0.221182171964465,0.00888429514489762,26.6914016710771,0.131317169668175,67.1748661874522,0.0913172359507471,77.7879873971465,0.424280289721537,46.090413472111,0.3414797980855,0.203769273452441,0.238595070476488,3695
11,"District of Columbia",2008,0.22177666472333,0.00880473893652341,26.7189188989978,0.118453473617208,67.1448085646145,0.0925242524775554,77.7752130580435,0.381719984847227,44.8404961077629,0.37878932675794,0.204519693514467,0.239033635932193,3939
11,"District of Columbia",2009,0.200610474558392,0.00913818330557861,26.4216395548879,0.127962174859973,67.2950679751147,0.0928016657453755,77.2819338378854,0.415997812192271,44.6399083304968,0.378898241945763,0.182699964395333,0.218520984721451,3640
11,"District of Columbia",2010,0.22313330990823,0.00935821225943719,26.7861692842428,0.132838480674864,67.303765237747,0.0922556456686588,78.4719751862332,0.442720659667863,47.5168646667966,0.3339599795472,0.204791550920052,0.241475068896408,3749
11,"District of Columbia",2011,0.234734715389517,0.00985499483553259,26.8409328077647,0.144464641121714,67.2323356944652,0.101845164427414,78.249437425519,0.443949475572062,44.1703733013109,0.407010641823932,0.215419280444045,0.25405015033499,4306
11,"District of Columbia",2012,0.219301731141534,0.0107325827560233,26.3492518956784,0.147169730064316,67.1311901557068,0.111539997882074,76.6941597450939,0.468360267356499,43.3175083568538,0.439648908170406,0.198266255478633,0.240337206804435,3573
11,"District of Columbia",2013,0.22500689403795,0.00977858969413503,26.6689853157633,0.152876021750935,67.2673751482208,0.103791388400425,78.0245950576746,0.495130806713374,44.0132792718751,0.371009790604302,0.205841210417851,0.244172577658049,4698
11,"District of Columbia",2014,0.212585859465785,0.011076489514402,26.6930143636671,0.166727568868527,67.1749743419742,0.114333605658682,77.959292378215,0.565099794393457,43.9298573332341,0.437273964753014,0.190876338942421,0.234295379989148,3780
11,"District of Columbia",2015,0.216628532151326,0.012769435918647,26.5219927135113,0.178913865039585,67.4482987793876,0.13586033234525,77.7879322870916,0.544901646343593,43.6682972142467,0.501109666923968,0.191600897647885,0.241656166654766,3645
11,"District of Columbia",2016,0.22448519920024,0.00870982680488265,26.6169428783948,0.134676246799796,67.4471754632484,0.097167726773503,78.1761961423193,0.417790810410177,43.7071151077728,0.369280523326474,0.207414252351089,0.241556146049392,3473
11,"District of Columbia",2017,0.227499494444121,0.00907088046037343,26.755123207655,0.139284116619609,67.2848368354623,0.0949941804364593,78.2870802492374,0.468255086926759,43.8128946854057,0.372816469481848,0.209720895433721,0.245278093454521,3520
11,"District of Columbia",2018,0.245217819458905,0.00924111807155109,27.0090523845838,0.143204571698711,67.2906910311747,0.0914988599583692,79.0219822774852,0.450162006247019,43.823402634207,0.34972007307999,0.227105560861782,0.263330078056027,4074
11,"District of Columbia",2019,0.235756134666278,0.0107087100804602,27.1264011844796,0.182472819579644,67.1987491617144,0.109975846415886,79.0635559461349,0.547274595752782,44.1531448938666,0.416928585736027,0.214767448587695,0.256744820744861,2362
11,"District of Columbia",2020,0.239087947703648,0.0103871669038002,26.9632336997631,0.150089927074639,67.0960155568059,0.102462009729568,78.4883552764856,0.481971344507929,44.3931376869535,0.40320806126418,0.218729474670794,0.259446420736503,3123
11,"District of Columbia",2021,0.243001092693854,0.011034077130497,27.0818575873756,0.175974039111187,67.3105714632973,0.109413891690761,79.1005854561818,0.492449409619967,44.7328463307067,0.409293617185463,0.221374698915443,0.264627486472265,2816
11,"District of Columbia",2022,0.240209192724509,0.0108954367854581,27.0544270299859,0.181801310523486,67.3019798927284,0.12052653453879,79.0628727613847,0.529500996050574,44.4277651301301,0.421674880693106,0.218854529029179,0.26156385641984,2877
11,"District of Columbia",2023,0.234354581149016,0.011399266260556,26.9365526283272,0.177108616594339,67.3324889853104,0.109886639811209,78.8445616584682,0.504850512825361,43.4846730815199,0.451524829447,0.212012429828144,0.256696732469889,2882
12,"Florida",1990,0.134319097320032,0.00850487173917847,25.1407704162605,0.109053004226866,66.951203514489,0.104889837938222,73.058376013119,0.409475134690164,47.4238887128672,0.478885657088673,0.117649855018109,0.150988339621954,2063
12,"Florida",1991,0.102106945766121,0.00758060641771334,24.8227291199281,0.105606495813437,66.9046918246709,0.105359420583326,71.9854414050759,0.380558483666148,47.4504994580403,0.503260368247302,0.0872492302064296,0.116964661325812,2170
12,"Florida",1992,0.118137398685851,0.00692478745503634,25.0954984906561,0.0949236818471393,66.8947102322298,0.0899872745462229,72.8190668275491,0.345983999047107,46.7135547008778,0.453943843061604,0.104565064673385,0.131709732698317,2616
12,"Florida",1993,0.125767845022772,0.00709686864841926,25.2794507850874,0.0956356245127251,67.0155985411707,0.083325134894664,73.5756644892035,0.330293683720241,47.1807833511829,0.424064404071117,0.111858238068859,0.139677451976685,2986
12,"Florida",1994,0.125939574456276,0.00618457344567929,25.1638688768966,0.0845105821327827,66.979988313097,0.0738217287645486,73.2132421115448,0.304981885838358,47.0635011234601,0.386743491488419,0.113818033243002,0.13806111566955,3464
12,"Florida",1995,0.165352776707442,0.00767638243613344,25.7715007814586,0.097285082432571,67.0178753860617,0.08702365024387,75.0798373510992,0.352082920431975,47.5216974348349,0.391809923814764,0.150307343601064,0.180398209813819,3249
12,"Florida",1996,0.159120945697456,0.0071617902792763,25.7864622146381,0.0933600232853179,66.9636121422503,0.0810233841401783,74.9768024249738,0.333305250417216,48.0001089557171,0.373373387003361,0.145084094685245,0.173157796709666,3439
12,"Florida",1997,0.157432806031249,0.00736687701983057,25.7961185638003,0.100272275699115,66.9649624031697,0.0798608759223435,75.0661892424651,0.359307711780692,48.238600808613,0.386732072171924,0.142993992393845,0.171871619668653,3377
12,"Florida",1998,0.174827710114101,0.00656694373853164,26.0437785165573,0.0860864555932227,66.8557558949401,0.0711126439573904,75.4067213515439,0.297738303521425,48.3522516410624,0.336398712458447,0.161956736898079,0.187698683330124,4523
12,"Florida",1999,0.178242610002579,0.00653060541566208,26.1602708471506,0.0834202558909777,67.0136437584849,0.074702678274141,76.1130757934469,0.286873502281678,48.21584958493,0.308369649589566,0.165442858590639,0.191042361414519,5025
12,"Florida",2000,0.181561729729105,0.00636144785519846,26.0637174805273,0.0854962338097857,67.0186131177513,0.0692851909320622,75.9318171260534,0.306071109267017,48.3377215115859,0.296066220035902,0.169093521043387,0.194029938414824,4943
12,"Florida",2001,0.188099694885928,0.00695578392452601,26.3158691918969,0.0960942091769156,66.9254083650223,0.0730516319284487,76.4170926786744,0.328686936871563,48.7886144751923,0.318728720161209,0.174466608909615,0.201732780862242,4295
12,"Florida",2002,0.194022037607726,0.00632500560531665,26.4148651660356,0.0857881523550255,67.1776704069153,0.0666874167976665,77.295376353818,0.304060616032622,48.0734755421087,0.27391799533826,0.181625254419291,0.20641882079616,5710
12,"Florida",2003,0.198493717106033,0.00885774787088512,26.6055009221898,0.117738626059891,67.1015772407262,0.0966142973258222,77.600680683101,0.402649215527286,48.6463954324692,0.434339772265207,0.181132850294962,0.215854583917104,4691
12,"Florida",2004,0.227516219548624,0.0074247189506074,26.8484062570684,0.0938572543377357,67.0533963507684,0.0742438979053987,78.1244707376316,0.317384011782804,48.2691392625662,0.321834321569711,0.212964037810101,0.242068401287146,6716
12,"Florida",2005,0.22815115760907,0.00710690503862652,26.8841557500233,0.0996764235228886,66.9325177977543,0.0683021720724662,78.0743988542411,0.336700633440104,48.2722108234068,0.308743423750719,0.214221879691816,0.242080435526325,7740
12,"Florida",2006,0.229045425450329,0.006102950077449,26.8790147107227,0.085014004215439,66.86815355701,0.0703957114266072,77.7579609585149,0.26680020694341,48.4294000770558,0.291080444715852,0.217083863099083,0.241006987801575,10092
12,"Florida",2007,0.241763685940612,0.00531247298439912,27.1157349187544,0.069272696435867,67.0096894349429,0.0527133518174409,78.9456483202626,0.25028866167015,48.9327501817717,0.22729553412608,0.231351430222347,0.252175941658876,37058
12,"Florida",2008,0.250878016718427,0.00852082907429273,27.043416538837,0.10685632240866,66.9809715048856,0.0820555592775937,78.7052192879857,0.381313783347845,48.444850619958,0.379464875965776,0.234177498614391,0.267578534822462,10228
12,"Florida",2009,0.264999840673498,0.00836833509853864,27.389097685725,0.102104897243621,67.0585008537746,0.0772543337991159,79.8683061010286,0.354630869145055,49.6192123877596,0.322471673693033,0.2485982052698,0.281401476077197,11321
12,"Florida",2010,0.272647501918925,0.00594013305370987,27.5842911309455,0.0750774725422221,67.1458996357303,0.0547445836119207,80.6440719685525,0.262848811685258,50.9700455898659,0.213497441001137,0.261005055070278,0.284289948767573,33274
12,"Florida",2011,0.265552044873934,0.00641648786171966,27.4188214661916,0.0809291821313479,67.0457922879668,0.059486392263278,79.8454535364448,0.273309921709781,48.8435043378583,0.256424775763905,0.252975959757725,0.278128129990143,11679
12,"Florida",2012,0.25105745821905,0.00794899635275473,27.316981035575,0.109296694778149,66.8781786487419,0.0749043290520121,79.1397132593618,0.367466201603125,48.9764841085742,0.323229071296901,0.23547771165441,0.266637204783689,7214
12,"Florida",2013,0.261396469246006,0.00536561462627288,27.3768395506307,0.0709648453246541,66.9506415827765,0.0537768949714332,79.5391354476955,0.241493944659739,49.2620046365313,0.216507023281362,0.25088005782359,0.271912880668423,32484
12,"Florida",2014,0.260714499635203,0.00638737104888822,27.3879345860335,0.0872088426256828,66.9928165291397,0.0637410322205436,79.5628752423977,0.284659653790375,49.3733879708215,0.258813554798552,0.248195482423489,0.273233516846918,9149
12,"Florida",2015,0.265928276040956,0.00670991250957416,27.4712216026145,0.0915736377503021,66.9816839943694,0.0643649704762578,79.8257029714355,0.305470860769481,49.4831397780381,0.273797308655249,0.252777089182776,0.279079462899136,8974
12,"Florida",2016,0.272260449969202,0.00516635504281631,27.4504531317975,0.0666912470423997,66.9294612109591,0.0495109236580168,79.6411808009556,0.223270320159591,49.6622115212059,0.208828357608611,0.262134580153935,0.282386319784468,33139
12,"Florida",2017,0.281726904865806,0.00756599210910478,27.6848904785542,0.103477985810743,66.9812747552016,0.0731200725861342,80.4508381804658,0.343806555113912,50.1195281500007,0.293325561675462,0.266897832824646,0.296555976906965,19876
12,"Florida",2018,0.304557916219134,0.00803923001792205,27.8841306257961,0.104813870932676,66.9878684255848,0.0743779493219907,81.1091666883245,0.365475685833554,50.3141926278925,0.30989196518216,0.288801314920573,0.320314517517694,13773
12,"Florida",2019,0.268643381421981,0.00724177187012443,27.5052680469399,0.0938216582394907,67.1133092963057,0.0701045299893396,80.2257713257922,0.327927932386539,50.7488613269032,0.30458881958744,0.254449769372282,0.28283699347168,15073
12,"Florida",2020,0.280762398394747,0.00899786445764011,27.6048887029615,0.115841412126782,66.9506879529561,0.0840039794504191,80.1229504891823,0.380649384863375,50.4204334353147,0.365987249487706,0.263126908119999,0.298397888669495,10565
12,"Florida",2022,0.313236559265781,0.00903251346551292,28.0637597880714,0.120435398058199,66.9667679461061,0.0872058752223744,81.4392196559329,0.384246303196195,50.831794181598,0.348814567641541,0.295533158183503,0.33093996034806,11779
12,"Florida",2023,0.299178270927458,0.00852600954430207,27.9897498922717,0.116112259534169,66.9479548634211,0.0834228852490281,81.2626751612793,0.382094871919933,51.4745423424361,0.332944922566717,0.282467599288781,0.315888942566135,11918
13,"Georgia",1990,0.104635373330953,0.00828698129015008,24.8802181301362,0.116553333317447,67.3338899464615,0.0992675466254109,73.0386426936235,0.403947171007727,42.1570451006769,0.459859784193948,0.0883931884617012,0.120877558200204,1756
13,"Georgia",1991,0.0927992435212609,0.00758498917153806,24.9324813280239,0.109603198501132,67.3933590217397,0.108029568830592,73.3085997160468,0.381750468217592,42.2997174962833,0.511771151213871,0.07793293792192,0.107665549120602,1738
13,"Georgia",1992,0.114475771406649,0.00821182394576496,25.3155277122822,0.113400650108102,67.4774359486992,0.111092997069129,74.6655261115373,0.40602935798479,42.0136507836806,0.507623215002604,0.0983808922255661,0.130570650587732,1904
13,"Georgia",1993,0.126100570894184,0.00859192583386625,25.2615805409513,0.118233727501229,67.2375945572184,0.0932542735928041,73.9726755069133,0.406420957162792,42.503683301281,0.434220551676253,0.109260705701967,0.142940436086401,2134
13,"Georgia",1994,0.141969995081291,0.00863632886294416,25.4731874180458,0.121910929508287,67.3106008322169,0.100316558342296,74.7196796495492,0.416906876594752,42.2566514606397,0.437728082272062,0.125043101551277,0.158896888611306,2153
13,"Georgia",1995,0.125471969961468,0.00777661112756067,25.5676325698535,0.103943118905902,67.6077697453943,0.0972335907662719,75.7987728142028,0.390485560594488,42.5264509009186,0.404345084739878,0.110230092229675,0.14071384769326,2320
13,"Georgia",1996,0.111505106171554,0.00786497614185677,25.4941556415568,0.102708353990926,67.7991162068411,0.0918324606773203,75.9410214529304,0.389183729920326,43.2266737367826,0.399702009515577,0.0960900361942477,0.12692017614886,2283
13,"Georgia",1997,0.141259741945709,0.00855743279438255,25.9649577137978,0.118363867920591,67.3393876251488,0.0940401798998846,76.2141126698075,0.398637174084344,43.4102537730895,0.452233651515007,0.124487481868597,0.15803200202282,2218
13,"Georgia",1998,0.185730210315334,0.00936582959246758,26.1740484808803,0.126441229091226,67.4223003079265,0.111680513034431,77.0290257312803,0.440571339240331,43.9791915431901,0.432159816484762,0.167373521628758,0.20408689900191,2257
13,"Georgia",1999,0.205836224600113,0.0101928903798966,26.4853078767474,0.141020742352254,67.5372224095403,0.100413100708444,78.334189134266,0.502338045762731,43.9155349269743,0.464054681703882,0.185858526557151,0.225813922643075,2166
13,"Georgia",2000,0.207377907876243,0.00812374922698102,26.5390982627743,0.105891052105201,67.5275699434003,0.0865646141459209,78.3891470136109,0.372794467397547,44.0765650955898,0.342788120143051,0.191455651971926,0.223300163780561,3848
13,"Georgia",2001,0.226161472534708,0.00812083722593451,26.7394058554162,0.101408300663524,67.5247812664371,0.0812893921541709,78.9752949272454,0.355262086223246,44.071747223432,0.335888849534754,0.210244924047564,0.242078021021852,4199
13,"Georgia",2002,0.233582966319776,0.00807890453452433,26.8599716727048,0.102092415481755,67.460521847797,0.0762828862824046,79.1372694569447,0.351499705243474,43.2982903568734,0.286749667541563,0.217748604397571,0.249417328241982,4752
13,"Georgia",2003,0.25200745922883,0.00709938182504447,27.1204750890008,0.0942266556713715,67.5615723303807,0.0716755691484082,80.1417022183822,0.328236293162764,43.837215597543,0.281086597599534,0.238092926539245,0.265921991918416,7190
13,"Georgia",2004,0.248150487746846,0.00903350364849791,27.0609027368203,0.117175897669933,67.6306248939176,0.083899692850402,80.1088233212849,0.397794076630183,43.5915771089086,0.349802558315513,0.230445145941579,0.265855829552113,4754
13,"Georgia",2005,0.266752777361327,0.00870893743648348,27.320465262072,0.106594916419706,67.5843949812665,0.0810567795300252,80.7818836163597,0.373156623908218,43.9021146344979,0.320990036132115,0.249683573642207,0.283821981080447,5729
13,"Georgia",2006,0.270746202389725,0.00776064446066278,27.3334198119494,0.107694472563224,67.6313093859384,0.0713439224093258,81.0242804613459,0.36956371769225,44.080506003035,0.300513902907446,0.255535618750006,0.285956786029445,7147
13,"Georgia",2007,0.287628052552699,0.00778481069428614,27.7131884144981,0.0954012801757999,67.4868305423534,0.0724341245362759,81.7584090096933,0.337822531633173,45.244144543356,0.262743539554052,0.272370103965436,0.302886001139962,7242
13,"Georgia",2008,0.278896059333956,0.00905601613346832,27.6058085080397,0.113460922197312,67.5651097783066,0.0869659115971188,81.6204910256509,0.409450084563741,44.9016354412031,0.336747998300349,0.261146593868944,0.296645524798967,5450
13,"Georgia",2009,0.275844908920477,0.00953615467842445,27.7106937145048,0.128052333366086,67.3946887702724,0.0923928130068515,81.5530309056363,0.434537727550168,45.4000609042981,0.353371173725113,0.257154389199762,0.294535428641192,5539
13,"Georgia",2010,0.301680982096512,0.00919103153605134,27.7847356826099,0.112724147197774,67.5109716409803,0.080098378039672,82.0021972783681,0.38826018764435,46.9407393363085,0.283116521312737,0.28366689130508,0.319695072887945,5373
13,"Georgia",2011,0.277201443288217,0.00692105423574595,27.5999776725623,0.0972251676879005,67.239134513575,0.0687884573440409,80.7597134772868,0.323015891600361,45.1660325331618,0.2615991523852,0.263636426251106,0.290766460325327,9286
13,"Georgia",2012,0.290697443996283,0.00850881503715654,27.7009486613387,0.110414051221973,67.304058339097,0.0794088353089933,81.2215167115987,0.378117627055692,45.5806208337623,0.289264392882655,0.274020472972343,0.307374415020223,5694
13,"Georgia",2013,0.300139972766867,0.00725548802931437,28.0120098004304,0.103303149257867,67.1948189827234,0.0676024247513548,81.8027477297797,0.336770548462823,45.8946162695098,0.258071761592624,0.285919477539149,0.314360467994585,7594
13,"Georgia",2014,0.302908932673576,0.00821069491564594,28.0178474790794,0.113788673578261,67.2437609317567,0.0756643239297595,81.9964994661299,0.377552318064676,45.9693068481749,0.295590538024175,0.286816266350864,0.319001598996288,5834
13,"Georgia",2015,0.303003644872036,0.00959747591155327,27.9497373416371,0.130855502683113,67.2786691792025,0.0902996763139101,81.9099815602613,0.443582276387222,46.3347035209736,0.360561678923859,0.284192937742901,0.321814352001172,4259
13,"Georgia",2016,0.311964182958132,0.00884460509907323,28.1886418517463,0.128219616777104,67.2064315919795,0.0814394008615921,82.407818429975,0.427877805931092,46.3996317234074,0.320082617761797,0.294629075506469,0.329299290409795,4878
13,"Georgia",2017,0.313057959033517,0.00822849245282397,28.0080503494049,0.1115646391341,67.2603772422023,0.075102860665939,81.9942106165651,0.370595909308247,46.5627683558678,0.297685214726506,0.296930410178922,0.329185507888112,5358
13,"Georgia",2018,0.322194575163865,0.00653996731651286,28.2909222808514,0.0917594026222685,67.2882891315486,0.0601656230044823,82.9153465565553,0.307148934732201,47.04779096771,0.236956254757277,0.309376474763431,0.335012675564299,8220
13,"Georgia",2019,0.32895811130924,0.00951719411506303,28.3599889470121,0.135875101189943,67.2194311654449,0.0860828387635907,82.9190838133195,0.460662763065888,47.0613653804615,0.339843526576955,0.31030475360984,0.34761146900864,6457
13,"Georgia",2020,0.339027495351272,0.00881536182073474,28.4828856761635,0.128524738278624,67.1646179861112,0.079879629058536,83.1891710478659,0.433878618803795,47.0293629313703,0.320266174222438,0.321749703671943,0.356305287030602,8057
13,"Georgia",2021,0.337219126716217,0.00872353024400801,28.551587913342,0.127401100925147,67.1900769585884,0.0844324534204581,83.2969829463958,0.410931959043553,47.2294765340433,0.321452691975822,0.320121321619915,0.354316931812518,7057
13,"Georgia",2022,0.367349221254968,0.00822096285019291,28.775583119692,0.116257011677124,67.2177435660235,0.0748192027761261,84.150811927069,0.391862319814651,47.6741158328613,0.290654474189184,0.351236430150348,0.383462012359588,8002
13,"Georgia",2023,0.346289790279849,0.00838958833237976,28.6005524863447,0.120220983275261,67.1251061426131,0.082220182420159,83.3091113927245,0.400861672260104,47.4356784780464,0.312701283173694,0.329846499303268,0.362733081256431,7351
15,"Hawaii",1990,0.0898742972343459,0.00779726115860731,24.1117969237862,0.119008626077051,65.5284103770538,0.110055047777999,67.2523756216751,0.419211484473607,41.488129183468,0.498482033877652,0.0745919461854225,0.105156648283269,1807
15,"Hawaii",1991,0.103338933527512,0.00800117079990995,24.5243020328951,0.114884217670648,65.5420054802435,0.109357313831918,68.5526814453945,0.430855338123632,43.3587564799223,0.461960384014141,0.0876569269255349,0.119020940129489,1935
15,"Hawaii",1992,0.0944145915348562,0.00833431433325068,24.6081277249243,0.123657258611257,65.563494894369,0.115500596000337,68.8232200124426,0.472117496671192,43.264294676897,0.531409712718074,0.0780796356058489,0.110749547463863,1860
15,"Hawaii",1993,0.100527954791561,0.00839176670889526,24.5669787037937,0.120600312773448,65.695866744441,0.109056491122009,68.9288662506357,0.438495434178099,43.4229263452679,0.516866144703321,0.0840803942754637,0.116975515307658,2069
15,"Hawaii",1994,0.104344947698898,0.00824594598872163,24.6543796617852,0.125270884332695,65.6204682541744,0.109004815642303,69.0940590054498,0.468849402166494,43.4996105353497,0.502502036701121,0.0881831905425409,0.120506704855255,2071
15,"Hawaii",1995,0.104884220425614,0.00818262744657282,24.8579058523898,0.122198326878359,65.7595583451161,0.108508956223427,69.9097108507597,0.456392105929542,43.8612225808648,0.491514972974757,0.0888465653314227,0.120921875519806,2079
15,"Hawaii",1996,0.12440768331875,0.00853776139756812,25.061777081765,0.123633531274171,65.8146872441494,0.109281441647619,70.5282831964502,0.442459308923345,44.6898949260303,0.443809688583714,0.107673978470921,0.14114138816658,2098
15,"Hawaii",1997,0.130703541948571,0.00867277145046906,25.3076467459034,0.120331095534501,65.818831921105,0.107301963038691,71.2288175074337,0.433481906371057,45.0112222472753,0.450874629647791,0.113705222259505,0.147701861637638,2110
15,"Hawaii",1998,0.151229736622445,0.0110470742431955,25.3374600219784,0.144061669723567,65.788751969077,0.123440647669284,71.3506212456427,0.545566184794357,45.2640881710916,0.532939429233046,0.129577868971242,0.172881604273648,2082
15,"Hawaii",1999,0.153348386397055,0.0107127270095725,25.7628123352795,0.165276615092317,65.6970357630233,0.12194372168472,72.2473965371966,0.586320354348612,45.2420999892267,0.537940149022128,0.132351827282083,0.174344945512026,2075
15,"Hawaii",2000,0.151023116610094,0.00695329583340214,25.5928500652724,0.0934326793169439,65.9403288883646,0.0699495885771734,72.3010412906567,0.329835264244865,45.4093312318357,0.306875097876679,0.137394907202774,0.164651326017415,5797
15,"Hawaii",2001,0.178987951735595,0.0085899027335559,25.8899993751683,0.113431523900009,65.9548976489359,0.0872107170416946,73.2315430444977,0.417135451169595,45.7901551519156,0.36688346446209,0.162152051747123,0.195823851724067,4334
15,"Hawaii",2002,0.171504360148632,0.00669717608689839,25.9489553601373,0.0894637733371597,66.1237915546491,0.0666101225401914,73.7448409941327,0.314097456329141,45.8330894438239,0.3087614245015,0.158378136220188,0.184630584077075,5738
15,"Hawaii",2003,0.164249040548588,0.00760909535974383,25.7154974433165,0.104972464356302,66.0077993362277,0.0800627605120171,72.7780812515652,0.367370147732383,46.5579086480134,0.357719252800924,0.149335487688559,0.179162593408617,4090
15,"Hawaii",2005,0.197524811259074,0.00724741081769475,26.2882694300794,0.109308103060042,65.7663792160582,0.0705474951939422,73.8867305597228,0.355766973890761,46.6799176281794,0.322637483133415,0.183320147075226,0.211729475442921,6133
15,"Hawaii",2006,0.205085302509736,0.00731703759754952,26.4675002629709,0.0973650806719543,65.8778969168763,0.0744197514196797,74.6122489705129,0.335264167441923,46.8878100328056,0.32904254238383,0.190744172345013,0.219426432674458,6299
15,"Hawaii",2007,0.216750271253778,0.00745498548274966,26.6866303327588,0.103612457739313,65.8017662092081,0.072604859303953,75.2053169577788,0.38069539801736,47.1221679058195,0.340692356465747,0.20213876820232,0.231361774305236,6450
15,"Hawaii",2008,0.232453306934219,0.007772029731097,26.7313830996889,0.101934294664551,65.9284764285923,0.0710416543536943,75.4886921211188,0.35431230929353,46.814728923078,0.335366232599583,0.217220408574494,0.247686205293944,6272
15,"Hawaii",2009,0.229916937753346,0.00798091208459211,26.8054190487763,0.110317985101341,65.8346507757729,0.0741758774506781,75.5833414449485,0.381862044284764,47.2125517687493,0.342008713244861,0.214274637503765,0.245559238002927,6494
15,"Hawaii",2010,0.229124173714651,0.00836632373671958,26.6930808435169,0.111325289368973,65.7359720073691,0.0759901893146699,75.0018519892744,0.383322795307023,47.1782994054881,0.35446131303708,0.212726480507678,0.245521866921624,6382
15,"Hawaii",2011,0.218626621459983,0.00751388582472882,26.6154156481535,0.102790928046393,65.8492246544589,0.079840652449721,75.0175948024036,0.359598221215448,47.1453813386531,0.335413268941549,0.203899675859568,0.233353567060397,7366
15,"Hawaii",2012,0.235196015042495,0.00806304237108329,26.6344004658985,0.11100924747066,65.8252162047021,0.0749203219340001,75.0064005413667,0.381875576472358,47.534174996406,0.313666698090002,0.219392742389351,0.250999287695639,7333
15,"Hawaii",2013,0.21710651928739,0.00717112286647564,26.4915299031847,0.091272882451612,65.8380979736792,0.069956284111205,74.6849393108505,0.32487410499338,47.78085484891,0.287211622138562,0.203051376740386,0.231161661834394,7602
15,"Hawaii",2014,0.219157720360016,0.00706109236635924,26.6360867504367,0.0938796335892058,65.8418654057428,0.0752326579734756,75.0150345975331,0.327587763547533,47.9316155957248,0.302564252758467,0.205318233630441,0.232997207089591,6900
15,"Hawaii",2015,0.225769444600593,0.00699624831144771,26.6811566316533,0.096755351612495,65.8814142423759,0.0744861443737299,75.2263183663002,0.328128999388954,47.854519965496,0.300950625258074,0.212057049883256,0.23948183931793,6820
15,"Hawaii",2016,0.236973359384866,0.00697087118322058,26.9005992504864,0.103416313436953,65.9726705658843,0.0756560730972862,76.0194735620356,0.341732324785821,48.1063635993715,0.294249093595375,0.223310702924886,0.250636015844847,7649
15,"Hawaii",2017,0.235635659061892,0.0069431110215525,26.9107636541761,0.0944300106709627,66.0198589520733,0.0709919062341201,76.1826396292948,0.325173442243664,48.2115828860892,0.300671236423022,0.222027411518986,0.249243906604798,7309
15,"Hawaii",2018,0.246944899983888,0.00682429554722348,27.0599468734086,0.0946800780733476,65.9700150323276,0.0707849785528143,76.450394827772,0.32877175286628,48.6179224296312,0.300417360703793,0.233569526491473,0.260320273476303,7461
15,"Hawaii",2019,0.248617434187406,0.0067238985280109,26.9664300131378,0.0941960879488042,66.0397153751142,0.0689760604325279,76.4558709773504,0.333639753177922,48.7466063769204,0.280545801039094,0.235438835236802,0.261796033138009,7330
15,"Hawaii",2020,0.243798279004703,0.00687352911416666,27.0161333103758,0.0941999638359668,65.9376558861142,0.067112757795421,76.2986100244279,0.322544059803955,48.9733683641889,0.303090782993216,0.230326409494249,0.257270148515157,7377
15,"Hawaii",2021,0.248235434792316,0.00707291041123956,27.1521269125873,0.0964243586770181,66.0225146033987,0.0697688873057243,76.972346411337,0.341212202607482,49.2515804155397,0.306718562744169,0.234372785120408,0.262098084464224,7303
15,"Hawaii",2022,0.257360943100363,0.00755729232795678,27.0720544368611,0.0982454127229397,65.9673294649604,0.074718747004928,76.4825256486142,0.340213711418515,49.7203379793289,0.31898018826226,0.242548922316927,0.272172963883799,7273
15,"Hawaii",2023,0.259898032337576,0.00770075306062208,27.1415556802592,0.105247743223896,66.0382594860684,0.0786313658777869,76.8358130968885,0.353761276639264,49.9795260045995,0.334308787062257,0.24480483368492,0.274991230990232,7380
16,"Idaho",1990,0.113717827074245,0.00887385049107346,24.8510230713874,0.122286085181298,67.8048306118577,0.104932529680677,74.105447107007,0.457003466185768,43.6381628185977,0.502301484492434,0.096325399707548,0.131110254440942,1719
16,"Idaho",1991,0.117475002924141,0.00847101933434385,24.9402600275244,0.112874933405725,67.6122190668133,0.114139900974316,73.8449819778454,0.422327986797615,43.5953689403824,0.503933281330944,0.100872110116484,0.134077895731797,1691
16,"Idaho",1992,0.122241429093965,0.00847463778742287,25.1215284292141,0.116960782767146,67.5309257608911,0.101885433707678,74.2776647799542,0.421503402167793,44.1580646052095,0.462019969750477,0.105631444248594,0.138851413939336,1730
16,"Idaho",1993,0.131374987808768,0.0107817652477305,25.185070427475,0.123909511579234,67.7335357471452,0.124115197357089,74.9503560065902,0.488660455825757,44.4366380164712,0.539914732826445,0.110243116233451,0.152506859384085,1753
16,"Idaho",1994,0.138667760907834,0.00950912075606244,25.3660182199166,0.128850066621518,67.4844363401118,0.108914818371429,74.8414213215536,0.446855336178012,44.5801022671387,0.532138190126386,0.12003022670131,0.157305295114359,1731
16,"Idaho",1995,0.139946693024359,0.00774383914224983,25.6131582908948,0.0960898966379768,67.4653970845704,0.0888545828796759,75.5986977836805,0.35593272639452,44.9922661653608,0.402771904670454,0.124769047203477,0.15512433884524,2610
16,"Idaho",1996,0.1643325454351,0.00831718465807945,25.7352422056705,0.109948788700961,67.4626417044759,0.0926792176299479,75.9144727056977,0.375401136241497,45.1539879631291,0.398681141503077,0.148031163052495,0.180633927817705,2598
16,"Idaho",1997,0.156037123712545,0.00644484774452388,25.726689109495,0.0878301342657262,67.4920441330964,0.0786310420350081,75.9555688831285,0.327265976836033,45.4075417029331,0.326788375861773,0.143405454247434,0.168668793177656,4717
16,"Idaho",1998,0.160540186898824,0.00625526676195686,25.9066149260134,0.0831406897898939,67.6179232386132,0.0701160590272964,76.8319964317513,0.31341629064319,45.4105364646915,0.305140301788805,0.148280089331699,0.17280028446595,4722
16,"Idaho",1999,0.195948460672765,0.00719653121770589,26.138601067961,0.0847112976883149,67.566542977022,0.0720193953667872,77.3624852991609,0.307301857292669,45.4645819499904,0.307740362153102,0.181843518672443,0.210053402673087,4731
16,"Idaho",2000,0.18463426824338,0.0065827166296809,26.2291309031031,0.0828160447219528,67.6062062288249,0.0710817541820827,77.6853627063184,0.305811812185524,45.5721101780776,0.309282034451113,0.171732380728773,0.197536155757988,4688
16,"Idaho",2001,0.20545718992107,0.00707321236642807,26.6451863810881,0.0886561097835687,67.6930007978999,0.0733206230137683,79.1498167809653,0.325571795693858,45.8751852227815,0.324000485794826,0.191593948427867,0.219320431414272,4489
16,"Idaho",2002,0.201976750065824,0.0068148903611617,26.4573039366198,0.0898276620958191,67.708803971603,0.0713520350287202,78.6330842845209,0.325428008039772,44.5992941300298,0.309995244531312,0.188619810399358,0.21533368973229,4757
16,"Idaho",2003,0.219785440010302,0.00741431706164302,26.7459158763485,0.0945833357684593,67.8533591946055,0.0744853473679177,79.8017223728485,0.343174676888306,45.0504014693122,0.313689584284815,0.205253645599521,0.234317234421083,4658
16,"Idaho",2004,0.208712404016535,0.00690749550534398,26.5798418114474,0.0872165818030879,67.6952853502168,0.0723974161090135,78.9859458793644,0.313313342990307,45.0790727945047,0.325755161209564,0.195173961602689,0.222250846430382,4974
16,"Idaho",2005,0.244410372809443,0.00763653377349655,27.1264923558213,0.105146937323784,67.600280584947,0.0729523754870166,80.3851791635872,0.379084347789839,45.3386234239913,0.348198500266992,0.229443041646666,0.25937770397222,5339
16,"Idaho",2006,0.24049257115757,0.00751703666313215,27.0222408446161,0.0971696548632925,67.571739701178,0.0786604051637017,79.9245482932724,0.340858179815245,45.2543971621637,0.349752519878635,0.225759450027364,0.255225692287776,4994
16,"Idaho",2007,0.250940330189378,0.00813371700534711,27.2502675630925,0.103215673350141,67.6992936443138,0.0849919303167612,80.8601412695399,0.364467267656048,45.5360515077679,0.363156801898875,0.234998537798456,0.266882122580299,4943
16,"Idaho",2008,0.252653745816023,0.00838893683540771,27.2366864353828,0.114675543435814,67.6788734354951,0.0820947518764468,80.7861295111692,0.381288173982263,45.6058039532845,0.378240904013134,0.236211731750042,0.269095759882003,4778
16,"Idaho",2009,0.251131706188892,0.00854131093155329,27.1460860436965,0.12277557556877,67.7404856587432,0.0882792175223803,80.6826755264177,0.431199278181086,46.0162815013755,0.377083637807529,0.234391044382289,0.267872367995495,5080
16,"Idaho",2010,0.268536778435535,0.00829688838302845,27.3334232686903,0.108499634046405,67.7716450972256,0.0811855127017318,81.3476154875614,0.37766734666849,46.4436586542771,0.328951716263712,0.25227517602105,0.284798380850019,6558
16,"Idaho",2011,0.268385627739323,0.00903534586518566,27.3903223921317,0.123216475474889,67.6332908456279,0.083972886345483,81.1383596276085,0.425506767659238,45.8724789034131,0.349923564078759,0.250676675255696,0.28609458022295,5691
16,"Idaho",2012,0.264485661437396,0.0101716120150655,27.3430491159121,0.133368216134888,67.6219442908255,0.102714499234716,80.9967502570208,0.475774093426237,46.3855395381686,0.407439497733716,0.244549668223153,0.28442165465164,5534
16,"Idaho",2013,0.294180303289591,0.00911037813015865,27.6156475275972,0.117268265980308,67.6084741155032,0.0819643755162441,81.7815083516735,0.409135291103057,46.7177249822581,0.341659062684976,0.276324290268939,0.312036316310243,5311
16,"Idaho",2014,0.287654481563235,0.00936440940559934,27.7747185681741,0.12825298798283,67.5227382293823,0.0886934836476429,81.9438540868335,0.411608824359485,46.9487919645594,0.355763392273214,0.269300576391772,0.306008386734698,5116
16,"Idaho",2015,0.284707476797529,0.00892768177802501,27.6549840066261,0.121725248629512,67.6178186839185,0.0806756102495484,81.89350005424,0.410445109668774,47.1672308155386,0.370491807281922,0.267209542047165,0.302205411547892,5352
16,"Idaho",2016,0.272472393499062,0.00939470343787909,27.6367768780231,0.123152208763213,67.5370774389311,0.0893444842012744,81.6870975521418,0.437423082909043,47.2961962908322,0.377140410951227,0.254059113115384,0.290885673882739,4873
16,"Idaho",2017,0.291687629996406,0.0092624370797876,27.85049980575,0.125910259746083,67.5060143697758,0.0882401647156566,82.2029510512537,0.430357867882077,47.3267614352668,0.362638453277227,0.273533586910954,0.309841673081858,4615
16,"Idaho",2018,0.280457231474135,0.0104433734829906,27.6709292009398,0.145223273508237,67.7249986031374,0.0928311999067084,82.2228710859149,0.4971580179758,47.5655103844789,0.401230239134461,0.259988595570373,0.300925867377898,3428
16,"Idaho",2019,0.293160023204318,0.00987903600651917,27.991026598302,0.138493152697797,67.6768898418237,0.0921313371812722,83.0351722176972,0.473055270193383,47.6373241895173,0.393820808261336,0.273797468429566,0.31252257797907,4915
16,"Idaho",2020,0.309936199739197,0.00895475621604972,28.0067536056577,0.116738086982502,67.7358481603285,0.0836693814610648,83.2667370533826,0.408451990769893,47.4889914935658,0.341134644120703,0.292385200065403,0.327487199412991,5372
16,"Idaho",2021,0.313864035928953,0.00727313396128264,28.1748527811607,0.0976367666406935,67.6982335057492,0.0666412723798557,83.5803677568584,0.329795752479662,47.7647344171136,0.289819417194656,0.299608955310104,0.328119116547802,6164
16,"Idaho",2022,0.329148746089772,0.00756730685118655,28.4188253649051,0.101783636406457,67.6570950830305,0.0658553401218353,84.1753930109908,0.327853694128514,47.6746771594907,0.298271818719992,0.314317097201484,0.343980394978061,5684
16,"Idaho",2023,0.307507385402449,0.00789342527271497,28.0895664171972,0.108494857441557,67.6970117813044,0.0710858044085529,83.3248811488581,0.355801175256108,48.1559161784116,0.299413674554751,0.292036556153269,0.322978214651628,6289
17,"Illinois",1990,0.102474192583736,0.00885006956303448,24.8263811872638,0.137081876377431,67.3570502414004,0.121258307670999,73.0644761678511,0.509410138408856,39.0133214564209,0.407050081749256,0.0851283749795139,0.119820010187957,1714
17,"Illinois",1991,0.126569175737696,0.00836333898942156,25.0553768225878,0.116134390098736,67.2890686262065,0.108277206877391,73.5797334645021,0.429642815519621,43.6058307852311,0.489343873185758,0.11017733252793,0.142961018947462,1844
17,"Illinois",1992,0.136484731099614,0.00842420148153396,25.4082882501615,0.11875041436418,67.2456104069096,0.100495972668029,74.531668260967,0.424416417151677,43.7423127759621,0.45005849015731,0.119973599597298,0.152995862601929,2085
17,"Illinois",1993,0.128519477209189,0.00837292835374723,25.2982632814481,0.114353229424264,67.2581677134565,0.104092983216716,74.1673824613819,0.421415640970437,44.2074074157575,0.455085410260969,0.11210883919071,0.144930115227667,2124
17,"Illinois",1994,0.154316767036467,0.00894004115356383,25.6076537629618,0.124297773156439,67.3357036549326,0.103048026359186,75.2928767717125,0.447580589140388,44.0630114259887,0.459673951006144,0.136794608355176,0.171838925717758,2112
17,"Illinois",1995,0.163087599717893,0.00822944859175003,25.7820065473539,0.101734124465087,67.1875679667286,0.0874212892842132,75.442283769992,0.365030894857632,44.652880357798,0.402873945889634,0.146958176865439,0.179217022570347,2785
17,"Illinois",1996,0.16154892631685,0.0078256608400841,25.8297772599003,0.108170899669888,67.2559795519798,0.0872283460832977,75.6017698742533,0.36285518457335,45.1632078881646,0.398026414144583,0.146210912915059,0.17688693971864,2769
17,"Illinois",1997,0.162941696058611,0.0081563514026114,25.934315605713,0.103504445545242,67.0670707401089,0.0858090220463886,75.5999251674467,0.3680455730452,45.2253144260508,0.397256006466266,0.14695554106424,0.178927851052982,2747
17,"Illinois",1998,0.177263262338049,0.00826977410919278,26.102797072192,0.108825833882579,67.1572523092969,0.0888694804295053,76.3122147444852,0.38645920383814,45.3781679789401,0.389145110740945,0.16105480292375,0.193471721752349,2760
17,"Illinois",1999,0.197575771641008,0.00906686724535772,26.4288817001731,0.122377321879252,67.2735611025566,0.0867162961015857,77.6002708674484,0.44577210105294,45.6604066054673,0.387541227340507,0.179805038387501,0.215346504894515,2759
17,"Illinois",2000,0.208179287843783,0.00784288975180913,26.564393419337,0.0966684603101575,67.2635678849948,0.0830997170851297,77.8649960803211,0.342778486374401,45.2698975519096,0.342677479173735,0.192807506395519,0.223551069292048,3575
17,"Illinois",2001,0.211021996046138,0.00759107858773984,26.6670615258814,0.0960008372228725,67.2872925141902,0.0772540146804406,78.1976312003231,0.333495442782303,45.4955116882198,0.323364498229989,0.196143755410355,0.225900236681921,3767
17,"Illinois",2002,0.219150596814896,0.00753975873426951,26.7047484388956,0.0898565332725297,67.2201644552494,0.0704410435538219,78.179683793545,0.30326195969338,45.1611039738602,0.304853339046586,0.204372941243606,0.233928252386185,4885
17,"Illinois",2003,0.236368719155604,0.00718817116229735,26.9962014014068,0.09087333420139,67.2217003095398,0.0678033505979304,79.0291439625729,0.311836959876008,45.3572564620579,0.280211335429863,0.222280162562791,0.250457275748416,4882
17,"Illinois",2004,0.229004455741556,0.00809732777594851,26.8857130840352,0.102379514286463,67.2236279768759,0.08098912657208,78.7730604723011,0.36333303385192,45.2724845107324,0.335417697171778,0.213133984929682,0.244874926553431,3831
17,"Illinois",2005,0.251810819777686,0.00793423021255292,27.0868620856057,0.100108987103617,67.1757309487804,0.0747702550535875,79.175370380657,0.344237048093111,45.4474345765037,0.327670389476745,0.236260014316033,0.267361625239339,4800
17,"Illinois",2006,0.250548536419069,0.00781479973555158,27.1609464251263,0.107142740495304,67.0982721162624,0.0757252589248521,79.2181844992496,0.363022187516384,45.6149607698066,0.340642211150498,0.235231810390995,0.265865262447143,4911
17,"Illinois",2007,0.257574118793968,0.00811752703172055,27.3185521974773,0.103314222892197,67.0871194581987,0.0777362503179894,79.6361315783451,0.338320778468997,45.8931045207751,0.325345887823238,0.241664058168265,0.273484179419671,5043
17,"Illinois",2008,0.267070671005755,0.00889754204405114,27.4678580190289,0.118698996547993,67.2868169494906,0.0821282147914397,80.6339573395092,0.409237798720846,45.8382077314362,0.362642055466498,0.249631809048484,0.284509532963026,4926
17,"Illinois",2009,0.274116456351055,0.00797402987918543,27.5893407705551,0.100907170482722,67.2347619681132,0.0735147903653859,80.8446977201502,0.34831778587271,45.8345805630028,0.3428614667263,0.258487644976206,0.289745267725905,5667
17,"Illinois",2010,0.287215806424844,0.00963085979362217,27.6322197527602,0.134951597123813,67.3171221480696,0.0885847915207617,81.0286471174818,0.431720075415085,46.8185956500771,0.353906065174282,0.26833966808919,0.306091944760498,5050
17,"Illinois",2011,0.2698261312033,0.00877161181022557,27.4876045617432,0.121367412545143,67.218381383726,0.0873902621131604,80.4607944589276,0.425320679181763,46.0021960158615,0.343992547046936,0.252634087968891,0.287018174437708,5335
17,"Illinois",2012,0.27628491549166,0.00867425741175093,27.6043447447089,0.121512361037897,67.13799333488,0.088935378678787,80.5770064056334,0.400228716936867,46.6239169708701,0.333085325187034,0.259283683371998,0.293286147611321,5420
17,"Illinois",2013,0.291152198879951,0.00887143229090288,27.7665872837058,0.119143320855291,67.0872167139602,0.0831747517952931,80.9319186338708,0.408503650716486,46.6876557181947,0.306349940469005,0.273764511098496,0.308539886661407,5482
17,"Illinois",2014,0.291861669614043,0.0087943746710951,27.7534218959211,0.122825219913979,67.0960746885519,0.0816360610703486,80.8705989631826,0.398477243250579,47.0091668937302,0.3323040383293,0.274625011992145,0.309098327235941,4825
17,"Illinois",2015,0.305766884423111,0.00837025134791888,28.0655319429824,0.116692016456008,67.0726847106722,0.0803861738350985,81.7411460000926,0.382660793393989,46.9514258893505,0.308488054506542,0.289361493239642,0.32217227560658,5071
17,"Illinois",2016,0.314325717196301,0.00864764792086705,27.9378280249254,0.11205269264815,67.1067145278307,0.0797705908635157,81.4800487054396,0.380081889088066,47.1023283288893,0.312051380308245,0.297376638720419,0.331274795672183,4511
17,"Illinois",2017,0.309699648159391,0.0081851578246419,28.1440036152265,0.122115098739425,67.1539172042197,0.0810960839048353,82.1556623527548,0.409124633792396,47.3542202566104,0.315287807035158,0.293657033615316,0.325742262703465,5237
17,"Illinois",2018,0.315220199408357,0.00806316073322696,28.0960545025112,0.107534779443612,67.0609605996049,0.0733526127339492,81.7718909401379,0.355734982573358,47.6373365061309,0.302842701830111,0.299416694769675,0.33102370404704,4961
17,"Illinois",2019,0.312805278223109,0.0076150888455459,28.1444800846541,0.102876541089506,67.1262337840578,0.0748078831587059,82.0450895195575,0.338954603456144,47.6200897100401,0.297753818450136,0.297879978346766,0.327730578099451,5174
17,"Illinois",2020,0.322532329949504,0.0111986395074162,28.2939511571545,0.143597595976698,67.260036047553,0.101207894463564,82.8292184060755,0.467704487231141,47.8938527989605,0.3958126780686,0.300583399839121,0.344481260059887,3267
17,"Illinois",2021,0.34076197886957,0.012077673712519,28.5999009498202,0.164904341980228,67.168379632253,0.103512072251741,83.5138750741007,0.540623219072591,47.9187142465214,0.44660506172484,0.317090173376007,0.364433784363134,2809
17,"Illinois",2022,0.331714165220756,0.0097638706086505,28.3410627809662,0.14167136756692,67.0520842894922,0.0907226536435667,82.3973537842416,0.44218176496207,48.5000571000419,0.387206246937273,0.312577330478092,0.35085099996342,3722
17,"Illinois",2023,0.35680976009474,0.0096471360664319,28.8316906389629,0.130094985098702,66.9298016847144,0.0884864725377736,83.5782937301287,0.426368056521289,48.4441477590832,0.362378184443211,0.337901720850576,0.375717799338904,4894
18,"Indiana",1990,0.139015427391252,0.00777022710590869,25.2008648743688,0.107877882896701,67.2357818557783,0.0927515400008587,73.9002891873092,0.39285246572012,43.7707566538843,0.430375246328831,0.123786062111974,0.154244792670529,2310
18,"Indiana",1991,0.148658350319799,0.00836708444023036,25.3747227821789,0.109907209781538,67.2027879559345,0.0976911727400102,74.3553361952171,0.400977533431728,44.0279399994458,0.446965928074086,0.132259166161342,0.165057534478256,2030
18,"Indiana",1992,0.142374973260172,0.00774432927056093,25.4513582971368,0.1046801192855,67.2959101627078,0.0929303372296222,74.7370066389157,0.370955695175574,43.9809362280785,0.450372041034718,0.127196366805453,0.157553579714891,2276
18,"Indiana",1993,0.167268143673618,0.00909194274367722,25.8159516531723,0.122648862107854,67.1071682484953,0.0973134371422057,75.3161877052524,0.418653230483156,44.3769174190269,0.459684346229533,0.14944826334651,0.185088024000725,2026
18,"Indiana",1994,0.171030547730386,0.00872570305988117,25.8895768274213,0.111009585723192,67.2315198034133,0.0953957583045399,75.9124847619106,0.406261313326371,44.3009105843742,0.44678324976329,0.153928483993228,0.188132611467544,2269
18,"Indiana",1995,0.196760078820871,0.00858528976635673,26.3012783003694,0.114904563639333,67.2357433599651,0.0943206042469782,77.119593182407,0.407945713347149,44.9224851125072,0.426450160005772,0.179933220081972,0.213586937559771,2333
18,"Indiana",1996,0.177990036078706,0.00893630717383948,25.9750890492908,0.115114730915554,67.2403504560244,0.0997572504699519,76.1468495295757,0.415378179914309,45.0363417424268,0.424205423623681,0.160475195863194,0.195504876294218,2115
18,"Indiana",1997,0.203842487651778,0.009738042038036,26.4082148464966,0.122153288039571,67.2459229863418,0.104020733344778,77.4611129890091,0.451182643964929,45.3878611567298,0.450378924772807,0.184756275977291,0.222928699326266,2273
18,"Indiana",1998,0.194258716137256,0.00906219795500154,26.356544057514,0.124052782780848,67.3553309401136,0.0934895629892351,77.4752757406644,0.428160729932659,45.2900231582921,0.402796304324595,0.176497134524681,0.212020297749832,2332
18,"Indiana",1999,0.195016719500763,0.0132858337864059,26.3090079126178,0.163926345102807,67.5594476785321,0.155052312770864,77.803832769267,0.600757831922049,45.6142453561332,0.640943227605048,0.168976963774822,0.221056475226704,2319
18,"Indiana",2000,0.212918839273584,0.00880470431788153,26.6311963346457,0.115285166818393,67.4351640509514,0.0899278314016737,78.4678662877394,0.402164269012066,45.3650222650782,0.376461037596457,0.195661935916012,0.230175742631156,2778
18,"Indiana",2001,0.245443485446445,0.00786701962535331,26.9732752457835,0.100419495504616,67.3682755639384,0.0736352644122646,79.3268378049291,0.350820829636334,45.5768690541609,0.3194970394297,0.230024410315082,0.260862560577807,3793
18,"Indiana",2002,0.24171707987937,0.00676799991402435,27.1045371480103,0.0902808367820546,67.3950213280363,0.0654152297042439,79.8146512741392,0.312886981916221,45.2767302023198,0.268822966565882,0.228452043800512,0.254982115958228,5435
18,"Indiana",2003,0.259792400526922,0.00682812097966014,27.2283102619414,0.0879986259786455,67.5323537493981,0.0673006414165179,80.4612351622917,0.30968850771154,45.8609404996623,0.287358264072581,0.246409529324706,0.273175271729138,5140
18,"Indiana",2004,0.252620115855299,0.00633393507551972,27.2301989906744,0.0832268745270628,67.4260485741866,0.0616224450178547,80.1901274546772,0.285624720732706,45.6248468716566,0.265260062851462,0.240205831226865,0.265034400483732,6083
18,"Indiana",2005,0.273385574459613,0.00716073035169437,27.4271043433387,0.0966268212190848,67.4463139220909,0.0677477444632666,80.840039822815,0.327674115694468,45.7966841691832,0.291908208726131,0.259350800867289,0.287420348051936,5249
18,"Indiana",2006,0.277434269026469,0.00697946518228502,27.4922280796647,0.0925799595346038,67.3375009564593,0.0702205157445847,80.7932912506838,0.322509977160058,45.8353649825475,0.305429047180965,0.263754768637839,0.291113769415099,6155
18,"Indiana",2007,0.272634187700374,0.00793345040669367,27.4790667489293,0.109484672283553,67.2916163496003,0.078627014249106,80.6026646726338,0.382970441623814,46.2370573351136,0.35516357011583,0.25708491063012,0.288183464770629,5619
18,"Indiana",2008,0.26818581038482,0.00912783226031632,27.4994323570234,0.129117386906917,67.5308851458955,0.09225434445697,81.2731623432169,0.448139635738363,46.0591598083595,0.427688065883519,0.250295587897677,0.286076032871962,4592
18,"Indiana",2009,0.299916593485768,0.00723126180795304,27.8354565482373,0.0979931750050951,67.4345638216415,0.0741061880823677,81.9139199542781,0.331957608763222,46.2168072914606,0.32184586921887,0.2857435807794,0.314089606192136,8739
18,"Indiana",2010,0.302217196980555,0.00715782369668839,27.9525175203029,0.09464714644528,67.4243752826365,0.0655150852990265,82.3884960598375,0.339981688295899,46.8348401065859,0.285339088997345,0.288188120327359,0.316246273633752,9599
18,"Indiana",2011,0.306092592241142,0.00709880880141839,28.043950750121,0.100043144601305,67.3839356780456,0.0663922002391393,82.458615245989,0.339962067229189,46.5866489472683,0.273518122500437,0.292179182657226,0.320006001825058,7985
18,"Indiana",2012,0.312185821795652,0.00675460636862363,28.0010637742272,0.0933566820008076,67.3033431840034,0.0610350932480555,82.1514359486159,0.312591036835848,46.741837120027,0.250119949186882,0.298947036583405,0.325424607007899,8155
18,"Indiana",2013,0.316063690768335,0.00625660514301383,28.249282389133,0.0862027508310609,67.3441158697328,0.0578838450445246,82.9818494796007,0.289537495765289,46.9970715617365,0.235103120393699,0.30380097002254,0.32832641151413,9754
18,"Indiana",2014,0.325663923731103,0.00612519866049894,28.2851648803998,0.0888200562418476,67.2352102227663,0.0558745292773546,82.7764924272933,0.294297483709778,47.1771112436337,0.233234155531535,0.313658754958372,0.337669092503834,10757
18,"Indiana",2015,0.311153575117764,0.00908799790112731,28.0809168677327,0.12495001284081,67.348330930079,0.0823518768419752,82.5043240399492,0.42801913469012,47.112465642115,0.357954533077814,0.293341426539979,0.328965723695549,5642
18,"Indiana",2016,0.319988674820187,0.0066219122440144,28.2255493605576,0.0922037655299616,67.2596402280978,0.0611111025796695,82.6287311702337,0.300209333459795,47.4274434644938,0.267478302010399,0.307009965313134,0.33296738432724,10292
18,"Indiana",2017,0.334292269697568,0.00554008234835195,28.4402766399525,0.0780864818917021,67.2900727048236,0.0506298989766135,83.3753958255937,0.262677748981379,47.5154550680535,0.215719216725361,0.323433907823412,0.345150631571723,12953
18,"Indiana",2018,0.337649134770725,0.00751242713388874,28.4664431780111,0.109621355543985,67.3408377369738,0.071387649152984,83.5234015705603,0.355980875948686,47.4041072853906,0.293343235444287,0.322925048151822,0.352373221389629,6865
18,"Indiana",2019,0.349798657478621,0.00683984794011419,28.7270326023262,0.0998441839777366,67.3874923096915,0.0608403230173766,84.4441507423867,0.327775274333616,47.726345225165,0.263304209072777,0.336392801856267,0.363204513100975,8003
18,"Indiana",2020,0.363135440601728,0.00681279665234172,28.7671830260048,0.09585163752271,67.3683553470004,0.0619614541724567,84.499276449938,0.316717168811976,47.5882815789226,0.268972886174612,0.349782604529143,0.376488276674313,7457
18,"Indiana",2021,0.3598846407467,0.00634229303639351,28.9052991605605,0.0913998942125769,67.3472052747766,0.0578926306424992,84.8005276946315,0.293716375862596,47.7825460687994,0.251509795073352,0.34745397481597,0.37231530667743,8636
18,"Indiana",2022,0.373427551713747,0.00649878033869549,29.1271605262647,0.09528316583362,67.2731491062509,0.0621609137290737,85.2322641229259,0.305873459273403,48.4807200019314,0.26221931076369,0.360690176306467,0.386164927121027,8805
18,"Indiana",2023,0.37581338883849,0.00624187361178255,29.0733607774351,0.0889345795952672,67.3110012016985,0.0554662990025639,85.2254595978261,0.29056032566114,48.6200706192048,0.243368216490371,0.363579541363346,0.388047236313635,9773
19,"Iowa",1990,0.12062355698972,0.00934506862221577,25.1136302440501,0.128017024575297,67.4690104337608,0.114153562276493,74.1222658654002,0.465599461821645,45.3177051016683,0.593420569897669,0.102307559057121,0.138939554922318,1457
19,"Iowa",1991,0.144693327531809,0.0102050771099566,25.2926663303854,0.128979605738522,67.622015168945,0.114658007500949,75.0293577849663,0.477402816502731,45.2679062734328,0.565286707741749,0.12469174393684,0.164694911126777,1444
19,"Iowa",1992,0.138133276021345,0.0095251475650141,25.4653540609519,0.1307066896804,67.6284126882443,0.10315762345203,75.5429761807776,0.464155517874414,45.7825608906789,0.542836016942467,0.119464329846488,0.156802222196202,1637
19,"Iowa",1993,0.149731404865394,0.00965657037840048,25.5401439939083,0.122735453136434,67.5655268285159,0.10764483825597,75.6085388372329,0.457149657988786,46.0975792042688,0.518311761395622,0.130804874709553,0.168657935021235,1710
19,"Iowa",1994,0.149517587651114,0.00825317182195283,25.5850263921644,0.106198235950007,67.5584793656295,0.0969544467108483,75.6696880745152,0.395935243519805,46.0032218049999,0.461063122729771,0.133341668121866,0.165693507180363,2329
19,"Iowa",1995,0.171324814158923,0.00691871899158396,25.9750406815195,0.0904574049146027,67.4906935993023,0.0791409292767578,76.6589082225232,0.325075083078575,46.3952783953852,0.374644117384523,0.157764374116265,0.184885254201581,3504
19,"Iowa",1996,0.184219668910029,0.00743532231249525,26.0373363127393,0.0919000297896765,67.5971764509931,0.0814303309727065,77.1445774605804,0.335596809401404,46.6933861093074,0.36997789558884,0.169646704964091,0.198792632855967,3476
19,"Iowa",1997,0.187656324147629,0.00739502471139173,26.0678150424384,0.0904737571270466,67.4611088348267,0.0810335660346239,76.7959410357704,0.310452335042525,46.7021662915865,0.393897787488962,0.173162342048517,0.20215030624674,3487
19,"Iowa",1998,0.19259609179952,0.00786219183199758,26.2969780922954,0.101427579753177,67.5875456977733,0.082561212963608,77.9194829149998,0.374910925983653,46.6502510993678,0.379051163272203,0.17718647896926,0.20800570462978,3519
19,"Iowa",1999,0.209504193512528,0.00811555743286748,26.5485052275055,0.101428240543987,67.5002735343573,0.0847776900700686,78.4112123815471,0.363583457329822,46.7358496943903,0.368704810494178,0.193597993229642,0.225410393795415,3494
19,"Iowa",2000,0.209406137114343,0.00826391693804502,26.617083192658,0.103534680820176,67.6783777115442,0.0828722403630767,78.9869942342655,0.360407760238579,46.7325643545366,0.376631011794983,0.193209157544544,0.225603116684142,3382
19,"Iowa",2001,0.225682782330289,0.00819217664860881,26.7724539527828,0.105056764267157,67.7201303523888,0.0802610993953275,79.5780436718717,0.379691003063049,46.7105833364483,0.35689255678274,0.209626411144025,0.241739153516552,3383
19,"Iowa",2002,0.229650630907138,0.00852276960498718,26.9836764972746,0.112613748146075,67.6970471130454,0.0813291601592493,80.1423227962987,0.388605725117331,46.5011190391988,0.370049334130675,0.212946309432831,0.246354952381446,3459
19,"Iowa",2003,0.239537623571166,0.00748739032695451,27.008481936516,0.0955542869369303,67.6842568032047,0.0708022923504121,80.1741453201953,0.332435676025653,46.9520719684851,0.351397045075727,0.224862608192141,0.25421263895019,4730
19,"Iowa",2004,0.235676470957054,0.00711173533638894,26.9857436284754,0.0914912895684912,67.6826218441149,0.0676996518183222,80.0995190230498,0.32129097418357,46.7037712213797,0.325987669561395,0.221737725830151,0.249615216083957,4761
19,"Iowa",2005,0.252254732292954,0.00749543561895771,27.2934771783058,0.1026249037364,67.6269625012546,0.0724155697302444,80.9334995175381,0.362909227305066,46.9737540601541,0.346455182500666,0.237563948431358,0.26694551615455,4755
19,"Iowa",2006,0.257918455933107,0.00749389752336899,27.2377417835755,0.0977962169965527,67.747938991951,0.0751464455692977,81.031063250132,0.338080631069077,47.0285722321615,0.346195233997905,0.24323068668347,0.272606225182744,5060
19,"Iowa",2007,0.274670433857335,0.00767919220728365,27.5200496535567,0.101379988190919,67.8399782534687,0.0776220221800087,82.1325863484556,0.360316520380028,47.1493616756547,0.357883745028025,0.259619493700699,0.289721374013972,5076
19,"Iowa",2008,0.266622888573982,0.0076593266537773,27.5255829445919,0.100607045880631,67.8533794879516,0.0767545007033543,82.1278977993984,0.359478002696442,47.1917246504922,0.343243574334685,0.251610884186751,0.281634892961214,5571
19,"Iowa",2009,0.283429161197629,0.00809688489716991,27.7455987793968,0.109461569545099,67.7137143599792,0.0734118741809133,82.5235339128739,0.383174841063833,47.4526247976613,0.379606765311199,0.26755955841221,0.299298763983049,5576
19,"Iowa",2010,0.290839264937976,0.00854223865215053,27.810858699969,0.112985878935035,67.809670678125,0.0807117421133726,82.8812455367967,0.404767912613021,47.6458989790228,0.388708834819905,0.274096784832415,0.307581745043537,5711
19,"Iowa",2011,0.288413052542139,0.00681144393204724,27.6732191424142,0.0897033161751472,67.7500689318092,0.0654562091579963,82.3041402206892,0.310032237603847,47.4497420234158,0.27359987223885,0.275062867752612,0.301763237331665,6845
19,"Iowa",2012,0.302642083420792,0.00694330064013831,27.9523119105507,0.0974392315559303,67.6991773260115,0.0654543698762228,82.9428217930775,0.324780085898765,47.6855401815765,0.283821220374796,0.289033464232287,0.316250702609297,6727
19,"Iowa",2013,0.309673135329791,0.00696988311128176,28.1108898813642,0.0977711226882761,67.619391565363,0.0648766545302694,83.2325199662117,0.326148111372434,47.8345372993798,0.273787879298442,0.296012415455225,0.323333855204357,7658
19,"Iowa",2014,0.306985086544073,0.00678848110664006,28.0314015959249,0.0944293848485795,67.7095913621715,0.0617014557959153,83.239966582156,0.318720875887818,47.837249657939,0.28094220070879,0.293679908065328,0.320290265022818,7557
19,"Iowa",2015,0.318681627521474,0.00827892567269338,28.1550767842804,0.11230188555791,67.7215282821176,0.0766566084271775,83.72521601088,0.392603937635325,47.8961043943156,0.334730712006202,0.302455231372311,0.334908023670637,5604
19,"Iowa",2016,0.314025595557698,0.00739003561041704,28.2624965214557,0.0979990586213361,67.671796545538,0.0676823598570396,83.8887272119993,0.340432221826864,47.6605741467609,0.297281956877566,0.299541391916812,0.328509799198584,6631
19,"Iowa",2017,0.36244986590339,0.00674392101309092,28.8479109794786,0.0936654199067709,67.7019793245101,0.0605994196532446,85.6228445167371,0.312955930575628,48.0135172726534,0.267826486745342,0.349232023603149,0.375667708203631,7097
19,"Iowa",2018,0.351093611712374,0.00596508356938311,28.5928985835423,0.0805984715259345,67.6948756689384,0.0520785168337138,84.8328762010234,0.267241086149681,47.9751910451345,0.237330135573214,0.339402262751612,0.362784960673137,8416
19,"Iowa",2019,0.337372507206054,0.00575533971938505,28.5250985638699,0.0792114766907004,67.6517067528395,0.0511096523003273,84.5819475471,0.268069731652333,48.1091756656259,0.229726160881932,0.326092248637267,0.348652765774842,8927
19,"Iowa",2020,0.362440813298474,0.00612934276904247,28.9169133923961,0.0846035460725674,67.6919857104413,0.0537302604264392,85.8185655235289,0.284255217027448,48.3037318803901,0.243749406383769,0.350427522222249,0.374454104374698,8676
19,"Iowa",2021,0.361665009790584,0.00674524208867786,28.8977031260211,0.0932516854989579,67.6599717371144,0.0590324383521815,85.6374900983163,0.308999316337451,48.7150201963037,0.261709716921571,0.348444578229771,0.374885441351396,8616
19,"Iowa",2022,0.370741566538341,0.00694663408000481,29.034711656094,0.100976898810879,67.6607401011419,0.0619454041746477,85.9859891073332,0.326087552698805,48.6085294865919,0.268577496624791,0.357126413927753,0.384356719148929,8092
19,"Iowa",2023,0.375390182285746,0.00695603098425841,29.120967333459,0.0956150978764364,67.6342251386337,0.0594834295471415,86.2431440912958,0.319979052842213,48.8266786684052,0.267865419326664,0.361756612081255,0.389023752490237,8145
20,"Kansas",1992,0.123842355222995,0.00992010970799626,25.3006460102648,0.137630471730835,67.5481136540571,0.122544305693751,74.7940739540476,0.486013064458159,44.6329002168913,0.549359294538635,0.104399297472636,0.143285412973354,1353
20,"Kansas",1993,0.115517713737229,0.00908511080891957,24.9883359668977,0.127010900760395,67.491344722081,0.113807908138202,73.7826590404881,0.463050673902642,45.1540987090281,0.540290931645059,0.0977112237561911,0.133324203718267,1355
20,"Kansas",1994,0.11657359593279,0.00987406978342723,25.0768232364784,0.145603861402944,67.5956740593751,0.123267655553964,74.3294707827709,0.52973111167702,44.9523489447984,0.550301301930979,0.0972207747764374,0.135926417089142,1306
20,"Kansas",1995,0.15831750792409,0.00904163162005873,25.5341314446004,0.117950653129945,67.5836855159093,0.102055171859432,75.6585369079617,0.43895657328696,45.3228657702023,0.447929724318078,0.140596235587297,0.176038780260884,1899
20,"Kansas",1996,0.130078162144057,0.00837863336924483,25.364699411313,0.115389151138858,67.4389055788017,0.100398156605199,74.6813533187643,0.402046958616508,45.2936557444754,0.466494193499776,0.113656342500672,0.146499981787443,1859
20,"Kansas",1997,0.143437017128113,0.00906231492727692,25.7748084936968,0.116652423918875,67.1604584966675,0.0929590123159301,75.3470356617028,0.423750634682938,45.427219197021,0.476463665872662,0.12567520625409,0.161198828002135,1815
20,"Kansas",1998,0.174597350512414,0.00730861832839034,26.0012502039552,0.0973514419825149,67.4698768487381,0.0803430229851764,76.677202701794,0.329897956525991,45.7294228355574,0.359706883498561,0.16027272181202,0.188921979212809,3476
20,"Kansas",1999,0.185222619688388,0.00723850810168814,26.1193465982086,0.0918388426816239,67.5367786138892,0.0782275679843244,77.2153171998715,0.330448303058506,46.0114817006982,0.342687650657159,0.171035404507278,0.199409834869498,3617
20,"Kansas",2000,0.202349361205454,0.00717792818297239,26.566435607178,0.0927967058718742,67.6813088415873,0.0730635226966861,78.892464766823,0.33531594741341,45.9717073735257,0.320988695223556,0.188280880483213,0.216417841927695,3952
20,"Kansas",2001,0.216836967233191,0.0071403237912144,26.6162147684683,0.102331719529137,67.6906621754036,0.0719256210230881,79.0965260095414,0.382722915694743,45.8693346039247,0.314714860674477,0.202842189764456,0.230831744701925,4237
20,"Kansas",2002,0.226868931210227,0.00713825823978689,26.82340208279,0.0893674817102917,67.6965812886861,0.0734609570094385,79.6917638586036,0.325526600536902,45.5694065061992,0.322581338190387,0.212878202147898,0.240859660272555,4287
20,"Kansas",2003,0.226664247852702,0.00721953037342442,26.879316783928,0.093986391679465,67.6440512978375,0.072401289497986,79.6870773045406,0.330185373602972,45.9112101222467,0.343529409707564,0.212514228335497,0.240814267369907,4316
20,"Kansas",2004,0.232682719587914,0.00550372103934392,26.9171811948478,0.0709649261713568,67.6604019935088,0.0545079680866105,79.8587685892141,0.253158604112051,45.7590428875932,0.244091700013968,0.221895624569845,0.243469814605983,8145
20,"Kansas",2005,0.239026699544599,0.00564752189567274,27.0436859015624,0.0767950082956783,67.6277015601382,0.0595580437758376,80.1666272656123,0.268721828256882,46.1232215577248,0.265856085077199,0.227957760027179,0.250095639062019,8121
20,"Kansas",2006,0.259900380240024,0.00619118660080334,27.3138051022543,0.0865971298524948,67.5954386454593,0.0649475065504566,80.869062173411,0.3003190114112,46.0925675558545,0.29380169881521,0.247765877480883,0.272034882999166,7845
20,"Kansas",2007,0.27829812586547,0.00653349600696561,27.4559858026656,0.0899501415506296,67.6747783173875,0.0628846696397595,81.50324760894,0.313405508646993,46.3150305424415,0.298578537878972,0.265492708998681,0.291103542732259,8062
20,"Kansas",2008,0.281062837601741,0.00663983238852712,27.6246624169095,0.0919400594385711,67.6091979108934,0.0663757103178723,81.8930152721654,0.324816832997784,46.4904755329283,0.307861088070081,0.268049005256846,0.294076669946637,8177
20,"Kansas",2009,0.287379606086306,0.0046211338477105,27.739776307122,0.0622448241231907,67.6278216618069,0.0444086969497392,82.2125403260616,0.215557557423607,46.5612060309856,0.212538529053263,0.278322350177055,0.296436861995558,17921
20,"Kansas",2010,0.30151244394388,0.00698676783560447,27.7935741700768,0.0930445552699835,67.7269863331919,0.0656330075920471,82.6400381783734,0.331681404580652,47.0864970789104,0.296106091286972,0.287818630617752,0.315206257270008,8097
20,"Kansas",2011,0.293349897299473,0.00423179105215187,27.8536815311875,0.0600877092278395,67.5589904451231,0.0401269374789774,82.3758646283961,0.206143635247368,46.6321810286132,0.168893659043215,0.285055739247157,0.30164405535179,19533
20,"Kansas",2012,0.296830987406344,0.00584923880840703,27.898754121334,0.08070381711835,67.5354663346376,0.0541270487789785,82.411428143091,0.270534074413998,46.9161853725615,0.213706914545533,0.285366690004892,0.308295284807796,11183
20,"Kansas",2013,0.297534498445046,0.00383963149726421,27.9215072071612,0.0524282527449877,67.514351427667,0.0354523162590718,82.3932713634361,0.17420757453211,47.051108341324,0.144615955152964,0.290008958996502,0.305060037893589,21955
20,"Kansas",2014,0.310565327050128,0.00498851605209773,28.046886800152,0.0682664926907698,67.5110692885268,0.0454403047628225,82.8322903572454,0.234782320621009,47.0488289323282,0.193709865616556,0.300788015251717,0.320342638848539,12804
20,"Kansas",2015,0.306088459693525,0.00405056903546578,28.0287793648191,0.0561623570462872,67.5036163301786,0.0367489490561196,82.7326122218058,0.189633996612027,47.5139154940103,0.15981244011643,0.298149490267119,0.314027429119931,20063
20,"Kansas",2016,0.309687363166739,0.00562521848756624,28.1112399433384,0.0767721875477827,67.5733896164412,0.0533628206001262,83.1307054638315,0.256720248328132,47.14847308237,0.218902650736985,0.29866213752594,0.320712588807538,10931
20,"Kansas",2017,0.32120252807053,0.00423061223094319,28.3217577217908,0.0591386310994869,67.5513097745499,0.0385551041124061,83.6729368500174,0.19588209016356,47.2485633543989,0.160624680656501,0.312910680465327,0.329494375675734,19758
20,"Kansas",2018,0.340914729290946,0.0060421824349964,28.5081201709833,0.0844565099539969,67.5605890619157,0.0551660974375015,84.2395724437868,0.276815528471503,47.4211773728744,0.228358704749467,0.329072269330333,0.35275718925156,9872
20,"Kansas",2019,0.350020185437286,0.00584843494156688,28.653351035372,0.0799656088340589,67.5593582644737,0.0529590392896673,84.6390066672482,0.266802651736553,47.352828793273,0.223860660729415,0.338557463585889,0.361482907288683,10280
20,"Kansas",2020,0.351111727121842,0.00627512708361751,28.6694119245489,0.0825201532321618,67.5512780137623,0.0565216177388664,84.7233632958083,0.277751399560428,47.7440619115044,0.233496594441335,0.33881270403954,0.363410750204144,9580
20,"Kansas",2021,0.357364489056751,0.00477435220750164,28.8623310996661,0.0681310948899314,67.5764449576317,0.0438234723536087,85.3059946448514,0.222973029323589,47.6517989809876,0.185574894038646,0.348006930680538,0.366722047432963,15901
20,"Kansas",2022,0.354065258953119,0.00656339292301862,28.787226134112,0.092719133228221,67.5937438805533,0.0589951034691949,85.1519686326025,0.30675046731374,47.9081983633692,0.245299866754954,0.341201245207617,0.366929272698621,10159
20,"Kansas",2023,0.356989504962846,0.00681887158932857,28.7374253443511,0.0950673416807398,67.377246148733,0.06728033506427,84.501225808517,0.326033551662186,47.8559063580118,0.25980022440794,0.343624762232558,0.370354247693133,9071
21,"Kentucky",1990,0.119148949425833,0.00859631966280276,25.1136366905921,0.113000956428454,67.2868141207674,0.106854730171317,73.744444259847,0.431338083821398,43.7153178313423,0.472095286631295,0.102300472487146,0.13599742636452,1723
21,"Kentucky",1991,0.126567861724115,0.00868106592708047,25.3009549812033,0.117893891519583,67.3182649609406,0.101430143927711,74.3392918875333,0.417597167630768,43.7373385772025,0.469122669872262,0.109553285159619,0.14358243828861,1854
21,"Kentucky",1992,0.150005209074315,0.00864936503568457,25.518237685758,0.114467807524047,67.3826816899345,0.0995852217422131,75.0345197395547,0.398477824450267,43.8017208988754,0.451532689031091,0.133052765115233,0.166957653033397,2042
21,"Kentucky",1993,0.161706076807664,0.00866740454776756,25.6333156161214,0.110919260561012,67.3400978647056,0.0984127310201136,75.4256244877608,0.426798509608862,44.1024666526005,0.412366926632415,0.144718276054601,0.178693877560727,2275
21,"Kentucky",1994,0.156063288425985,0.00873621338206817,25.7273053478494,0.116093908754568,67.483448430375,0.104398629763617,75.9472559043873,0.424427345710857,43.9401902002136,0.427906136255138,0.138940624835874,0.173185952016095,2248
21,"Kentucky",1995,0.163285484465766,0.00887444417910616,25.7566193044562,0.11841933678747,67.3583980835015,0.0960932397272326,75.7622089196444,0.435794032780033,44.7499374129684,0.410481470690135,0.145891893491907,0.180679075439625,2255
21,"Kentucky",1996,0.18586005210196,0.00782015693972158,26.1132275148682,0.102538821316767,67.3441204049784,0.0813792645225172,76.8069667243582,0.372380746494434,45.1909509619146,0.357420000001063,0.170532826146655,0.201187278057265,3420
21,"Kentucky",1997,0.21060860029708,0.0080844832190947,26.2919689676754,0.0994342530825757,67.4240467035634,0.0818333620660712,77.5742594879088,0.376233933668413,45.2130801579639,0.365724531321273,0.194763304354036,0.226453896240124,3473
21,"Kentucky",1998,0.198793920785377,0.0075268928837545,26.4064424828787,0.0955616780152323,67.3507401841023,0.0823253060720875,77.6282447690477,0.34566806433705,45.409594042437,0.333099379447691,0.184041481817727,0.213546359753026,3557
21,"Kentucky",1999,0.211884534433099,0.00707067116347978,26.5898715259777,0.0886650101559958,67.4205578000072,0.0679751200993172,78.3684150245824,0.318209922073718,45.6471896555049,0.301600589876485,0.198026273606153,0.225742795260045,7218
21,"Kentucky",2000,0.222161384411243,0.00759303472884425,26.7814452155227,0.0942149696616478,67.4591544142301,0.0727511316213809,78.988391920723,0.336236343137021,45.3910277476517,0.3082294728118,0.207279309809346,0.23704345901314,6036
21,"Kentucky",2001,0.247460083901301,0.00769284070002965,27.1864893495395,0.100607764564552,67.5391116056892,0.0725300973730682,80.3680339420854,0.343724478828485,45.7008256715526,0.305739715341733,0.232382393190439,0.262537774612163,7044
21,"Kentucky",2002,0.242371157095913,0.0088655368725004,27.0894390142813,0.105124684912595,67.5221308932397,0.0848496413508303,80.104422501339,0.386788616395979,45.417130094666,0.354522369540688,0.2249950241222,0.259747290069625,6592
21,"Kentucky",2003,0.254201634449081,0.00802917191470832,27.215546350528,0.110389587347247,67.535605039621,0.0811342179586215,80.4857841998121,0.375136003003104,46.0184510827299,0.329745775192126,0.238464746670572,0.26993852222759,7089
21,"Kentucky",2004,0.257618596456998,0.00895798875826626,27.2707330664641,0.120281606626732,67.6090895135808,0.0898798771355573,80.8205700969569,0.436324286784026,45.5318920902934,0.354184485672955,0.240061261116881,0.275175931797114,6192
21,"Kentucky",2005,0.285585674549984,0.00841708132486443,27.6050875768917,0.109155933579766,67.4996304464525,0.0789758097646151,81.43717225526,0.376940194824315,45.8790613741,0.337816117148355,0.269088498298305,0.302082850801663,6275
21,"Kentucky",2006,0.280371364482857,0.00914121889944139,27.7792212455107,0.128123690842614,67.5063754052764,0.0867763421812361,82.0694697708669,0.451942605012042,46.3338361473797,0.360361136339414,0.262454904665155,0.298287824300559,5837
21,"Kentucky",2007,0.285822015319552,0.00893096686486579,27.948683358306,0.110228921652954,67.5636588501088,0.0862474719199384,82.6877818386978,0.401988033731952,46.7547118427503,0.329053491724378,0.268317641917295,0.30332638872181,6554
21,"Kentucky",2008,0.301050039212803,0.00822966048439232,27.939716951926,0.107813956154141,67.5037253773394,0.0764243401760211,82.5209095493375,0.379232608689815,46.5289661974155,0.356511760191767,0.284920201058402,0.317179877367205,7688
21,"Kentucky",2009,0.321810447119472,0.00897509955792386,28.0958272817435,0.113290884599712,67.54153993455,0.0847929110945313,83.0722959823347,0.401145320979877,47.4096539244841,0.32946408770803,0.304219575228279,0.339401319010664,9115
21,"Kentucky",2010,0.317895867923166,0.00925956306824196,28.0094244043937,0.114773880964253,67.5771988990118,0.0871808720072139,82.8705242403817,0.406598078803745,47.3291851316878,0.365316604918385,0.299747457796835,0.336044278049497,7586
21,"Kentucky",2011,0.300881541420459,0.0074093513940815,27.9730450840541,0.0994761052764555,67.4012236104835,0.0696653402505474,82.3088580965965,0.333613101040142,46.967648365589,0.27899967765959,0.286359479539258,0.315403603301661,10024
21,"Kentucky",2012,0.310735705651733,0.00693346305751508,28.1275079842405,0.0958087015911983,67.4082207316087,0.0621409595090333,82.7422510694198,0.315114442795491,47.1776883623582,0.260431368223731,0.297146367770865,0.324325043532602,10489
21,"Kentucky",2013,0.329024748814806,0.00709963968241291,28.3236116898008,0.0981781476532087,67.3885014915816,0.0650328731853857,83.2932228549119,0.328721259586958,47.5280636132324,0.26055301473885,0.315109710734066,0.342939786895547,10309
21,"Kentucky",2014,0.314177579772341,0.00748761535755253,28.2358163305614,0.110154565090441,67.4482348602196,0.069108933646599,83.262165548846,0.377482095831132,47.5686032638146,0.287635657687914,0.299502123341449,0.328853036203233,10429
21,"Kentucky",2015,0.343568826990582,0.00878695387049619,28.5362342272832,0.129115448542719,67.4502204348064,0.0777612249933477,84.1317983966938,0.435965079028472,47.5893331491565,0.315363256230163,0.326346713870595,0.360790940110569,8114
21,"Kentucky",2016,0.340515820388619,0.0074015265722525,28.5423515750777,0.100923399149182,67.3565584303045,0.0655279413109486,83.8004834740079,0.329932587126439,47.6873187217461,0.277088906138323,0.326009094876388,0.35502254590085,9571
21,"Kentucky",2017,0.339973710655547,0.00859829549168653,28.4983880913085,0.116656191054726,67.4715130892385,0.0779814350884482,84.017729850126,0.389933148291183,47.8922636721468,0.314431441286864,0.323121361163408,0.356826060147685,8009
21,"Kentucky",2018,0.36388502832248,0.00889277570768598,28.8495644324358,0.12510580086548,67.3431717420341,0.0760943338283999,84.6852345024079,0.409245837471382,47.9326034981032,0.326071842886474,0.346455508212822,0.381314548432137,8001
21,"Kentucky",2019,0.362449836887543,0.00900233298080438,28.9311231361249,0.12237655851247,67.4972372101446,0.083945023180329,85.2991439565507,0.41786857432197,48.1491223995257,0.318735837749084,0.344805588468329,0.380094085306757,7458
21,"Kentucky",2020,0.363277913983029,0.0100087532734198,28.9003282890404,0.146717262739087,67.3929439514719,0.0888597478374508,84.9291085300578,0.471171846254605,48.2725620350424,0.382791374609901,0.343661118036979,0.382894709929079,3653
21,"Kentucky",2021,0.399129978499752,0.00965469816491384,29.4777657485601,0.145224641793541,67.3730512604411,0.0801764435037544,86.6011618251908,0.465998875399675,48.3899236819105,0.350439185039115,0.380207117814916,0.418052839184588,4961
21,"Kentucky",2022,0.373371531510458,0.0111310055824127,29.1985967659272,0.157778947556584,67.4107967813074,0.10038798091036,85.9105880795419,0.522522729677089,48.9524440348634,0.41930769691274,0.351555161457215,0.395187901563701,3666
22,"Louisiana",1990,0.117557063507194,0.0133453947007533,24.966524091776,0.195845286954906,67.1007656633715,0.190152698671067,72.7167285031624,0.686443595448335,37.9731843197668,0.591028986693347,0.0914005705342459,0.143713556480142,794
22,"Louisiana",1991,0.155835384370408,0.0117127703133633,25.4176852640514,0.133345833451815,67.1218289821395,0.113810800151782,74.0892108168764,0.463494448657675,42.2547941496615,0.539831984793422,0.132878776397026,0.17879199234379,1566
22,"Louisiana",1992,0.172337384761381,0.0102689546985562,25.7607544565806,0.139351656800663,67.1143916989497,0.129197083626316,75.1319833408066,0.461177823030692,42.931682521171,0.529640129548865,0.152210603393337,0.192464166129424,1571
22,"Louisiana",1993,0.161330096116743,0.0104499203940665,25.637230210909,0.135227392736138,67.1264039486711,0.118772648261839,74.8634419223031,0.4940447953952,43.2415910039808,0.519782982284566,0.140848628503062,0.181811563730424,1545
22,"Louisiana",1994,0.161784749999454,0.0104327158847875,25.8599546071255,0.149864878665994,67.0382477437025,0.11711195017851,75.2469581348982,0.526409429851692,43.1340736329967,0.516216196469286,0.141337002604332,0.182232497394577,1580
22,"Louisiana",1995,0.174155872170574,0.0102510817447706,25.9114423540536,0.133604871222931,67.0942868629206,0.112541658946418,75.5163331586722,0.469549171451109,43.7126926277749,0.488007515250652,0.154064121148247,0.1942476231929,1581
22,"Louisiana",1996,0.193336993525302,0.0110220166076806,26.2117870857967,0.146180226927113,67.178452885777,0.112899881433606,76.5543882994219,0.49954114441947,44.3824905098062,0.516498065056705,0.171734237937245,0.214939749113358,1573
22,"Louisiana",1997,0.191577193863704,0.0112401950952664,26.1059354624306,0.141645749472562,67.1419579145697,0.121480564519311,76.2950045567317,0.513606360417208,44.0984471885978,0.523836928196665,0.169546816297778,0.213607571429629,1570
22,"Louisiana",1998,0.214735764136774,0.0110717620417329,26.4530487734439,0.146844598949945,67.1876813254232,0.118172764502447,77.3593104015172,0.525906738678155,44.4350562555632,0.527377866927801,0.19303550928958,0.236436018983968,1558
22,"Louisiana",1999,0.215782293419488,0.0114508733284529,26.535221136312,0.148032955366067,67.2569020338017,0.119420880909616,77.7861126661015,0.521591369330166,44.3475124308443,0.495794803979145,0.19333899410419,0.238225592734786,1581
22,"Louisiana",2000,0.227510143154148,0.00705498283909512,26.7987413770563,0.0918011608912227,67.3212683913151,0.0719693561752984,78.609441738248,0.31485753421015,44.5790194908853,0.288243340631551,0.213682630877974,0.241337655430323,4700
22,"Louisiana",2001,0.241987650332529,0.00712017982563086,26.925037501251,0.0911629266715784,67.2224748808803,0.0702998032026002,78.793440084865,0.317194131442533,44.6421601289893,0.282850479006422,0.228032354310844,0.255942946354214,4626
22,"Louisiana",2002,0.256012774715083,0.00770634803914576,27.1542857655526,0.100010096819204,67.2322467651264,0.0741851889456215,79.4895088028363,0.347443727832203,44.4283075157826,0.285402436714689,0.240908610106027,0.27111693932414,4689
22,"Louisiana",2003,0.248768041430917,0.00718573468076294,27.1825742604815,0.0952879072251239,67.2097115933678,0.0699146392461011,79.5490869166022,0.328836493556317,45.010758608778,0.305852181943022,0.234684260254162,0.262851822607673,4772
22,"Louisiana",2004,0.267818777263601,0.0061207781396562,27.3248081476922,0.0779151733073792,67.3237752083795,0.0587401382991694,80.1912798179031,0.264977947525488,44.7380568351289,0.236439768696161,0.255822272552515,0.279815281974687,8427
22,"Louisiana",2005,0.308593751120187,0.0105119578909046,27.7912146036323,0.137431818245254,67.2983589673218,0.0951766713091715,81.4849493568245,0.455548973983315,45.0593699166069,0.411354683904316,0.287990692247012,0.329196809993362,2775
22,"Louisiana",2006,0.269104515408638,0.00695517339980247,27.4670442702459,0.0929545709861491,67.2500443291045,0.0694066308909641,80.4915793774831,0.320023534998059,45.3339855794753,0.296809736962283,0.255472626038794,0.282736404778482,6499
22,"Louisiana",2007,0.306878808995672,0.00806112163334504,27.9253512861273,0.108865064316849,67.2788469386896,0.071209981239593,81.9197537450145,0.366058289605316,46.5858450474137,0.287117403590712,0.291079300919319,0.322678317072025,6142
22,"Louisiana",2008,0.289880822203569,0.0079551655379386,27.5930594578447,0.109716224989546,67.1506263014602,0.0762487358887895,80.638211511461,0.387666039687454,45.688553565329,0.337200733412144,0.274288984258155,0.305472660148982,5741
22,"Louisiana",2009,0.338508736054898,0.00755306220387163,28.4310111269913,0.107009234094895,67.3060212354154,0.0668656464494603,83.43854564502,0.362219846824299,46.6114514912319,0.281113185754613,0.323705006162319,0.353312465947477,8433
22,"Louisiana",2010,0.316607827727088,0.00812042314093601,28.1125672098347,0.109555737598569,67.2708472113342,0.0726393479947555,82.4144704695901,0.373878430696566,45.8668655995709,0.339694939390233,0.300692090831628,0.332523564622548,6634
22,"Louisiana",2011,0.333163839549338,0.00738464020287368,28.5165446691052,0.10756514745287,67.1281305181489,0.0660797158031854,83.2719852258624,0.368034108934307,46.0333698238809,0.262882665149819,0.318690210712919,0.347637468385757,10339
22,"Louisiana",2012,0.345550422961298,0.00836701051794389,28.6479003974972,0.116951776476525,67.1849765847859,0.0719923073697303,83.7524378009179,0.399143686426116,46.2735795217333,0.299764109342047,0.32915138368786,0.361949462234735,8607
22,"Louisiana",2013,0.328442421977344,0.0105047547247281,28.3019223137428,0.145017186158515,66.9329869207309,0.101079241428194,82.113504806965,0.487164127084646,46.2331344077312,0.375237066486678,0.30785348105045,0.349031362904238,4997
22,"Louisiana",2014,0.345980173047531,0.00763876930025481,28.5473464082315,0.106827481836426,67.1364907999666,0.0701050380808019,83.3334741147054,0.363371009729025,46.5524945145326,0.282201960675299,0.331008460332821,0.360951885762241,6354
22,"Louisiana",2015,0.35859980974979,0.00974020818446376,28.7094938101867,0.137171081008233,67.2012095834732,0.0870584225599617,83.8837514623454,0.449583381325338,46.9766165982312,0.347122931505385,0.339509352506319,0.377690266993262,4311
22,"Louisiana",2016,0.353872955635373,0.0109392184445507,28.8132811624829,0.157634585325874,67.1337952621476,0.0966391396257207,83.9995212099467,0.496798358399819,46.8964171424075,0.400373915630102,0.332432481465038,0.375313429805709,4860
22,"Louisiana",2017,0.359576565386062,0.00936286055491927,28.8612290894125,0.134634096597297,67.0991626779868,0.0831005061228771,84.1713681936543,0.45400495607335,47.0623109455267,0.342435095051222,0.341225695906149,0.377927434865974,4427
22,"Louisiana",2018,0.363451824067534,0.0095646159260342,28.918446088525,0.146818804801468,67.229389408021,0.0997723682887651,84.4881496949674,0.457155726112665,47.2900137816907,0.351722411700847,0.344705521326549,0.38219812680852,4703
22,"Louisiana",2019,0.354927228757693,0.00918690429875338,28.8034958216512,0.127284956882868,67.1661503516632,0.0824460096276484,84.1137457841626,0.424364008922562,47.5967201496586,0.347856914389424,0.33692122720272,0.372933230312665,4279
22,"Louisiana",2020,0.377831779355092,0.0100807309076989,29.1209011333907,0.15093002017673,67.0739227988209,0.0913622701073954,84.7824457507502,0.492198396851131,47.7404254939875,0.382253297428442,0.358073909838162,0.397589648872021,4304
22,"Louisiana",2021,0.382982815663087,0.00976927981255746,29.1159428641781,0.140537663199558,67.1176904165688,0.0823450432974635,84.8172411032273,0.443426519430456,48.1171228046052,0.373271184848624,0.363835379075581,0.402130252250594,4577
22,"Louisiana",2022,0.397572120420547,0.0090817364917446,29.4819205396595,0.13297709972471,67.1651631179913,0.079086518771115,86.0347441802544,0.433659305245726,48.2209618514356,0.349592702095294,0.379772243979644,0.415371996861449,5109
22,"Louisiana",2023,0.395799775571245,0.00920177495255408,29.4607411775318,0.141272915160116,67.1808905132184,0.0820451254378643,85.9388386863668,0.432584679691163,48.5179877917807,0.352502994604221,0.377764628070397,0.413834923072094,4897
23,"Maine",1990,0.120269541332839,0.00981771692194785,25.0841071954883,0.137684326254885,66.866023529076,0.123627214598555,72.5669618068326,0.478505565899808,44.8443777722288,0.628506204876071,0.101027169755411,0.139511912910266,1210
23,"Maine",1991,0.121494047286313,0.010906708482727,25.1392312566555,0.143725549947911,67.1489049781836,0.127643810670928,73.4942036705979,0.512542420837131,44.8938902696651,0.599368701412194,0.10011729147029,0.142870803102335,1204
23,"Maine",1992,0.114549961923317,0.00980768076169734,24.9034605870641,0.136565031126905,67.1511755651485,0.120803569985157,72.7758155099834,0.486309025385338,44.5397003000728,0.59272570986512,0.0953272608585237,0.13377266298811,1207
23,"Maine",1993,0.135061038387015,0.0109709068377758,25.4624460185202,0.163809741795414,67.1208618528261,0.135091011569126,74.3668956430892,0.573637919711539,44.7549484575002,0.615954528627917,0.113558456107231,0.1565636206668,1212
23,"Maine",1994,0.149575905649642,0.0109414955508187,25.6642202460025,0.145846543451183,67.1255522224512,0.123047919707436,74.928834756142,0.49235252740569,44.8442162101098,0.570390567152346,0.128130968433032,0.171020842866252,1326
23,"Maine",1995,0.137637331589059,0.0110987355718754,25.6080275093296,0.154908902458992,66.9889402222957,0.130669899648036,74.5023700057814,0.542202498501741,45.3664241238545,0.607500583496721,0.11588420959425,0.159390453583869,1229
23,"Maine",1996,0.157901159827064,0.00990705637764119,25.773638124817,0.129625114502169,67.243339839373,0.11881067995198,75.4793127602717,0.465733178702216,45.9009988282517,0.544172852013434,0.13848368613408,0.177318633520049,1615
23,"Maine",1997,0.1580486063811,0.0101867764615014,25.7840624902109,0.137477856456222,67.3573572809046,0.115163668902338,75.859353414885,0.490335707498664,45.9268828053099,0.565110354392239,0.138082891397997,0.178014321364203,1615
23,"Maine",1998,0.170520210751381,0.0107600221230749,26.0298402492799,0.133029796244839,67.2124877343731,0.113043569262856,76.1291249208221,0.464115371474528,46.0699570072038,0.543119320542531,0.1494309549173,0.191609466585462,1538
23,"Maine",1999,0.187266721022827,0.0109566163765831,26.1293819223046,0.142796198786168,67.2522085555389,0.11392595573506,76.604079275715,0.506444194519082,46.2500150214583,0.548699361968987,0.165792147532302,0.208741294513351,1592
23,"Maine",2000,0.196662658890887,0.010078538830757,26.25235440058,0.122978802415939,67.2113734599021,0.105593340437978,76.8031095304108,0.428892366804051,46.1176079194143,0.453685572321389,0.176909085765815,0.216416232015959,4360
23,"Maine",2001,0.192259393005618,0.0090162679095128,26.461816931515,0.11550717899793,67.3233162364514,0.0965397426374044,77.7428733984294,0.422073448940197,46.0485769635503,0.434649051460313,0.174587832628009,0.209930953383228,2259
23,"Maine",2002,0.206862967473738,0.00947824189728059,26.6347216317628,0.122645434892163,67.3080697881086,0.096079483979239,78.2402494515275,0.444323608107657,47.0194844180605,0.408323995621901,0.188285954718309,0.225439980229166,2279
23,"Maine",2003,0.199583692986802,0.00946978026248003,26.5801801688733,0.119570823583492,67.2535183383019,0.100928400568215,77.9048704046713,0.428143161063439,47.6341202848393,0.454087217225303,0.181023264730833,0.218144121242771,2226
23,"Maine",2004,0.233727659743381,0.00901102108391923,26.9721744661668,0.112034489735934,67.3142721239667,0.0868747797336402,79.2003093101092,0.392735433701113,47.282675566937,0.387086692605839,0.216066382954968,0.251388936531794,3364
23,"Maine",2005,0.227954824337026,0.00808573764479551,26.9023106844594,0.110847444003805,67.2039441004435,0.0857052280444444,78.7183839885944,0.382346728473125,47.5896941146787,0.393820652376598,0.212107069764787,0.243802578909265,3702
23,"Maine",2006,0.23139376740147,0.00805296566073864,26.8647086396894,0.104662959562969,67.3362448604997,0.0799691347237351,78.9310464023093,0.374165784932098,47.6176039979297,0.394110761569446,0.215610244737684,0.247177290065255,3786
23,"Maine",2007,0.251296985468801,0.00705028629192688,27.2340824746541,0.0891965918213556,67.2636991846362,0.0670787711413021,79.8444448957364,0.32140263717993,48.0471412791109,0.329597237905355,0.237478678255928,0.265115292681674,6483
23,"Maine",2008,0.258695028643656,0.00685426512742825,27.3057977444978,0.091719274229073,67.1853372238483,0.0649458932168407,79.9105559516647,0.321371872764109,48.0765260029259,0.315499272158319,0.245260915853408,0.272129141433904,6472
23,"Maine",2009,0.26324903889567,0.00654695133940371,27.4705429499411,0.0863388618699797,67.3434368512757,0.0644156608355595,80.6908061390706,0.297708856637939,48.532226712354,0.307771306265318,0.250417250061902,0.276080827729437,7685
23,"Maine",2010,0.273784557321311,0.00668813199827278,27.537676365839,0.0921968821237514,67.2191252468787,0.0626349281959758,80.6185565504076,0.314418716836324,48.6756701034471,0.309968308577076,0.260676059480846,0.286893055161775,7744
23,"Maine",2011,0.277129684009314,0.0053459773576847,27.7292062112305,0.0728184014264514,67.1467111608353,0.0489268227508124,80.934344794092,0.243129988824475,48.8242278673731,0.221085204970965,0.266651760926085,0.287607607092542,12571
23,"Maine",2012,0.281229222510679,0.00583052643112103,27.6740689607104,0.0797755447136953,67.1817329970092,0.0528607669518242,80.9248919476454,0.265348455904514,49.2570507389294,0.227585544503762,0.269801600694773,0.292656844326585,9453
23,"Maine",2013,0.287171811711703,0.00681941887428692,27.7441984077203,0.0903514519793607,67.1511402358688,0.0611060488045025,81.0071772794508,0.30568019369117,49.471496260075,0.259201914843394,0.273805996322608,0.300537627100798,7783
23,"Maine",2014,0.280686848273679,0.00650067205632979,27.7021670498732,0.0878183233475824,67.1860698183752,0.0623190378194891,80.9188853768524,0.292636431361014,49.6614805368087,0.275261674851697,0.267945765167967,0.293427931379391,8690
23,"Maine",2015,0.297853227321066,0.00708052030639855,27.9430841774911,0.09318207856887,67.0853069717986,0.0648032243773739,81.3676820901602,0.30536373061585,50.0119053824216,0.294684653136359,0.28397566252872,0.311730792113412,8566
23,"Maine",2016,0.297342457319145,0.007170811338175,27.841428526621,0.0955228281177702,67.152373244035,0.0676753432707779,81.292302015589,0.331696121242926,50.0262410914829,0.297618775272882,0.283287925356391,0.3113969892819,9546
23,"Maine",2017,0.289972885871571,0.00727562606809731,27.8267759977309,0.0994411518484313,67.1833485722477,0.0658735915020967,81.3499215357627,0.33934333592256,50.3431980476864,0.302756672677392,0.275712920813119,0.304232850930023,9283
23,"Maine",2018,0.29897877162288,0.007577045715607,27.9028684991529,0.106198637748163,67.2356351301041,0.0733915594854425,81.679834613386,0.354488497623715,50.4973882131266,0.323765504976536,0.284128034911076,0.313829508334683,10208
23,"Maine",2019,0.314094271497202,0.00737597655405218,28.1157392062555,0.105272131872425,67.3192462573056,0.0677126038099641,82.5265821879369,0.364596280985135,50.5106577308696,0.309292970100837,0.299637623100448,0.328550919893956,10433
23,"Maine",2020,0.308891431660478,0.00752304750757214,27.9769433084325,0.10705430164388,67.3150758964813,0.0642176934552997,82.0789314553895,0.360299737274088,50.6502436799596,0.298111347283374,0.294146529491652,0.323636333829303,9670
23,"Maine",2021,0.31643565346297,0.00660597694865471,28.1828889829587,0.0932184100142203,67.3765186184937,0.0603648325992497,82.8149512522234,0.307890139311982,50.9294371711389,0.268236475325277,0.303488176560905,0.329383130365035,10775
23,"Maine",2022,0.326976144346635,0.00684132246644452,28.2801111010341,0.0964772616800318,67.2549086364668,0.0621870628564554,82.7482996073563,0.309754675397648,51.1189803283103,0.272289797466602,0.313567398705779,0.340384889987491,9761
23,"Maine",2023,0.323435295896408,0.00657731191978309,28.3276584525381,0.0923216846769247,67.2417554811915,0.0574196770320245,82.8651383958914,0.301085306321286,51.6003776882417,0.276381238181417,0.310544001418547,0.336326590374269,11281
24,"Maryland",1990,0.111611388135805,0.00981756480225651,24.8334789184515,0.137237624814438,67.3859050939077,0.118555257827768,73.1291632515937,0.490924519745369,42.8098209276116,0.524334340772231,0.0923693147074939,0.130853461564116,1556
24,"Maryland",1991,0.111247894280898,0.00927307151000992,24.9239026436883,0.130581637597726,67.354055622595,0.115183007524754,73.2892198417487,0.461982025591488,42.6445550682004,0.496409214833197,0.0930730080952137,0.129422780466582,1620
24,"Maryland",1992,0.120751865544236,0.00863160251173498,25.2573228132838,0.114373578687856,67.2009038644397,0.100467599729589,73.9340639041151,0.401148771915755,42.5622546393203,0.453635416837549,0.10383423549237,0.137669495596102,2049
24,"Maryland",1993,0.13569819887579,0.00605377409389139,25.345682079629,0.0814228838416903,67.3142970000003,0.0685624678480248,74.3805421726739,0.283120212800891,43.0309178274189,0.307186584242903,0.123833019681221,0.147563378070359,4110
24,"Maryland",1994,0.141942752350448,0.00597806850016235,25.5950966998635,0.0838850174535612,67.2482289709104,0.0678646645858735,75.0268168991922,0.297483029314773,42.9794228172104,0.306485372954496,0.130225953393016,0.153659551307879,4189
24,"Maryland",1995,0.157671089527068,0.00582315454272595,25.6988679019177,0.0774594791313344,67.3759807579903,0.0658277884136432,75.6226383163054,0.277373415555423,43.5212154427439,0.289568619507207,0.146257916346915,0.169084262707222,4868
24,"Maryland",1996,0.170094398387614,0.00775331547874368,25.9198486489569,0.115488423143926,67.3410916687963,0.0840375246117845,76.1545855779217,0.37331796470669,44.3409490168259,0.362913049766093,0.1548981792885,0.185290617486729,4200
24,"Maryland",1997,0.170627481706109,0.00765763841773613,25.9101820106871,0.0988047466912036,67.4093189276279,0.0760993112311198,76.2721136925512,0.330609673954218,44.1628541409082,0.347447902349481,0.155618786200716,0.185636177211502,4247
24,"Maryland",1998,0.196519107757769,0.0096547727169137,26.2487809973644,0.117703411838364,67.2561960376609,0.0952174072620855,76.9280393644288,0.413345367481854,44.6398207420444,0.4045373585627,0.177596100953698,0.21544211456184,3115
24,"Maryland",1999,0.175578450001026,0.00762966760267229,26.1872371187351,0.101644396380767,67.2920375108946,0.0844244882746665,76.7932265210662,0.351627265829745,44.6755382127891,0.349605284829719,0.160624576285777,0.190532323716276,3757
24,"Maryland",2000,0.195788014588559,0.0076583886438895,26.4120356301052,0.102325740273164,67.3636955197182,0.0845242920451943,77.621572067023,0.356610284200936,44.9182988139069,0.325068398759745,0.180777848666925,0.210798180510193,4271
24,"Maryland",2001,0.206542062723771,0.00801843415838772,26.4784918795914,0.0972417172667411,67.2422343570414,0.0865972973054144,77.5735347266685,0.343993646127087,45.4520161724856,0.341142298179411,0.190826220560925,0.222257904886617,4145
24,"Maryland",2002,0.191594889255614,0.00785736206235619,26.4375469251853,0.100917643139908,67.3595719098527,0.0853719087315111,77.7401170168724,0.369914783993387,45.3746027124026,0.328804614581763,0.176194742599905,0.206995035911324,4095
24,"Maryland",2003,0.219342306861495,0.00835955082730772,26.7897323351582,0.1093768555862,67.1840628967623,0.0824661269636958,78.3593055706463,0.385774554725497,45.60109149339,0.325708592341969,0.20295788831304,0.23572672540995,4111
24,"Maryland",2004,0.238049496847691,0.00869105284232412,26.9655402159803,0.114385639822957,67.2029666528168,0.0871881737517079,78.9477978545056,0.402845764109936,45.287381500099,0.34351881290561,0.221015346289001,0.255083647406381,4151
24,"Maryland",2005,0.244661546199416,0.00628063392540515,27.1610536598572,0.0840193815800312,67.1887780603419,0.0606961858469362,79.4366675668194,0.287017075144661,45.9095022745486,0.263070307573943,0.232351729905541,0.256971362493291,8054
24,"Maryland",2006,0.249420224750933,0.00678520467447951,27.1442028043826,0.0911431736500059,67.4265433160305,0.0687020113159116,80.0235680651293,0.323903534155398,45.995392371849,0.297775058794095,0.23612146796122,0.262718981540646,8242
24,"Maryland",2007,0.265436075555818,0.00689048556281129,27.3928764181996,0.0884471779850711,67.2136842389172,0.0684465238201592,80.1765110396878,0.313671911224377,46.2921049865963,0.282577348053626,0.251930972016715,0.278941179094921,8234
24,"Maryland",2008,0.267167146909682,0.00682814346671264,27.4459272742224,0.0964246684670293,67.2278115207193,0.0689380030950135,80.2818206020764,0.311594694243795,46.1133152892992,0.293473559658624,0.253784231633652,0.280550062185711,9007
24,"Maryland",2009,0.266620317112647,0.00725876772020461,27.494177246958,0.103861591938252,67.0923926010217,0.0706075671693873,80.1446079126576,0.355001593537614,46.3709530182339,0.310084752055704,0.252393393808904,0.28084724041639,8057
24,"Maryland",2010,0.279065227903644,0.00742629957905522,27.7354963584531,0.0969244883657369,67.1756008710459,0.0704243364098529,81.0809902006125,0.329073131692523,46.414718421554,0.326459378772674,0.264509948190291,0.293620507616997,8551
24,"Maryland",2011,0.281452181654525,0.00716901542944572,27.696918758838,0.0998471599113167,67.2161531254049,0.0656249514767866,81.0400039056352,0.336565504763078,46.5324327575421,0.283534983354583,0.2674011696082,0.295503193700851,9340
24,"Maryland",2012,0.275105424884575,0.00673087451129024,27.543287342033,0.0910986750302434,67.1252875937508,0.0649124840419819,80.3558640195504,0.305111433576471,46.9728233104447,0.272463222291619,0.261913153257987,0.288297696511162,11825
24,"Maryland",2013,0.281195528951095,0.00634942481841418,27.5349868697609,0.0833269832745202,67.0485640809074,0.0611278229870059,80.1078139554689,0.276784631459379,46.9639674991814,0.244703396011375,0.268750884984458,0.293640172917732,12152
24,"Maryland",2014,0.294675462720365,0.00768078444087765,27.8476501602814,0.105363282375881,66.9864794348037,0.0716235969145927,80.9414251488256,0.35882076125268,47.1256088487418,0.300254499531259,0.279621401843229,0.309729523597501,11705
24,"Maryland",2015,0.286555993085678,0.00885036735785393,27.7335717474608,0.12668434922221,67.1456836199408,0.084853067157729,80.8707719870864,0.407977582704307,47.32372061043,0.355064137154264,0.269209591814336,0.303902394357021,11341
24,"Maryland",2016,0.29790147496192,0.00547944202010237,27.8302959819508,0.0764212304022414,67.0656918452935,0.0526745181208916,81.0352098998567,0.256725243264896,47.4744879364052,0.21568003123856,0.287161965947144,0.308640983976696,16675
24,"Maryland",2017,0.311313705508258,0.00662247141323555,28.082079394943,0.0891372095751497,67.1168832883523,0.0603453893083925,81.9015499477316,0.300773064527099,47.6357646558036,0.26575935187876,0.29833390004967,0.324293510966845,12373
24,"Maryland",2018,0.307139806209774,0.00570821434137227,28.1109861384138,0.0791606879474402,67.0479102415947,0.0540905263563462,81.769821018532,0.262472606058696,47.8972569637168,0.226607797395153,0.29595191168465,0.318327700734899,16009
24,"Maryland",2019,0.319924744770815,0.00571547536378201,28.202733296854,0.0773875068203095,67.0591568624511,0.0525030344432713,82.1046104979881,0.261249725352256,48.1205281586015,0.218451037273034,0.308722618903276,0.331126870638353,15835
24,"Maryland",2020,0.307955835629084,0.00594743523427595,28.0803700304544,0.0811436262126196,67.0572359333764,0.055254785574816,81.7230194962455,0.270512334743854,48.265376364747,0.233938133416222,0.296299076769519,0.31961259448865,12553
24,"Maryland",2021,0.341477479498125,0.00610223709978515,28.466204879713,0.0830542360451447,67.0498748165797,0.0558692750594872,82.7670800946347,0.270248576966249,48.6424567964754,0.238007617874197,0.329517314557422,0.353437644438828,13506
24,"Maryland",2022,0.329958229795202,0.00636251103539299,28.4247521502859,0.0893492689107179,66.9575103046351,0.0600629842145044,82.4188152116673,0.294984736867136,48.7374339809725,0.256972001786839,0.317487937314593,0.342428522275811,14240
24,"Maryland",2023,0.337481582653416,0.00638411204134748,28.5096449975123,0.0878255412038642,66.9872833430103,0.0575380300271238,82.7905950190617,0.292434757097637,48.7623070063638,0.254357315729519,0.324968952979107,0.349994212327726,15279
25,"Massachusetts",1990,0.0998530553113189,0.00971588466619792,24.5960129816439,0.131756143059672,66.9653105375666,0.130508692441216,71.596265095631,0.497573137107799,44.5240404501935,0.60856584982675,0.080810271287626,0.118895839335012,1245
25,"Massachusetts",1991,0.0878460334171621,0.00824152140839344,24.6433104104493,0.116910247291953,66.8452950155854,0.12320748547115,71.3620786649931,0.429808719016671,44.3814210063928,0.550515945843213,0.0716929482788952,0.103999118555429,1373
25,"Massachusetts",1992,0.113008875461499,0.00970552921881902,25.0547190889506,0.136482508964119,66.9282295360806,0.1140941535616,72.7479922514735,0.478087542173104,43.5013075667926,0.538525655878365,0.093986387741713,0.132031363181286,1413
25,"Massachusetts",1993,0.0996572216229011,0.00862874040912026,24.9802839127056,0.116921953450631,66.7421110362244,0.114974435360286,72.1641194689979,0.428825319213722,43.7640774403179,0.527709129592397,0.08274520118908,0.116569242056722,1506
25,"Massachusetts",1994,0.124235756479742,0.00912898519069242,25.1314315639627,0.119229010017604,67.0440588786797,0.113691383122894,73.2693423183713,0.439660383852551,44.0646623334952,0.511953035841046,0.106343274290585,0.142128238668899,1681
25,"Massachusetts",1995,0.11158759715618,0.00856849532259437,25.0296829176105,0.122529598630489,66.9406649059181,0.118411123780052,72.7855345567948,0.451363481568117,44.419770328431,0.505852242545632,0.0947936549221956,0.128381539390165,1673
25,"Massachusetts",1996,0.129537467234975,0.00935509663954296,25.3457854043999,0.136821187842851,66.7916640760095,0.110388506986502,73.3688997583341,0.491342838123087,45.1030837347654,0.530098566351097,0.111201814749579,0.147873119720371,1678
25,"Massachusetts",1997,0.144063431239084,0.0106648036319021,25.3295061459702,0.129824333614575,67.1896160606829,0.11301540919643,74.1736452027302,0.454734875364274,45.2242882555346,0.522148733074451,0.123160800218364,0.164966062259804,1613
25,"Massachusetts",1998,0.138701459820467,0.00689110565771725,25.4674516468086,0.0966216860360148,67.041431665214,0.0788343002191902,74.2444587082651,0.342177347402741,45.5156588133584,0.351162617800065,0.125195140917681,0.152207778723253,4516
25,"Massachusetts",1999,0.143949534227477,0.00683070470541334,25.5258865628254,0.0909553448145643,67.0824212330586,0.0803402249775395,74.5098989051448,0.323320089333017,45.3347187960556,0.342607803339795,0.130561599015839,0.157337469439116,4591
25,"Massachusetts",2000,0.163534495375285,0.00521405210736205,25.8434050936864,0.0666787911592615,67.0286032449918,0.0564736639379945,75.3024306873147,0.244577655031575,45.5702818378567,0.254826095285931,0.15331514103134,0.17375384971923,7616
25,"Massachusetts",2001,0.166334296718236,0.00499795297786794,25.9909563791145,0.0695458278058422,67.1234062498632,0.0545127571428834,75.914918359199,0.241303853546392,45.7811540494348,0.247800828430604,0.15653848888519,0.176130104551282,7879
25,"Massachusetts",2002,0.18262294255275,0.00597427047783147,26.1197975121044,0.0749499506033752,67.0274419444533,0.0626044131946565,76.0751488624454,0.265126437152734,45.7989346791872,0.269599422472113,0.170913587582299,0.1943322975232,6797
25,"Massachusetts",2003,0.167046149062597,0.00559514974603685,25.9803876187074,0.0754411267391552,67.0611550571182,0.06419279317796,75.7389206338222,0.273356735097271,46.4275912689315,0.284231038016102,0.156079857072257,0.178012441052938,6979
25,"Massachusetts",2004,0.184076116955142,0.00588694081240809,26.2434350818819,0.0791954287814262,67.0897361916157,0.0666672715813285,76.6156395354041,0.293666657661247,45.9995371176115,0.298107200844713,0.172537924983703,0.195614308926581,7579
25,"Massachusetts",2005,0.2084347891146,0.00632844335855355,26.4815719507337,0.090186644201219,66.9802181408634,0.0628462676148871,77.004685139999,0.305307328786625,46.2638073355775,0.297777529393373,0.196031268053634,0.220838310175567,8139
25,"Massachusetts",2006,0.203230526605005,0.00589833694325317,26.4703068443332,0.0771771621965055,67.0504111739474,0.0611219770898076,77.14137978152,0.275856881622971,46.4391439990867,0.286098602207099,0.191669998627547,0.214791054582464,11628
25,"Massachusetts",2007,0.217407323627341,0.00450243167483469,26.7587870165395,0.0579700460508797,66.9677453615816,0.0450397514261463,77.8214175376948,0.208526975059041,47.60077418799,0.183174748709012,0.208582719701813,0.226231927552869,19939
25,"Massachusetts",2008,0.214925854420187,0.00485559137173,26.5983552995663,0.0627635882728876,67.0627793411518,0.0535840028158477,77.5479793812737,0.224452691255503,46.6264040644735,0.238166214456213,0.205409070207953,0.224442638632422,19046
25,"Massachusetts",2009,0.22143921567229,0.00580154533616209,26.691854310037,0.0758414501249812,67.0153380522189,0.0615598394478036,77.7849188331683,0.281249352045121,46.8314068427698,0.286783386162522,0.210068395758736,0.232810035585844,15296
25,"Massachusetts",2010,0.236125825482169,0.00558948573826748,26.9479684332099,0.0703160802189357,67.1226263734522,0.0556597968794198,78.7192920591595,0.249280850225268,48.5747852862178,0.210460719863547,0.225170634743065,0.247081016221274,14802
25,"Massachusetts",2011,0.227698870497451,0.00485069983249025,26.8902481986445,0.0658730890483435,66.8880741519227,0.0481841463966178,77.9771058282567,0.225710976023914,46.8536462669635,0.216854171230349,0.218191673525955,0.237206067468946,20234
25,"Massachusetts",2012,0.228353567022054,0.00457474892686855,26.8134007962037,0.0632280429343068,66.9088658372405,0.0461103203502332,77.8295096195567,0.22045398508794,47.0478711973529,0.198001575040598,0.219387223887079,0.23731991015703,19700
25,"Massachusetts",2013,0.234927625670774,0.00575456567490532,26.8430626191453,0.0756633013828774,66.9115756823641,0.0556629174692011,77.9114512379677,0.26498479664295,47.3711640083875,0.235683145445017,0.223648884201289,0.246206367140259,13873
25,"Massachusetts",2014,0.231854231425606,0.00543490935250814,26.8544773941155,0.0749997319321784,66.8769627330046,0.0546576464304515,77.8290611836473,0.253858466730005,47.4281017057594,0.242947459375512,0.221202004835451,0.242506458015762,14379
25,"Massachusetts",2015,0.241237534139695,0.00648958582451937,26.9570024881946,0.0864074563131173,66.7944550094272,0.0629758001603129,77.9571861791108,0.29047090095477,47.7819301306823,0.283607050134843,0.228518179649056,0.253956888630335,8199
25,"Massachusetts",2016,0.234359693719579,0.00679291982338718,27.0008802549429,0.0946783440789643,66.9443074289959,0.0689570173987611,78.4726944220925,0.341854211395341,47.6149717183918,0.292808793311515,0.221045815515872,0.247673571923286,7469
25,"Massachusetts",2017,0.257087452173551,0.009041054007934,27.2249271069754,0.119450125512317,66.8847254348296,0.0869849124786096,78.8820268893432,0.404264575624657,47.7972327527175,0.387864522296759,0.239367311935719,0.274807592411383,6271
25,"Massachusetts",2018,0.255506070935713,0.0074021995269963,27.262448918467,0.107697619308599,66.9006873826676,0.0724392099790385,79.0011003989707,0.34616331483358,47.7709929035383,0.301205363306661,0.240998026456421,0.270014115415005,6089
25,"Massachusetts",2019,0.250599610583468,0.00673495364821448,27.0621527335963,0.0895588285667522,66.9367534392571,0.0640106408908223,78.4940502907891,0.296562302398061,48.0194552996918,0.279284045278455,0.237399343995421,0.263799877171515,6783
25,"Massachusetts",2020,0.242464166072978,0.00753321672397794,27.0750860355561,0.102141822999042,66.9865027111168,0.0711279245970976,78.7405951048426,0.339102205712287,48.6055926390685,0.311177869313129,0.227699332606246,0.257228999539709,6117
25,"Massachusetts",2021,0.270638293644763,0.00736952067655402,27.3365514939708,0.101701873982578,66.9720122785718,0.0672393266572745,79.2929419408851,0.31576506067811,48.5219121462571,0.295340830946908,0.256194298535394,0.285082288754132,6671
25,"Massachusetts",2022,0.269440749379464,0.00616880575602588,27.4349455384579,0.085277810902413,66.8910549025468,0.0581780646609512,79.4786946454914,0.281003709910444,48.5428286155401,0.26177133503939,0.25735011227003,0.281531386488898,9679
25,"Massachusetts",2023,0.271594170031051,0.0071951959525386,27.5222900036968,0.10070899915494,66.8496716539554,0.0707956183694743,79.6269791952105,0.329226569985984,48.9277868236378,0.319967075720912,0.257491845102367,0.285696494959735,8423
26,"Michigan",1990,0.137959262789094,0.00794721448506951,25.391585356729,0.106343056462503,67.1247434857272,0.0963013181785485,74.1360619447754,0.374379430566021,43.6938109689805,0.405512371210563,0.122383008620943,0.153535516957245,2305
26,"Michigan",1991,0.15145461740122,0.00843161370287889,25.5178504162726,0.105027448004223,67.0978367976814,0.0928792043848352,74.4621024032587,0.380484872195126,43.6374182149482,0.426861958087016,0.134928958212023,0.167980276590417,2290
26,"Michigan",1992,0.159453758733692,0.00846076409688516,25.7029399092955,0.10619617856664,67.1595532340632,0.095184702635409,75.1920508359507,0.378036419640569,43.5500705225051,0.41630643340951,0.142870965822108,0.176036551645277,2325
26,"Michigan",1993,0.159281306148562,0.00821933640905958,25.7663165857133,0.111637806878163,67.1878941102342,0.0931106285909606,75.3750013114779,0.388360169774253,43.8024905930959,0.418778369186281,0.143171702809986,0.175390909487137,2350
26,"Michigan",1994,0.165968566367438,0.00866534344834164,25.9390484672551,0.119378604353697,67.2219024684488,0.10131115369598,75.9740591733555,0.40043524382543,43.9820744584584,0.449538731881875,0.148984805295019,0.182952327439858,2333
26,"Michigan",1995,0.1757913898014,0.00854024077580873,26.0597424967663,0.110306971485347,67.2618214014632,0.0895893534828638,76.4532784617147,0.400714560552594,44.2520638789373,0.375065372264262,0.159052825461515,0.192529954141286,2395
26,"Michigan",1996,0.174290402563025,0.00852847620297646,26.1663227216556,0.114476527775595,67.3142715970572,0.0920938217638173,76.8649751155301,0.403946960095884,44.8081526405126,0.411857404543946,0.157574896362184,0.191005908763866,2370
26,"Michigan",1997,0.188595639274247,0.00869169224426622,26.2599682047195,0.115295022966822,67.2988334737495,0.0930602863420924,77.0875315162755,0.401604596084458,45.0667172855107,0.396101686342878,0.171560235510779,0.205631043037715,2471
26,"Michigan",1998,0.206444164480202,0.00913529571776653,26.4919446723136,0.120469682572071,67.3349681417017,0.0937272945384898,77.7948111970333,0.409456254998367,45.0396761301517,0.40058861178824,0.188539313885257,0.224349015075148,2423
26,"Michigan",1999,0.221505976451977,0.00954882615898153,26.6500125167028,0.116122195393112,67.2903822433244,0.0958945619767302,78.1551726311834,0.407981334723023,45.3321740628265,0.409962692976098,0.202790621085739,0.240221331818215,2404
26,"Michigan",2000,0.218551796476798,0.00941138420006674,26.7147006483552,0.114617705247788,67.4335333519005,0.0972760484364897,78.7599752266653,0.419837605075019,45.0533072818094,0.407746241425335,0.200105822399998,0.236997770553598,2474
26,"Michigan",2001,0.24892884552776,0.00823524576031227,27.0239247401249,0.108659226151312,67.3447115283058,0.0763302039042215,79.3386110049499,0.357605104079736,45.3932553414596,0.335966227705722,0.232788060433712,0.265069630621808,3617
26,"Michigan",2002,0.253820965393156,0.00738396062474503,27.1865037408545,0.0933152103396281,67.3327463761624,0.0704821538760572,79.8108064967004,0.31768177311947,45.5050214306839,0.291985118514804,0.239348668505394,0.268293262280918,5635
26,"Michigan",2003,0.251610298942017,0.00858567073325251,27.2471692468327,0.114440418998175,67.3163596225284,0.0850248871967668,79.9168423680346,0.384699157256929,45.6879508260702,0.350520294690264,0.234782693521723,0.268437904362312,3403
26,"Michigan",2004,0.253254171780657,0.00746080808009679,27.2390429716589,0.0976508724576938,67.4208220942898,0.0739002653727761,80.1637327236839,0.329614986994674,45.7164956954645,0.311871321748082,0.238631256648102,0.267877086913213,4714
26,"Michigan",2005,0.262028238258588,0.00502192539938323,27.401536363255,0.0684365886725686,67.3513439414823,0.0485128427904681,80.5184782783163,0.232341698696737,45.9003790714189,0.213702824898663,0.25218544534275,0.271871031174426,11523
26,"Michigan",2006,0.287141661986611,0.0078695961416838,27.7010292087609,0.108139203058645,67.4635061059996,0.0741726627067397,81.6944042225093,0.375054794375514,46.0450202455465,0.319710687241628,0.271717536976036,0.302565786997187,5371
26,"Michigan",2007,0.28188641022041,0.00723875148795263,27.7159636446684,0.096394824255251,67.3651452447875,0.0675771619007858,81.4835133548773,0.332967662216045,46.2175280832709,0.304010583297226,0.267698718010987,0.296074102429832,7092
26,"Michigan",2008,0.296126702546118,0.00654847227705909,27.8560813813212,0.0893955795016889,67.4759985546346,0.0609922687929792,82.2032368795244,0.308065017658659,46.3667977851752,0.272001051408625,0.283291932729324,0.308961472362913,8873
26,"Michigan",2009,0.301978065826322,0.00681313865425893,27.8741241380707,0.0938521800633216,67.3952207843675,0.0626891055548274,81.9421639669995,0.312647849084744,46.5546519077648,0.293481125562547,0.288624559442296,0.315331572210347,8726
26,"Michigan",2010,0.315001263424668,0.00728952800752537,28.1989004466777,0.101117187345304,67.396014387005,0.064903930453997,82.9779145363646,0.348726347036352,47.4758569646333,0.28685296394674,0.300714051065623,0.329288475783714,8461
26,"Michigan",2011,0.312213939593583,0.00677381297707047,28.0089657951095,0.0932961286533169,67.300144653687,0.0596806628314801,82.1413507112925,0.310564486434684,47.1599740887317,0.257420167318558,0.298937510120515,0.325490369066651,10497
26,"Michigan",2012,0.309542222333813,0.00636171935042228,28.0773736341597,0.0865584453941907,67.2215197726429,0.0589609828633441,82.1523954168484,0.288415216076069,47.5123697865167,0.237607667200247,0.297073481527234,0.322010963140393,9978
26,"Michigan",2013,0.313106788729957,0.00579750370424238,28.1375515836905,0.079421972897086,67.3105603479384,0.0523862620787383,82.5380857504712,0.268030419789204,47.6258723389431,0.210834430184984,0.301743890269404,0.32446968719051,12161
26,"Michigan",2014,0.305692307073479,0.00651480923878737,28.0313299458758,0.0915069237330119,67.3296213416439,0.0600927372686281,82.2855383071684,0.305610554643864,47.8056766574251,0.248851570437844,0.292923515599307,0.318461098547651,8012
26,"Michigan",2015,0.309800631568665,0.00637278948556638,28.0923685342379,0.0884970405320903,67.3112138926064,0.0588400823746803,82.4249275327683,0.29631314409075,47.9812979504247,0.248025525841054,0.297310193695899,0.322291069441431,8317
26,"Michigan",2016,0.322405119835932,0.00562820515113605,28.2429356772875,0.0745614683419041,67.2894174957106,0.051292384024799,82.7987703904343,0.252460379392936,48.1560579876106,0.217773836067625,0.311374040442103,0.333436199229762,11110
26,"Michigan",2017,0.321134661612802,0.00595204689086983,28.2529327830357,0.0818351459122972,67.2673749111294,0.0551398065546116,82.7270422031031,0.268940035440834,48.2756121700621,0.225110300797105,0.309468864072404,0.332800459153201,10119
26,"Michigan",2018,0.328109253544499,0.00615870418221493,28.3772390044251,0.0867090347970656,67.3155515346472,0.0546620028713653,83.2316533348644,0.284653417527468,48.4156560965053,0.235662235805523,0.316038415155921,0.340180091933076,9579
26,"Michigan",2019,0.35688451769615,0.00648711888377147,28.8074126787035,0.0943375423087065,67.3011485521115,0.0569804709786774,84.4546288487459,0.310778257614816,48.5721630106466,0.242730193457014,0.344169998320528,0.369599037071772,9838
26,"Michigan",2020,0.351377449198303,0.00760078571576939,28.7432618326912,0.108143823109131,67.2929242403815,0.0663743117750255,84.1699892465717,0.344986077730474,48.6700906117757,0.285983576662565,0.336480182941188,0.366274715455417,6754
26,"Michigan",2021,0.339927074876946,0.0067297268251562,28.5385425551845,0.0935508891414743,67.3819462699135,0.0603427872844551,83.8775754229589,0.307900435374587,48.9461407967824,0.268332579856201,0.326737052673847,0.353117097080045,8301
26,"Michigan",2022,0.341975816372861,0.00660367067402818,28.4382303104245,0.0936092832885252,67.362642664922,0.0601883154647879,83.5180618388037,0.305878315361453,49.1595610670673,0.260818586827373,0.329032859686003,0.35491877305972,8733
26,"Michigan",2023,0.351406783454586,0.00699547363355962,28.7541301805198,0.102875762701218,67.3905618820823,0.063050703141964,84.4925779610506,0.334983562422125,49.1895226293475,0.271424483464816,0.33769590707801,0.365117659831162,9068
27,"Minnesota",1990,0.0988518922492107,0.00566697348794138,24.7455856889565,0.0785806260563581,67.3946884684917,0.0735631286392124,72.9265980808439,0.290660166843749,43.6652001502974,0.371417154542874,0.0877448283115023,0.109958956186919,3326
27,"Minnesota",1991,0.106082406177708,0.00573001740420794,24.9141736532733,0.0782754098528879,67.4770707048363,0.0751166650328507,73.5711028954611,0.292023449707604,43.7399397709731,0.368885783863798,0.0948517784346724,0.117313033920743,3317
27,"Minnesota",1992,0.12253701619358,0.00618861802233548,25.1542185806536,0.082716822089727,67.4939394448643,0.0769626327437158,74.3415383336859,0.314771394351648,43.6869183040562,0.371576282828411,0.110407547755727,0.134666484631433,3340
27,"Minnesota",1993,0.136401909347506,0.0065271862202801,25.4499989284023,0.0840566683899466,67.4643299106901,0.0735730646978396,75.1485943022683,0.312070072176747,44.0210325588567,0.363675083367076,0.123608859435371,0.149194959259642,3294
27,"Minnesota",1994,0.137957618819874,0.00590566625876553,25.5338271273185,0.0796977574165809,67.5201297465072,0.0684588968822945,75.5140622172778,0.290518629476005,43.9774777794974,0.327856721392114,0.12638272564798,0.149532511991768,3988
27,"Minnesota",1995,0.150209317181486,0.00647208842422408,25.6140905919285,0.0856230941301141,67.6222389199552,0.0721854999922751,75.9557312430535,0.315300146699664,44.4321852231581,0.334360208061695,0.137524256965248,0.162894377397723,3754
27,"Minnesota",1996,0.137869993481725,0.00586022682689562,25.6849437792961,0.0748053809749905,67.4498683746186,0.0656212260655569,75.7753517084873,0.270373333223714,44.8814434492362,0.330432199244279,0.126384159959774,0.149355827003676,4216
27,"Minnesota",1997,0.162182872415797,0.00588136890222062,25.8401252728946,0.0732809191351642,67.3753801018765,0.0595759499890035,76.0402974344996,0.261395418180147,45.1823833112859,0.305321473549868,0.150655601187651,0.173710143643943,4652
27,"Minnesota",1998,0.158147772070534,0.00608322234369823,26.2270068050824,0.0751339712948049,67.4033310701727,0.0673015163648734,77.2419019246385,0.276741678257212,45.2150509977257,0.34378979181758,0.146224875366936,0.170070668774131,4058
27,"Minnesota",1999,0.151246826578678,0.00547480879904789,25.9589444624521,0.0665173616450044,67.6834639516894,0.0612854533325298,77.1540550946141,0.249862649400422,44.9869645608408,0.288348553981483,0.140516398510301,0.161977254647055,5071
27,"Minnesota",2000,0.169092306885968,0.00808241350516183,26.1544665387651,0.104246701211819,67.6816239436819,0.0871038088292048,77.6441504919552,0.377789032367083,45.3023536716429,0.407240653888398,0.15325106750769,0.184933546264245,2717
27,"Minnesota",2001,0.19820632242147,0.00716939453573889,26.5049865218491,0.0847760718015528,67.6561107474732,0.0716782784460115,78.6321791110753,0.306267278742818,45.6029902574837,0.317011286986016,0.184154567340463,0.212258077502476,3775
27,"Minnesota",2002,0.223801359453716,0.00710103083367021,26.7347142698687,0.0898685377118228,67.6631719275206,0.0727534641990677,79.3396761595223,0.322727231473421,45.0107083761255,0.304965457846775,0.209883594766614,0.237719124140818,4339
27,"Minnesota",2003,0.229916039754331,0.00775664304640572,26.8961631830758,0.0978817856461682,67.6855805019212,0.076084131908214,79.943665634712,0.35981261164321,45.7487136528274,0.329863404548863,0.214713298742443,0.245118780766219,3725
27,"Minnesota",2004,0.225560530989472,0.00734245047852676,26.8329364158573,0.0967039159097349,67.7282588429555,0.0747218767837434,79.7997872501095,0.338706313491495,45.4741640087627,0.330727762887713,0.211169592493291,0.239951469485654,4243
27,"Minnesota",2005,0.236458642329694,0.00973488545693251,27.0491932079587,0.129668347016984,67.5166058500735,0.099737374094417,79.8825103774288,0.432315633854382,45.6384246926206,0.442442017648546,0.217378617440483,0.255538667218904,2723
27,"Minnesota",2006,0.248350997756754,0.00856744656438105,27.1699181281556,0.107295254151033,67.6309869091276,0.0799601672977105,80.6262495241411,0.394260787288555,45.9550896063463,0.371029062244879,0.231559111051095,0.265142884462412,4062
27,"Minnesota",2007,0.261047290446298,0.0086029352211602,27.2558762917245,0.111184792289962,67.5585376667028,0.0869952299426955,80.7196434843341,0.414945736144437,45.6816319534863,0.38900498393203,0.244185847251493,0.277908733641103,4620
27,"Minnesota",2008,0.252468993032057,0.00844771621100824,27.2024092206628,0.109499833592256,67.6051508002339,0.0854417602643096,80.5345973924193,0.38694071755712,46.0488119999347,0.405653048421601,0.235911773506866,0.269026212557248,4155
27,"Minnesota",2009,0.252613817130308,0.00837779941026537,27.2259278342668,0.105301898094697,67.5530486422034,0.0808730261727637,80.5144197165212,0.361630215830032,46.4145547288762,0.389618968713956,0.236193632016487,0.269034002244129,5456
27,"Minnesota",2010,0.252162397232803,0.00916631717222915,27.1650386315572,0.119651907685788,67.7151066508776,0.090515199010534,80.7730136156557,0.425726360722584,46.5060521180135,0.441531621007977,0.234196745704362,0.270128048761243,8316
27,"Minnesota",2011,0.255577693657077,0.00538454955923784,27.2608255203679,0.072977321021235,67.5539540409567,0.0496929195071456,80.6529937134634,0.248074847214678,46.5021179025728,0.224872408331138,0.245024170448,0.266131216866155,14280
27,"Minnesota",2012,0.256093661532897,0.00548236472522821,27.2807518806569,0.0715284515537256,67.6244809690549,0.0512426743966685,80.8573716379127,0.249608167880656,47.0949517656153,0.216518292000078,0.245348424121337,0.266838898944457,11351
27,"Minnesota",2013,0.252792065071875,0.00689941426093503,27.175689708147,0.0901778519396358,67.5852759079215,0.0649309396008785,80.4242284341734,0.309843419037939,47.0091787075069,0.28635754693328,0.23926946160602,0.26631466853773,13441
27,"Minnesota",2014,0.275024863234183,0.00434818842582372,27.5417019752213,0.0572048186999666,67.5049859440104,0.0412098504249229,81.3279268467937,0.195986847851806,47.2043372353622,0.177558852110703,0.266502570521575,0.283547155946791,15303
27,"Minnesota",2015,0.259795213430789,0.00440732218796182,27.3597990429562,0.0599696558242183,67.6029155181728,0.0423356370875027,81.0399870896811,0.20899457272425,47.4793602685802,0.181510022147912,0.251157020674119,0.268433406187458,15324
27,"Minnesota",2016,0.2760475664383,0.00429797267418149,27.5660975194227,0.0560467651174568,67.5597732049019,0.0409018141318013,81.5490414778773,0.195463570762913,47.6016361663733,0.173159509246317,0.267623694790367,0.284471438086233,15407
27,"Minnesota",2017,0.283283377351781,0.00464334992993536,27.6726199053701,0.0613964329600249,67.5194914311325,0.0438170509945355,81.7484981944684,0.210053953948342,47.8137262444806,0.18369975802127,0.274182578721491,0.292384175982071,15436
27,"Minnesota",2018,0.298695855898932,0.00444859593614934,27.8146573171901,0.0578849415230214,67.5372474602115,0.0407700629228838,82.1974156367629,0.196764189633839,47.9411143531618,0.175588355881743,0.289976768082308,0.307414943715556,15613
27,"Minnesota",2019,0.29983549189535,0.00463144687108308,27.8737325529031,0.0626449222125986,67.5289462050467,0.0416339786020915,82.3331722449373,0.209754528684579,48.0540905178347,0.183123759041119,0.290758022831716,0.308912960958983,14123
27,"Minnesota",2020,0.305825115684357,0.00467545613824559,28.0340881276246,0.0616801958881423,67.5830755378641,0.0422710921486993,82.9861381561417,0.214510242213038,48.1717075652038,0.18979963000517,0.296661390042099,0.314988841326616,14229
27,"Minnesota",2021,0.32195524246206,0.00477901972594786,28.2164092461508,0.0671274744177691,67.6223120885249,0.0438075636023802,83.5774700248366,0.223310180553772,48.1909718685819,0.191184873431749,0.312588535917795,0.331321949006324,14364
27,"Minnesota",2022,0.33389497864426,0.00517071976124935,28.4718307576684,0.0712546633645635,67.5277770021497,0.0457278833617397,84.1008691829642,0.237794801128625,48.5769957320295,0.205207230328243,0.323760554138061,0.344029403150458,15193
27,"Minnesota",2023,0.329764487177242,0.00594733073246459,28.3204477823732,0.0840248672460394,67.4984616826116,0.0524703762524747,83.5509685709362,0.275086893890229,48.7396377036066,0.230745022241238,0.318107933137463,0.341421041217021,14374
28,"Mississippi",1990,0.146553122096758,0.0104449704538933,25.4015881882148,0.146763299120543,67.2813409305686,0.127981281487735,74.4338336830041,0.495257522113989,43.6330677514403,0.572579942127298,0.126081356187543,0.167024888005974,1463
28,"Mississippi",1991,0.156508484116628,0.0111012798359195,25.6100556564241,0.149056731151997,67.2966584457016,0.121588409126967,75.070385087741,0.510027262805576,43.7100551826884,0.541663151949321,0.134750375455925,0.178266592777331,1505
28,"Mississippi",1992,0.172556690778561,0.010603060003556,25.9502161162246,0.152885991996401,67.3331176643523,0.127373567543012,76.0962315051258,0.486996981783247,43.5988028614879,0.575879568719967,0.151775075045675,0.193338306511448,1478
28,"Mississippi",1993,0.185978265481325,0.0117985951537465,26.066220144595,0.152278082966251,67.3575448771775,0.118086310441168,76.5582241427046,0.502842698172339,44.2963873037735,0.557464371538824,0.162853443911813,0.209103087050837,1507
28,"Mississippi",1994,0.194105505443559,0.0125271966431561,26.0359444822427,0.148615149620634,67.3758962755877,0.129086979252642,76.6068164359925,0.550304338873716,44.3236663929993,0.569213302261102,0.169552651195722,0.218658359691396,1520
28,"Mississippi",1995,0.185673276010158,0.0112792075985203,25.9258309559316,0.153651226469685,67.4133762697688,0.120813868202397,76.4330964373934,0.557501048762563,44.7837516198771,0.566900111259261,0.163566435342907,0.207780116677408,1524
28,"Mississippi",1996,0.193645126681868,0.011584141735927,26.1781799129526,0.161936560055034,67.4058542780659,0.121233093673532,77.0378216828079,0.557695031320655,44.8957060433261,0.552603274941672,0.170940626087644,0.216349627276093,1529
28,"Mississippi",1997,0.210864553931515,0.012898987523121,26.399034261639,0.159315805110985,67.4342065064826,0.125681086142747,77.8172184829948,0.550692107040189,44.8890860755579,0.587857839809542,0.185583002949167,0.236146104913864,1512
28,"Mississippi",1998,0.220650400075162,0.01007854243211,26.7863548956539,0.135458012335794,67.373723303288,0.101058590004504,78.7445743236834,0.460330860551775,44.7008880795574,0.438460456360933,0.200896819891568,0.240403980258757,2152
28,"Mississippi",1999,0.229860160488098,0.0111045706843833,27.0627162730046,0.145739926407934,67.4354517192912,0.109656890120706,79.6395074777448,0.490920153378741,44.7876389535525,0.463493077745811,0.208095601882928,0.251624719093269,2055
28,"Mississippi",2000,0.241763363475813,0.0110723631455313,27.1109571888536,0.139116053117445,67.5563439124765,0.102766626787566,80.168690338067,0.499405715255758,44.7106673557651,0.465472739664172,0.220061930486823,0.263464796464803,2035
28,"Mississippi",2001,0.264567329461562,0.00942877366293143,27.4092090078405,0.122129084676387,67.5134718198622,0.0920066759109789,80.8980931343734,0.416221977110375,45.0178415739768,0.395832376762615,0.246087272663837,0.283047386259288,2838
28,"Mississippi",2002,0.266849311830175,0.00868371418356206,27.3448409896225,0.112822261340845,67.4136797780841,0.0804258579235056,80.4756136591232,0.391263804236408,44.6759377291988,0.341092000283147,0.249829544778354,0.283869078881997,3839
28,"Mississippi",2003,0.279556626253911,0.00822451004262681,27.5921749702756,0.107061323512734,67.5394751284463,0.0798717676121231,81.5005912037024,0.374170578670237,45.1913702836251,0.343282920653684,0.263436882779875,0.295676369727948,4143
28,"Mississippi",2004,0.292544383263553,0.00781103642992983,27.8889270535495,0.106679155312789,67.5054089897143,0.0717238267655589,82.2638742628645,0.358578796529874,44.7809823498577,0.315081533109557,0.27723503317896,0.307853733348146,4939
28,"Mississippi",2005,0.309363141807971,0.00916661788948578,28.1928970077965,0.127571689984857,67.4724762724651,0.0827458065938477,83.0422265420569,0.417571753262193,45.3014613018455,0.381206695533851,0.291396900884538,0.327329382731403,4203
28,"Mississippi",2006,0.313794717211398,0.00806218765440282,28.1548524776532,0.105927167001972,67.502284565833,0.0751108511950063,83.0102938551324,0.356842879525327,45.356532940006,0.334195219451516,0.297993119772165,0.329596314650631,5734
28,"Mississippi",2007,0.324265823644084,0.00774888846098184,28.1639048107921,0.0988769671384936,67.5143100367211,0.0745442509382264,83.0792695507723,0.336676099473411,45.4557631520192,0.33155451250341,0.309078281340341,0.339453365947826,7403
28,"Mississippi",2008,0.332494606695124,0.00782053265173737,28.3562918249354,0.105851540663039,67.5499358985811,0.0725629708631734,83.7058601681459,0.352025292397532,46.2451830484392,0.294612451455906,0.317166644357799,0.347822569032449,7553
28,"Mississippi",2009,0.35204099988238,0.00719427196344983,28.6508309457921,0.0984111098026937,67.4748856229428,0.0628405893301446,84.4038381838766,0.327460973455929,46.2944539965426,0.277132809964499,0.337940485939032,0.366141513825728,10644
28,"Mississippi",2010,0.344753379789589,0.0084006285016456,28.667495505268,0.125833948090467,67.4695352231175,0.0757394270522177,84.4760280448349,0.42832237548006,46.6294281526551,0.316607346883447,0.328288450478863,0.361218309100315,7659
28,"Mississippi",2011,0.347496544228772,0.0072552221679469,28.6231138932458,0.102240873882021,67.3695668068119,0.0621961484560151,84.0365549514996,0.330840590256271,46.3055756002623,0.259383040926969,0.333276570079759,0.361716518377784,8448
28,"Mississippi",2012,0.345834259403639,0.00803768341679901,28.5897194567623,0.114673954861303,67.421240404396,0.0739992072272575,84.0646916290476,0.381917918875698,46.6621672692149,0.287080798704899,0.330080689387578,0.3615878294197,7381
28,"Mississippi",2013,0.348752143966458,0.00836156745907726,28.6383380589754,0.116897888838831,67.3557225832751,0.0731779320033733,84.1057124615634,0.391731314942239,46.9128829546143,0.303685390004524,0.332363772892364,0.365140515040551,7017
28,"Mississippi",2014,0.353756286497169,0.0106250059974619,28.7706445871948,0.140443885220826,67.4631849307276,0.0942555378849136,84.6851719214618,0.468252056539906,47.1462835310255,0.392497938621837,0.332931657406622,0.374580915587717,3970
28,"Mississippi",2015,0.353395474792067,0.00947642555350406,28.8751666465804,0.133431691463895,67.364702247531,0.0837608011655205,84.7882030117094,0.440200559120807,47.2161483490138,0.356614860078943,0.334822022005024,0.37196892757911,5656
28,"Mississippi",2016,0.369284305806474,0.00944024996138331,29.0897038431063,0.129304069912497,67.3173771314468,0.0826652092614667,85.3051470545308,0.436304847822568,47.3966312163356,0.360991648766194,0.350781755877107,0.387786855735841,4807
28,"Mississippi",2017,0.369434640505192,0.0104024065668661,28.9576691510862,0.156375667198008,67.2580173046219,0.094804858913244,84.7143126445211,0.506719185593414,47.45046805127,0.399725719636536,0.349046298281591,0.389822982728792,4736
28,"Mississippi",2018,0.391793810249577,0.00880999902667323,29.3627552113312,0.124024467911189,67.3473685004522,0.0791530375805434,86.0888575511546,0.405179707715543,47.5902718987638,0.328902684937213,0.374526529453464,0.409061091045689,5462
28,"Mississippi",2019,0.407034930394317,0.00948718176612698,29.4045395686175,0.129500465264815,67.4425966690756,0.0833558259225821,86.4597711991007,0.429016681498841,47.7031055718722,0.355204987460841,0.388440395817923,0.425629464970711,4725
28,"Mississippi",2020,0.392883323274561,0.00832509205490408,29.3469659546272,0.112939843379568,67.3995149769327,0.0697117299047715,86.1706577606077,0.359923658344617,47.9256701821784,0.30646800771569,0.376566442678969,0.409200203870154,6058
28,"Mississippi",2021,0.388542271633624,0.010094519720465,29.3157863966355,0.144367461548462,67.4666928882192,0.0893737527621189,86.3778282878187,0.497349934472186,48.0510560966244,0.376165744937919,0.368757376540284,0.408327166726965,4104
28,"Mississippi",2022,0.393023031733134,0.00991871025387075,29.4628007626589,0.148541049235664,67.4023876693287,0.0848950384673458,86.5942127633797,0.476293208203631,48.1959129500778,0.385036120937144,0.373582716862459,0.412463346603809,3927
28,"Mississippi",2023,0.398046449667217,0.0108659515127101,29.4316615643141,0.150731464887835,67.3232548575726,0.0955459786665278,86.2394872894782,0.488878021506277,48.5614541077817,0.390363682559211,0.376749576044547,0.419343323289887,3827
29,"Missouri",1990,0.112102654810092,0.00923320788018442,25.0088007779748,0.130472328389707,67.2614922348317,0.111158742245123,73.3743218100062,0.461270965545381,44.7997825633228,0.56709214046496,0.0940058999031591,0.130199409717025,1445
29,"Missouri",1991,0.118811122051288,0.00898259368088163,25.0338824166091,0.142128685869488,67.2231314173374,0.114377597706726,73.3887694324728,0.506767054619997,44.8979550050229,0.541316496500525,0.101205561949003,0.136416682153573,1440
29,"Missouri",1992,0.141323049764686,0.00944195729629013,25.3897795388369,0.130941026595224,67.4284766423057,0.125032449717739,74.8253759055077,0.489474021306707,45.0377315655379,0.577628606919063,0.122817153520392,0.159828946008979,1436
29,"Missouri",1993,0.13792199291682,0.00963270574899929,25.4209780703641,0.130647701692296,67.2754590713827,0.120155167092081,74.6087841630983,0.455891781927456,45.2869640439473,0.545236671665136,0.119042236575109,0.15680174925853,1441
29,"Missouri",1994,0.172747538831189,0.010584715146199,25.7923839855641,0.138120428183648,67.3094227334435,0.119239289458421,75.8146035763139,0.521628393183874,45.3412881819026,0.565130773757185,0.152001878358024,0.193493199304355,1452
29,"Missouri",1995,0.180283254217953,0.0113292378536145,26.0865798746845,0.143590142629814,67.4404731551451,0.13023300110851,76.8976280140056,0.512205575709614,45.6226604561733,0.571558217465562,0.15807835605258,0.202488152383325,1490
29,"Missouri",1996,0.183892890289355,0.0113982868117349,26.1262745449464,0.150811563292349,67.329976361891,0.119018232011117,76.7040552979294,0.493678920740072,45.8414411840578,0.539904752943966,0.161552658652897,0.206233121925813,1486
29,"Missouri",1997,0.185698646087132,0.0111465322685776,26.0180796004771,0.142985246422735,67.3294058765357,0.11077830221451,76.3926497088277,0.471270848607099,46.0247615623317,0.560979032018263,0.163851844288207,0.207545447886058,1788
29,"Missouri",1998,0.196544478508955,0.00909521999574347,26.3862777568808,0.119096704177161,67.2770689228808,0.0863513287482113,77.3269887109268,0.399856342640931,46.2189607042222,0.399985806478139,0.178718174885829,0.21437078213208,3567
29,"Missouri",1999,0.209700263649511,0.00867771447602527,26.4980715915427,0.107390661200827,67.4049124908763,0.0854310307248271,78.055618200507,0.378638509441488,46.2269629388111,0.383466284336254,0.192692255808379,0.226708271490642,4102
29,"Missouri",2000,0.216407935615851,0.00925469147450547,26.4632339328501,0.116715480850358,67.5124678325486,0.0898764711854403,78.226458501679,0.418698647688634,46.0618718922359,0.376124392979706,0.19826907363779,0.234546797593911,4175
29,"Missouri",2001,0.231823141776165,0.00902836679842836,26.8203706301397,0.116420498411804,67.5329940645636,0.0854176081088078,79.3272680748603,0.414995790718578,46.2215847298651,0.369824194689782,0.214127868012028,0.249518415540302,3933
29,"Missouri",2002,0.232035537098629,0.00855604566788142,26.9565407529177,0.109914064361368,67.4570553635187,0.083233787826397,79.4969465522101,0.382738270166527,46.0556373548264,0.360268585142134,0.215265995739501,0.248805078457756,4483
29,"Missouri",2003,0.233933441967977,0.00938220216718239,27.0073557678537,0.124711249622814,67.4906987732672,0.0890099162198295,79.7753200193743,0.4428035331946,46.4100399454255,0.398095382883381,0.215544663624625,0.252322220311328,4019
29,"Missouri",2004,0.248655685766285,0.00873228155377647,27.0998446520025,0.110490510139604,67.4933136780781,0.0806549671314905,79.930710336335,0.372668584564889,46.2179937305072,0.353497388919969,0.231540728418019,0.26577064311455,4689
29,"Missouri",2005,0.268896646382369,0.0092445038277576,27.4804142227726,0.118663683010536,67.4835540077727,0.0925941632165433,81.1243960074282,0.440206295994838,46.4880405311089,0.424443398593488,0.250777751825021,0.287015540939716,4963
29,"Missouri",2006,0.273210923641673,0.00982436488590055,27.4864808518594,0.132023647134197,67.3925350496797,0.0922099634438034,80.9178677301128,0.466851402417534,46.5558080213204,0.432851865957368,0.253955522294327,0.292466324989018,5180
29,"Missouri",2007,0.281956495992261,0.00937376178979273,27.513098639725,0.124008392823782,67.4204058005811,0.0869651392452217,80.9610910672827,0.409911988222902,46.6441017105744,0.42105726306794,0.26358426048461,0.300328731499913,5047
29,"Missouri",2008,0.289175870632443,0.00964579211079884,27.7756091919501,0.126144083881432,67.3981751901503,0.0905406777651479,81.8242305090884,0.438985329456266,46.731141396765,0.407585929163649,0.270270465492917,0.308081275771969,4932
29,"Missouri",2009,0.306072407932208,0.0103035761058122,27.9577997019511,0.141794313225692,67.4708980455681,0.09260115108579,82.5268097217049,0.518559518761073,46.9702033813956,0.41144926657614,0.285877769852849,0.326267046011568,4846
29,"Missouri",2010,0.311284017785693,0.0107414826966003,27.9487135933638,0.149223582152959,67.4308678886314,0.100992042458014,82.3365720393657,0.504422740445222,47.0784073946764,0.44459616410575,0.290231098559796,0.33233693701159,5174
29,"Missouri",2011,0.301473312272859,0.0085195208365172,28.0019837670415,0.118100865544464,67.3480940998169,0.0775862515598612,82.2132715386131,0.393354811054755,46.8623870077487,0.327472587544112,0.284775358267747,0.318171266277972,6068
29,"Missouri",2012,0.294303195088661,0.00818361609657645,27.9537902418801,0.114137663899292,67.4212295914194,0.0745083480705569,82.3052081096772,0.379312378231223,47.3513606900752,0.316477296701721,0.278263602276069,0.310342787901253,6397
29,"Missouri",2013,0.30212941521555,0.00841885269355662,27.9767489176239,0.116147935209244,67.4581810196019,0.0757144045812797,82.4881415061699,0.395370555220795,47.7527118803803,0.301503656679575,0.285628767145031,0.318630063286069,6771
29,"Missouri",2014,0.301066953086931,0.0083449487901365,27.9878193193388,0.114600441304098,67.5646548954156,0.0776766614429483,82.7971902868307,0.400037122438524,47.7850364927417,0.320950546362725,0.284711154005433,0.31742275216843,6684
29,"Missouri",2015,0.317341303768938,0.00817497618094905,28.09970218509,0.112187447115343,67.5404720566242,0.0800797134601008,83.064930898212,0.384060206399069,47.8512081215769,0.298006716531568,0.301318644879805,0.333363962658071,6718
29,"Missouri",2016,0.314433457794743,0.00882356154906105,28.2093671990778,0.124973558682445,67.4736484301163,0.0792438733551823,83.1472590126223,0.410585187596726,47.8457702938398,0.334832407313743,0.297139594943211,0.331727320646276,6563
29,"Missouri",2017,0.322466260550108,0.00784209756751982,28.2992135461628,0.109632002798436,67.4936852579452,0.0722894341812327,83.4807364408464,0.368692938182585,48.0944154131318,0.292500538532675,0.30709603175452,0.337836489345696,6997
29,"Missouri",2018,0.347540636664773,0.00914589070164994,28.5586565932225,0.138097268071724,67.4993080825102,0.0822492883557126,84.133638400668,0.433114774119477,47.9839276862864,0.335753869283121,0.329615020282999,0.365466253046547,5782
29,"Missouri",2019,0.345633188495081,0.0082228655439285,28.439284929893,0.109571275276156,67.5135795614428,0.0704472621145515,83.9419774778574,0.366424268592506,48.294484390301,0.293458446131193,0.329516668179265,0.361749708810896,6716
29,"Missouri",2020,0.337726901803485,0.00686538266126079,28.6203394234376,0.0955642956524534,67.5025875347881,0.0600294927248674,84.358731883315,0.308757469574689,48.359701925527,0.261466983490958,0.324270999047328,0.351182804559642,8415
29,"Missouri",2021,0.369398283735537,0.00714070489579456,28.9269874951865,0.100289202318226,67.5137654672136,0.0614378630937702,85.4412697324598,0.338596104781774,48.7200005825957,0.25948289661525,0.355402759315551,0.383393808155524,11193
29,"Missouri",2022,0.361063370355955,0.00794392972121218,28.8928782270986,0.109902967002297,67.4647839813435,0.0682587544407734,85.1369535357204,0.360347938246827,48.7575728635979,0.295220188607626,0.345493554206662,0.376633186505248,6823
29,"Missouri",2023,0.35074685763386,0.00814727474159292,28.7093758800612,0.118418839492792,67.4819991223591,0.0723837834981085,84.6137490913015,0.386910427480755,48.9282849874791,0.317252723615728,0.334778492568185,0.366715222699535,6570
30,"Montana",1990,0.0852541167396258,0.00900884739020404,24.5003735470908,0.128067686998381,67.5014882304384,0.123770930579396,72.3822187504562,0.485697321113956,44.0857537099288,0.627593073754254,0.0675971003126083,0.102911133166643,1135
30,"Montana",1991,0.0933487794708596,0.00919995406812894,24.7345815594249,0.139718087337799,67.6166376357698,0.133317422020187,73.3178861309712,0.512717296356865,43.8693864700565,0.617210204970662,0.0753172008379042,0.111380358103815,1157
30,"Montana",1992,0.105073140586464,0.00935313243892625,24.9969522535078,0.131970762989454,67.5498057112994,0.139869561658351,73.9558189318857,0.505731294735888,44.9009045546342,0.646015197930634,0.0867413378635352,0.123404943309393,1159
30,"Montana",1993,0.118177269779156,0.0101820760077909,25.1479336016525,0.141853015409399,67.4256612137166,0.130036042809419,74.1443224675775,0.53431299622874,45.3925708871689,0.64060326222636,0.0982207675160366,0.138133772042276,1134
30,"Montana",1994,0.129059632290835,0.0117257573458221,25.3197488230632,0.136040292156714,67.5238633261775,0.12795296347903,74.8480916730841,0.498814232207936,45.4181300107486,0.598588137765288,0.106077570201568,0.152041694380102,1150
30,"Montana",1995,0.125462578473601,0.010502555082581,25.4208745277207,0.141377992930916,67.7154149591271,0.128333911362235,75.6084130919864,0.532362395524558,45.846675343868,0.621590949670223,0.104877948766094,0.146047208181108,1143
30,"Montana",1996,0.139105851273913,0.00925154177182514,25.6330179814685,0.120751517310047,67.611058523719,0.102453346384323,75.9880636093467,0.440093163859499,45.9322121181913,0.49309673739273,0.120973162599667,0.157238539948158,1721
30,"Montana",1997,0.142520680447338,0.00945487119449058,25.5484983696117,0.116817798766169,67.7059811110331,0.107092292482054,75.9441597191994,0.443156372122338,46.1838220531257,0.518071829760304,0.123989473427671,0.161051887467004,1722
30,"Montana",1998,0.147458797303495,0.00895098561389278,25.6922344804762,0.12175411378514,67.823954402114,0.112191092456105,76.6672470558404,0.478281773966344,46.2054995902366,0.501223810937635,0.129915187874129,0.165002406732861,1717
30,"Montana",1999,0.146084609674294,0.0092275902020102,25.720414909841,0.120022536888912,67.7459214699012,0.108497797243332,76.5852272874768,0.455547451941179,46.4617525336039,0.474469066588861,0.12799886521426,0.164170354134329,1729
30,"Montana",2000,0.152732979811445,0.00838419327895407,25.8158460123302,0.108366612515751,67.7485547311777,0.0990309712121572,76.7861078127801,0.410247776196482,46.2094030556851,0.457592256641478,0.136300262945272,0.169165696677618,2849
30,"Montana",2001,0.188503598811924,0.00909738056972189,26.3450750766404,0.121446369640857,67.718239501237,0.0978271746297413,78.263458527103,0.419961701356757,46.4648462890183,0.428903978731876,0.170673060541615,0.206334137082234,3160
30,"Montana",2002,0.186707735177444,0.00867818059613875,26.3193922120789,0.106559882002657,67.8339989573918,0.0997244469694693,78.5085272974754,0.393245027867858,46.3393631535963,0.415362880437672,0.169698813757677,0.20371665659721,3786
30,"Montana",2003,0.187669098366158,0.00843975323696582,26.3338584944981,0.103967414504584,67.8407950921003,0.0939176444293183,78.6105368904623,0.393174535285132,46.9775603015122,0.419572107532762,0.1711274859833,0.204210710749017,3797
30,"Montana",2004,0.196736012668003,0.00717774444556117,26.4392825610554,0.0950776553989107,67.6970390104541,0.0780798244275159,78.5201844404387,0.340658621564662,46.8175083963899,0.367498094903683,0.18266789206447,0.210804133271535,4768
30,"Montana",2005,0.21149802239282,0.00765350412442769,26.476466686787,0.0981977334588595,67.8701784591339,0.0815209347836095,79.0510981786864,0.351048263836863,47.0913032386706,0.390495636642205,0.196497429953413,0.226498614832227,4646
30,"Montana",2006,0.212733477649947,0.00697259792834491,26.6680523560162,0.0935209390726446,67.7467983013854,0.0764882960728997,79.3067310102011,0.324427906440702,47.0610271311585,0.368806234689322,0.199067436831712,0.226399518468181,5648
30,"Montana",2007,0.226699829652257,0.00752581597497613,26.9099126566681,0.0982452838771594,67.7876901206262,0.0802529819506988,80.0976616076464,0.349134774114758,47.4533682316857,0.358309972523956,0.211949501387027,0.241450157917486,5632
30,"Montana",2008,0.240359620650702,0.00788729755512348,26.9926192662746,0.0990576673042962,67.8745721256735,0.0783572196232463,80.6107148574587,0.359633785867649,47.4577112635278,0.371002411553067,0.224900801507309,0.255818439794095,6480
30,"Montana",2009,0.236954114753809,0.00725874891514474,27.0975722600353,0.0952474678165417,67.9006627928392,0.074772559318236,81.0089239811197,0.344112343046565,47.7979509520401,0.36590522416867,0.222727228307306,0.251181001200312,7317
30,"Montana",2010,0.236371747596294,0.00805718405782319,26.975039596524,0.115291385566808,67.7270089948959,0.0857837730452929,80.2818252794824,0.416278810502489,47.7503536665038,0.428548649312236,0.22057995702615,0.252163538166438,7037
30,"Montana",2011,0.244350868298755,0.00669917656862965,27.0614467765719,0.0892610226069729,67.7959140496622,0.0615865352218795,80.5787460694897,0.305307470424347,47.7651573448286,0.270542255327155,0.231220723498166,0.257481013099344,9836
30,"Montana",2012,0.242637368878283,0.006162163255547,27.1569185520383,0.0824190213020905,67.7310613905093,0.0610969370946028,80.7229099759733,0.285564294434526,48.2272495445282,0.246854270113953,0.230559750830555,0.254714986926012,8324
30,"Montana",2013,0.244594556725078,0.00612468167379506,27.1293190694223,0.0801536226723389,67.7599312067619,0.0591764126049724,80.7353646411834,0.280376195280874,48.4408370658259,0.243302855885217,0.232590401227667,0.256598712222489,9316
30,"Montana",2014,0.262764515154515,0.00765413131980949,27.3651059640258,0.102197407141044,67.802251791288,0.0704464056027755,81.4822809324207,0.340358516073139,48.653561736042,0.31468119956382,0.247762693434749,0.277766336874282,7061
30,"Montana",2015,0.233081699993284,0.00793786821766135,27.1580986337513,0.115788694420465,67.7695378815974,0.0805168346041645,80.8821965358797,0.408683865091131,48.696866034854,0.354889400052314,0.217523764172643,0.248639635813925,5562
30,"Montana",2016,0.252866155618664,0.00834835760111495,27.2766382144242,0.110171687495946,67.8907101045867,0.0787729394825245,81.406485797334,0.375907031305782,48.7843325681555,0.355614603533372,0.236503675390417,0.26922863584691,5481
30,"Montana",2017,0.251674964110473,0.00793137009394368,27.2966107530291,0.108367647946585,67.822724598956,0.0773200229144233,81.3852942850597,0.383530206649073,48.8570867460633,0.335753589279844,0.236129764378285,0.267220163842661,5508
30,"Montana",2018,0.267453263662963,0.00840007316653766,27.4145667516249,0.115425374188269,67.7527090003313,0.0849576050659712,81.4944318533965,0.397301067118527,48.7349549329099,0.36423465372804,0.250989422789048,0.283917104536878,4797
30,"Montana",2019,0.281510096435706,0.00692739286330071,27.6760350506103,0.092091926800907,67.8772900946644,0.0631728498199749,82.529552948938,0.309844864870425,48.8378100526102,0.282014464069533,0.267932655916877,0.295087536954535,6036
30,"Montana",2020,0.283694542112516,0.00725243897367348,27.7258540413833,0.0978113327941474,67.846075731868,0.0662363261523221,82.6337454048344,0.330703643375869,49.0969676948273,0.293374277931461,0.269480022924042,0.297909061300991,5847
30,"Montana",2021,0.314650482871816,0.00781170648398626,28.1401962352357,0.104903655162987,67.93375424868,0.0699608946082693,84.0751537856267,0.349337481820663,49.4151952492736,0.306953151649665,0.299339819505405,0.329961146238227,5779
30,"Montana",2022,0.301951483286851,0.00721057354772351,28.0765381363331,0.102294188684307,67.8579538619232,0.0632710581344375,83.679304634416,0.334705696873173,49.6540604434905,0.284091502663838,0.287819018825435,0.316083947748266,6521
30,"Montana",2023,0.302867532726254,0.00729160117134364,27.8914673367668,0.0975252067636101,67.7980783034644,0.0659686263143246,83.0489928979512,0.328032937482349,50.0094570176916,0.297048055080225,0.28857625704079,0.317158808411718,6692
31,"Nebraska",1990,0.113408387940234,0.00860872965342858,24.960404889231,0.121151539221199,67.5883332171223,0.112322509589133,73.9199601120639,0.452373313708687,44.717361526093,0.524175939459009,0.0965355878668724,0.130281188013596,1561
31,"Nebraska",1991,0.127075763188565,0.0104761658929885,25.080562959807,0.14237325104386,67.422345912998,0.118830752353435,73.9836925296076,0.52404086114542,44.7348669229303,0.566736327643364,0.106542855342241,0.14760867103489,1289
31,"Nebraska",1992,0.116605983679828,0.00872949336634516,25.0865082577509,0.119586974342614,67.5000241844167,0.114792903020225,74.1373583659447,0.453381087751258,45.0108675820869,0.5122162385153,0.0994964910785106,0.133715476281146,1546
31,"Nebraska",1993,0.141687519197015,0.00909046930062459,25.4671147864991,0.117301917038524,67.5961454967589,0.104340209428661,75.4615197429844,0.439177795451898,45.1080502636918,0.463950343261651,0.123870526765224,0.159504511628807,1718
31,"Nebraska",1994,0.141611713848034,0.00918432991032479,25.602151196314,0.123125820985552,67.6027765437619,0.106033711920324,75.9050033843671,0.459040269788948,45.1668557618447,0.481391486096283,0.123610758001664,0.159612669694405,1700
31,"Nebraska",1995,0.15668491787677,0.00977625475065439,25.7438853353618,0.125320117111727,67.5750531684231,0.108246884676915,76.2637284798885,0.470050883169708,45.6638054873638,0.464903748314632,0.137523810661799,0.175846025091741,1709
31,"Nebraska",1996,0.159330598588113,0.00904831781440512,25.8950195072218,0.114469314867142,67.5929959636732,0.110297437973379,76.6547410277014,0.434001145141999,45.8318663587251,0.555564850505189,0.141596221551206,0.177064975625019,1981
31,"Nebraska",1997,0.166277524827277,0.0088507393735102,25.8842573665118,0.112061226209763,67.6537197231742,0.110658765321966,76.9053547254498,0.444434002318351,45.9773793675291,0.44467430567175,0.148930394418647,0.183624655235908,2569
31,"Nebraska",1998,0.175734447511502,0.00816406955746285,26.0947345553844,0.115716277817614,67.6740235262124,0.0945731247323584,77.3674648350962,0.38830683359446,46.0039888195428,0.438943188104241,0.159733165211595,0.19173572981141,2565
31,"Nebraska",1999,0.203622006359927,0.00865274124703169,26.3611034981266,0.105908360962557,67.6299797518352,0.087397658385056,78.1753442120497,0.386989378874903,46.1904123782906,0.378695503644868,0.186662945148201,0.220581067571654,2654
31,"Nebraska",2000,0.206938226704535,0.00878074096027245,26.4287810477832,0.112022077031541,67.69108193429,0.0870842768163561,78.553477128103,0.403802166286561,46.1321836643935,0.389843899211587,0.189728290664825,0.224148162744244,2837
31,"Nebraska",2001,0.205895179285958,0.00806720389304511,26.5593608509461,0.0972343321565814,67.603989871002,0.0857702227508702,78.6394142003304,0.354191844144327,46.1325760653546,0.366982588847248,0.190083750199649,0.221706608372268,3396
31,"Nebraska",2002,0.231847711379629,0.00806420954568825,26.829671094626,0.100869403678032,67.7204585121753,0.0794103216140502,79.8303664644487,0.366587230150992,45.7430811207532,0.339178898101018,0.216042151106296,0.247653271652962,4062
31,"Nebraska",2003,0.239392191320353,0.00718434170571007,27.0278757490199,0.0930463972333274,67.7836227112547,0.0730881066159862,80.5267121423082,0.336211593076339,46.4674371333302,0.310937507909832,0.225311140324532,0.253473242316174,4646
31,"Nebraska",2004,0.233455902688908,0.00611695858358032,26.9098352363278,0.080407845155124,67.7227112063809,0.0646664379642444,80.0007072961268,0.28561098074087,46.1316343521922,0.290319831407057,0.221466884170167,0.245444921207649,8288
31,"Nebraska",2005,0.259096007140088,0.00687744616511147,27.3159765728553,0.0955075793469729,67.6312718029208,0.0681346317552413,81.0154096832013,0.342745685177075,46.2098905826895,0.307123501810906,0.245616460350856,0.272575553929319,7819
31,"Nebraska",2006,0.268666641920532,0.00735193788042849,27.3388890688239,0.0996533131711597,67.689439999857,0.0740134143623884,81.1453724296429,0.339186020393151,46.1606383812119,0.35496647173049,0.254257108458316,0.283076175382748,7533
31,"Nebraska",2007,0.266025174236728,0.00851326430692243,27.4391318248652,0.111392908516645,67.7919753076551,0.0851633969123869,81.7700934898938,0.409894208931172,46.5212913475656,0.371804458051657,0.249339482804289,0.282710865669166,10406
31,"Nebraska",2008,0.273037749800063,0.00723084832475135,27.4502733554145,0.0904443430045147,67.7421543963764,0.0754917978912345,81.6436048871368,0.32804029299637,46.5929209974676,0.340264572828259,0.258865547505878,0.287209952094247,15457
31,"Nebraska",2009,0.282350550242598,0.0077348394819009,27.6248278608043,0.107259893555771,67.8071568094224,0.0852706573758458,82.3487471247932,0.382993626278331,47.0127185349602,0.323676028432156,0.267190543431873,0.297510557053322,15308
31,"Nebraska",2010,0.275091038922452,0.00772355071013463,27.6704691850101,0.0998586874287937,67.7778441934543,0.0737777310420505,82.3941153190514,0.35508719130635,46.8569522204356,0.351972987016511,0.259953157697819,0.290228920147084,15741
31,"Nebraska",2011,0.283158288662067,0.00425355030855485,27.6956616109832,0.0570471710359156,67.6675424643357,0.0384569648427864,82.1592548102834,0.193823886917122,46.6948295045856,0.161751634201571,0.27482148325087,0.291495094073263,24272
31,"Nebraska",2012,0.2847761928967,0.00475224191813437,27.6697992795077,0.0638437313864457,67.6422900422475,0.0452734447241044,81.995532764137,0.218990983272225,47.0983165637132,0.177406007029057,0.275461969891335,0.294090415902065,18305
31,"Nebraska",2013,0.294844206820484,0.00581314986415147,27.8125798639225,0.0789029793414276,67.6880167010937,0.0540707577023667,82.5844281073784,0.27212992895897,47.1701469243317,0.222695447219781,0.283450642450013,0.306237771190954,16236
31,"Nebraska",2014,0.299868897919553,0.00514084525897172,27.9087923275044,0.0666460713837129,67.6825839262263,0.0473271197617975,82.8098559081566,0.228970381707455,47.3051756954525,0.198390910707515,0.289793026361875,0.309944769477231,21096
31,"Nebraska",2015,0.311476738260633,0.00571379292319609,28.0372498652106,0.0756460795204416,67.6303882705369,0.0532105415704056,83.0651192745252,0.262889922867879,47.3011148598703,0.218540430178883,0.300277909916048,0.322675566605217,16241
31,"Nebraska",2016,0.317444079224355,0.00621222743362242,28.2170935610744,0.0843993722041055,67.7262464521341,0.0563953275727655,83.8070194869274,0.281983470525037,47.2962906954204,0.238417413753038,0.305268337190684,0.329619821258027,14149
31,"Nebraska",2017,0.325772922581273,0.00606588224328414,28.3870469685791,0.0826833260597401,67.7400624639876,0.0555722362728729,84.3560920579318,0.277324200136447,47.4876614288977,0.228483255054529,0.313884011849975,0.337661833312571,14311
31,"Nebraska",2018,0.338488606228238,0.00612060774161727,28.4979982413412,0.0838271610196376,67.6989005216,0.0548542186214548,84.5808642990576,0.287905062311201,47.3710706144523,0.230486773866291,0.326492435491171,0.350484776965305,13647
31,"Nebraska",2019,0.338750028236706,0.00560633939739953,28.5283817495629,0.0769719933013528,67.6252742442715,0.0513569845496667,84.429949253227,0.255119169620892,47.5877585716911,0.211416849995531,0.327761804932695,0.349738251540717,14684
31,"Nebraska",2020,0.337470884709987,0.00605883245480134,28.4962966974984,0.0806011162238381,67.7542912438471,0.0551026688023754,84.7223250617982,0.273394670628103,47.8377085027718,0.220244586142532,0.325595791310214,0.34934597810976,13580
31,"Nebraska",2021,0.356712137232039,0.00578695602512352,28.8636874526656,0.0795912944681274,67.6421328486813,0.0513439593100497,85.5091467510729,0.263584162770244,47.8579340161547,0.210558843743851,0.34536991184268,0.368054362621398,13678
31,"Nebraska",2022,0.350059176643901,0.0079572542856088,28.7656520827231,0.10774829660757,67.5814909401741,0.0711094549865505,85.0931696206196,0.365912902501908,48.1555857689762,0.288237600014112,0.334463244828281,0.365655108459521,6837
31,"Nebraska",2023,0.363566319751669,0.00597993530754024,28.9161699936297,0.0825269037086093,67.5637666112264,0.053217079935829,85.4945369552229,0.28200463560461,48.3435458221042,0.230134164468084,0.351845861919011,0.375286777584327,11813
32,"Nevada",1992,0.119127076416357,0.00964539220361168,24.9271751167334,0.131861251823934,67.5864463641889,0.124083835531274,73.9174699262127,0.513658447282713,42.9259199923693,0.481178133414111,0.100222455080515,0.138031697752199,1555
32,"Nevada",1993,0.115579329306299,0.0088844922822666,25.1753027684664,0.127845311392049,67.604047939452,0.111751624785046,74.6359461901368,0.479820762496523,43.0351803812238,0.459151836235808,0.0981660444121326,0.132992614200466,1720
32,"Nevada",1994,0.134989094930551,0.0090318770560465,25.4499088607196,0.12113128561533,67.5261074535247,0.113523452274586,75.2858651955884,0.467280255298261,42.8159589940158,0.465278762700387,0.117286941187907,0.152691248673196,1716
32,"Nevada",1995,0.1306260198818,0.00981531424157934,25.2654653918586,0.128989695346432,67.6440787381959,0.116191714148041,75.0763886098182,0.496558278385464,44.0490158098801,0.440400433318504,0.111388357471362,0.149863682292239,1724
32,"Nevada",1996,0.151587741526409,0.0123611658898885,25.4626713271914,0.155028012078006,67.5577372854338,0.133681517019011,75.5344680347342,0.623072881712109,44.5674898314357,0.55424651279845,0.127360301575302,0.175815181477515,1712
32,"Nevada",1997,0.13847101777928,0.0150365031362627,25.2939901629544,0.198884001810084,67.6429899612005,0.149502468297292,74.9907327948605,0.665794089358938,44.8969561537057,0.696377194898685,0.109000013178781,0.167942022379778,2402
32,"Nevada",1998,0.134150389142522,0.0109442488692534,25.4451566504839,0.161818915047908,67.4838637398806,0.131299586494075,75.2546898667398,0.578871198743623,45.0393809671907,0.641013824262212,0.112700055520942,0.155600722764102,1890
32,"Nevada",1999,0.153455907673088,0.0114019569666814,25.8592896214119,0.143593700281287,67.2710654302747,0.123770883053438,75.8567867212688,0.503382548804337,45.6029199754918,0.565590984083277,0.131108482665117,0.175803332681059,2098
32,"Nevada",2000,0.171666183237987,0.0129860123394447,26.0003119350674,0.157664953749621,67.4622216435729,0.121320324407346,76.7363817439469,0.550753938747479,45.2315597120307,0.534232839356054,0.146214066749883,0.197118299726091,2008
32,"Nevada",2001,0.193307256053411,0.0135519809080599,26.264637293384,0.163487703777532,67.5712910607562,0.114791244335137,77.8641685095806,0.600042599581436,45.5298536823847,0.465548287485667,0.16674586155444,0.219868650552383,2450
32,"Nevada",2002,0.213072150097259,0.011201690375509,26.5777406533399,0.147634026722331,67.3201633857161,0.121720350024585,78.143744268002,0.517196273020926,45.1245631237811,0.439524923166084,0.191117240395292,0.235027059799225,2959
32,"Nevada",2003,0.214073885807466,0.0114904439954754,26.5690567031641,0.145471500790366,67.5002699172529,0.111519408130149,78.5444353244284,0.525778416926676,46.0285533989082,0.45719129949,0.19155302940996,0.236594742204972,2756
32,"Nevada",2004,0.21057087957149,0.0115920447461059,26.6670892661607,0.148627175242747,67.2006878268193,0.121629251024655,78.1203710917185,0.533218917430493,45.4484545031173,0.461803205225988,0.187850889361945,0.233290869781034,2748
32,"Nevada",2005,0.21078498294037,0.0114426981820765,26.6051938253824,0.146369331032755,67.292090163416,0.119368144837407,78.1217091810361,0.519578742434841,45.3341092914117,0.471971613775721,0.188357706617538,0.233212259263202,3021
32,"Nevada",2006,0.252814542032483,0.0113395624707919,27.2380098776998,0.162422006685658,67.0590514255131,0.1131773666167,79.3414737821507,0.540013448160622,45.2966245109381,0.457044409058355,0.230589407989289,0.275039676075677,3397
32,"Nevada",2007,0.246628626549059,0.010677386989872,27.2241637317819,0.142881273550112,67.2328287394385,0.104980605996038,79.7413277593728,0.495798076134466,45.5624149578992,0.429775404236459,0.225701332599913,0.267555920498204,3892
32,"Nevada",2008,0.25771514755779,0.0106196726420826,27.1286462893399,0.134394557030288,67.2145193678102,0.101406143529585,79.4470278370178,0.460598544681843,45.5344758542775,0.413962730680428,0.236900971651703,0.278529323463877,4465
32,"Nevada",2009,0.264975349357014,0.0133591707138913,27.2310463413817,0.177715663989689,67.501304148699,0.113286306768982,80.5102192341774,0.618107112598265,46.198154349261,0.485273275869628,0.238791855894465,0.291158842819564,3636
32,"Nevada",2010,0.228483932388507,0.012087564452395,26.9389146747513,0.163896509274799,67.4103803673104,0.114732669499843,79.4988391928377,0.597309006750851,45.8765275311333,0.498284695203748,0.204792741401006,0.252175123376008,3705
32,"Nevada",2011,0.240047026133932,0.010485769611696,27.0216568478236,0.140167605142564,67.2432980649658,0.103495099387493,79.2661945608846,0.499976612582694,45.830039206615,0.398118062607328,0.219495295344823,0.26059875692304,5135
32,"Nevada",2012,0.260832193121531,0.00987223480729725,27.2078318731423,0.130596843766639,67.0427034836452,0.0917813866497154,79.2568457519655,0.429159058569965,46.453030650803,0.353053207798642,0.241482968452306,0.280181417790757,4536
32,"Nevada",2013,0.261466305571925,0.0115961161701974,27.430765870143,0.145433620050456,66.9954611374981,0.113519143975217,79.8112203754385,0.510008744391753,46.556287725211,0.431212359488628,0.238738335517795,0.284194275626054,4868
32,"Nevada",2014,0.275133187295989,0.0120371679087563,27.3411351255403,0.155665410225107,67.0843369216453,0.112672972544878,79.8580556851793,0.548906831898725,47.0612929921041,0.450041180853418,0.251540771718965,0.298725602873012,3552
32,"Nevada",2015,0.265981260503406,0.0138489782782131,27.3667361994158,0.171704811208834,66.8544776192242,0.132569982283199,79.239908542238,0.587199891143921,47.1474322794045,0.518287521854848,0.238837761855431,0.293124759151381,2697
32,"Nevada",2016,0.256878076870496,0.00995643221097808,27.3554953994322,0.137192944572378,67.0618772697578,0.100132607275676,79.7319626143143,0.473459203624838,47.2678354457558,0.383660924741016,0.237363828322464,0.276392325418527,3978
32,"Nevada",2017,0.26593379262276,0.0115192933730156,27.5359120930638,0.143932290913795,66.8602996966541,0.106652597100551,79.7028729603516,0.472958556011022,47.56153132156,0.414720739390177,0.243356392484299,0.288511192761222,3489
32,"Nevada",2018,0.291417696327038,0.0123601353603891,27.9038960801576,0.159086795765726,66.9140217755222,0.113540523307298,80.8879275942094,0.532891566398901,47.6581162137008,0.462427816119944,0.267192276176635,0.31564311647744,2995
32,"Nevada",2019,0.30421904498937,0.0125227775904645,27.9571102917371,0.163534038138132,67.0502672934886,0.118132642797423,81.3687086301976,0.543632385146958,47.7861562345246,0.463209064061611,0.279674851925654,0.328763238053086,2576
32,"Nevada",2020,0.285172016013967,0.0130665728640652,27.8182004135113,0.171450167439456,67.0732766984452,0.124639520503186,81.1427594035281,0.603933723511687,48.0704600346139,0.51962024711286,0.25956200379903,0.310782028228903,2278
32,"Nevada",2021,0.308796309316192,0.01361448280913,28.1712687773246,0.182715651954711,67.027053447668,0.133535305727798,82.0137107592489,0.622461697602578,47.8226731977115,0.486433658215341,0.282112413342157,0.335480205290226,2466
32,"Nevada",2022,0.331614875865803,0.0130372225818622,28.3550313496668,0.181373970802305,67.0163024373456,0.114785503192849,82.4154587969558,0.577199524436075,48.2149046486669,0.476016696701276,0.306062389146921,0.357167362584685,2899
32,"Nevada",2023,0.305620959757469,0.0149386921782569,28.0713453659355,0.213063674127978,67.0352637415932,0.169646712924812,81.7647554862709,0.731878321135456,48.2621721728634,0.56765094603791,0.276341661111956,0.334900258402983,2439
33,"New Hampshire",1990,0.105568522752033,0.00878236256143626,24.8156557787729,0.12069371618285,67.0586227313614,0.107276996011234,72.3723147776746,0.445040559948711,43.3644571698199,0.520224569614679,0.0883554084324453,0.122781637071621,1447
33,"New Hampshire",1991,0.104675279730254,0.00878181503096898,24.6770019790944,0.119294642717482,67.0560970437487,0.12322517882276,71.9251541067749,0.440635925558809,42.9616457892783,0.527854669746306,0.0874632385506627,0.121887320909846,1429
33,"New Hampshire",1992,0.104378969822604,0.00876802992270159,25.0337071598196,0.130019113634796,67.2108997794732,0.120799854998123,73.3519094979314,0.475515765911122,42.7951537879942,0.540869978695313,0.0871939469587397,0.121563992686469,1430
33,"New Hampshire",1993,0.106115617908795,0.00884492696736091,25.1095834969936,0.123381237875983,67.3226776904902,0.11683433246327,73.7706379639773,0.442638405706017,43.0389682411071,0.511858650218209,0.088779879606881,0.12345135621071,1430
33,"New Hampshire",1994,0.120248801671887,0.00901176482004269,25.1233511121726,0.125213015980701,67.3015523159604,0.122972582477904,73.7620021614219,0.457928143647,43.378321463787,0.569729101114512,0.102586067187458,0.137911536156316,1424
33,"New Hampshire",1995,0.144991017075305,0.0107338980623047,25.5047759615398,0.136875364653529,67.2566394349396,0.126567117480176,74.866270151786,0.512916569202117,43.9389013053949,0.572232374741414,0.123952963459464,0.166029070691147,1418
33,"New Hampshire",1996,0.137770282983503,0.00978879959293443,25.4286309268948,0.135748171875293,67.2424987288217,0.119057599107806,74.573974664345,0.491794978426593,44.4909529232417,0.563907804009862,0.118584588329472,0.156955977637535,1419
33,"New Hampshire",1997,0.134076994001438,0.0103381656733393,25.5691421681674,0.140294453660281,67.1817653231165,0.118047019397425,74.8915658859597,0.509866530411377,44.5446664516741,0.545042901799085,0.113814561615485,0.154339426387392,1445
33,"New Hampshire",1998,0.145680408493524,0.010541515100991,25.5845509644554,0.133015463460435,67.2414463346671,0.126891089500219,74.9799174072192,0.491842935077587,44.599220250887,0.530490346278908,0.125019418553097,0.166341398433952,1409
33,"New Hampshire",1999,0.138057483178938,0.0117325419412768,25.5720474427877,0.15429732319206,67.2883642280913,0.137114852377903,75.1509665656913,0.560401796685026,44.6647187268041,0.605316457683584,0.11506212352693,0.161052842830946,1171
33,"New Hampshire",2000,0.171690593979789,0.0104714215400099,26.0505110928603,0.136911963554716,67.2596910899459,0.107102160301223,76.4661012320168,0.504427320125314,44.9581774911872,0.502809080696728,0.151166984894432,0.192214203065145,1835
33,"New Hampshire",2001,0.193073201873282,0.00734620668606873,26.2617107548853,0.0932171774114098,67.3218665225197,0.0744243420216003,77.1847480204495,0.333839956695058,45.2169874340396,0.329642311503852,0.1786749013456,0.207471502400964,3746
33,"New Hampshire",2002,0.18008701898637,0.00621589236750233,26.2170502588952,0.0792513932484362,67.2609995858284,0.0685409753913104,77.0124679747632,0.301234916165614,45.827864682642,0.287962888091074,0.167904093814288,0.192269944158452,4677
33,"New Hampshire",2003,0.200504356301329,0.00663161739302761,26.4144620799996,0.0869620325606647,67.2843665286133,0.069816381052807,77.5848237764645,0.318290283122211,46.2143306141581,0.314103527922684,0.187506625051746,0.213502087550913,4661
33,"New Hampshire",2004,0.216086874447785,0.00697122817348961,26.6894425382285,0.0918366794237122,67.2869215934374,0.0712798039835693,78.4336752898841,0.332884583583734,46.0815114039148,0.307960345479057,0.202423518299735,0.229750230595836,4754
33,"New Hampshire",2005,0.23127507525808,0.00679924882073038,26.8727579249525,0.0895743810553087,67.2907686054539,0.068161772904444,78.877022660766,0.314753047993039,46.6828479437063,0.298076705457195,0.217948792447522,0.244601358068638,5621
33,"New Hampshire",2006,0.224127713384018,0.00707299004325138,26.9030157861793,0.0911899109456936,67.2985515294132,0.0696684111722733,78.9958427382188,0.324129845045618,46.8171798617721,0.315937384279705,0.210264907636235,0.237990519131801,5602
33,"New Hampshire",2007,0.251401597448003,0.00724051997191582,27.1437765011688,0.0912525363808501,67.3601687912406,0.0703122742981308,79.8247448270987,0.32524114975033,47.276089087812,0.304029617410401,0.237210439073705,0.2655927558223,5614
33,"New Hampshire",2008,0.250965271075658,0.00727200488953866,27.3089056501663,0.09598740935168,67.3974687507302,0.0705575415662147,80.4366790823505,0.34294740351783,47.16281852181,0.312181515989759,0.236712403396763,0.265218138754552,6496
33,"New Hampshire",2009,0.261416817724359,0.00880978306686656,27.2522732328548,0.104328366134302,67.2926936544115,0.0864229753309877,80.0312908696195,0.381963493567065,47.4605721730858,0.383141471570106,0.244149960201689,0.278683675247028,5655
33,"New Hampshire",2010,0.25474416808434,0.00786415421300221,27.3984832823886,0.103448625184794,67.1930571008993,0.0736252238497405,80.2125538452573,0.365363389003772,48.0254998695006,0.328762151902244,0.239330709057987,0.270157627110694,5732
33,"New Hampshire",2011,0.258795059836899,0.00763998614261223,27.3009080588557,0.104828359334944,67.1778544603536,0.0775188288843214,79.8660150321773,0.365017004715413,47.7052004751181,0.337811995285373,0.243820962154994,0.273769157518804,5989
33,"New Hampshire",2012,0.272674852197786,0.00762207399386518,27.4997528358005,0.105516078184231,67.2097013662768,0.0695957047338551,80.517049503064,0.359785817067386,48.3191990316908,0.312339300769806,0.257735861682311,0.287613842713261,7109
33,"New Hampshire",2013,0.264372839032532,0.00752582317837037,27.3526573327538,0.101242871997928,67.1411905209579,0.0703666958378457,79.8637388626139,0.337426585465782,48.2135667831456,0.31176171047891,0.249622496648909,0.279123181416155,6129
33,"New Hampshire",2014,0.27198475265194,0.00822234483519209,27.5036984246897,0.110878716858091,67.2939350561884,0.0788991938195544,80.712386557961,0.388020163754311,48.5300085573498,0.369527650336941,0.255869252906495,0.288100252397386,5722
33,"New Hampshire",2015,0.261037781160842,0.00773513393117846,27.4501333530508,0.104581409080305,67.1556574635801,0.0727671407945899,80.2095397312687,0.35541502871304,48.9040946255433,0.34859618787426,0.245877197240138,0.276198365081545,6354
33,"New Hampshire",2016,0.264173758834705,0.00823095925654297,27.4020442467063,0.108230988151102,67.1459477240166,0.0797612402860481,79.9823826401182,0.354812424290233,48.724831680691,0.36465995455364,0.248041375133664,0.280306142535745,5878
33,"New Hampshire",2017,0.278877216911261,0.00923390585050731,27.7265796252442,0.125949348458109,67.2679254923369,0.0884034947618511,81.3647891427553,0.424387012593576,48.6548010545498,0.406883478857028,0.260779094007633,0.296975339814889,5186
33,"New Hampshire",2018,0.294122464194129,0.00903993739388082,27.8790246006098,0.127361583229438,67.1762645235054,0.0843643270679357,81.4696683655993,0.420417797147217,49.2887837629307,0.358390265874318,0.276404512479625,0.311840415908632,5221
33,"New Hampshire",2019,0.314700248136776,0.00917119504788932,28.1092214484607,0.12016801376085,67.1862711151517,0.077406254913021,82.2143862751702,0.410859930717832,49.7286499105693,0.360235651796062,0.296725036147721,0.332675460125831,5209
33,"New Hampshire",2020,0.296357208144382,0.0086307672046021,27.9427423774064,0.114927268496982,67.2672553097672,0.0820363975309674,81.9235310596955,0.403380225942473,49.6572707025783,0.365366275811589,0.279441215264412,0.313273201024352,5586
33,"New Hampshire",2021,0.303707530345413,0.00861611224898183,27.9156355628663,0.118317156113481,67.2380825266748,0.0799245010622476,81.797750672275,0.404522206391846,49.8614972331705,0.367831120275854,0.286820260650655,0.320594800040172,5650
33,"New Hampshire",2022,0.301009289354563,0.00875916308581486,28.0609502629185,0.122837375598609,67.1758362614236,0.0814837620734418,82.0312931671197,0.423849828142421,50.2767593988372,0.363039450226212,0.283841645171653,0.318176933537473,5918
33,"New Hampshire",2023,0.324938441157715,0.00922340510452352,28.3487009963597,0.122808123851611,67.084095138579,0.0803545366764293,82.6659893434012,0.411434667486841,50.60592763629,0.366366360960504,0.306860899338026,0.343015982977404,6280
34,"New Jersey",1991,0.0976438311702124,0.00887948286408962,24.8563348172606,0.129259588986986,66.7314415168384,0.125742342784773,71.7863341154045,0.487329101666343,44.5774581522389,0.540342510960378,0.0802403645552562,0.115047297785169,1388
34,"New Jersey",1992,0.0975147060695577,0.00896706881200151,24.8393476842559,0.12784672127374,67.0263145215461,0.119859543003372,72.3512339087909,0.456821544423165,44.0027741260198,0.54982153466794,0.0799395741511423,0.115089837987973,1369
34,"New Jersey",1993,0.0959087815492103,0.00881738355247188,24.9101458820467,0.125648607675931,66.9687876136827,0.116235836277002,72.4800614985444,0.467628813221275,44.1490256313779,0.538127826869941,0.0786270273484896,0.113190535749931,1405
34,"New Jersey",1994,0.121364476338186,0.0103322690804793,25.074105666793,0.12755365691762,67.1171076983278,0.121764622447694,73.304117609968,0.489769791959044,43.9964198136522,0.529149245329974,0.10111360106187,0.141615351614503,1370
34,"New Jersey",1995,0.140307309828282,0.0121085025983117,25.4403243489439,0.17244963803833,67.0112868939292,0.132700848266214,74.0542172535764,0.599866776262699,45.1969673316205,0.598748445444782,0.116575080828882,0.164039538827683,1168
34,"New Jersey",1996,0.129700951585913,0.00696408659883378,25.3669610953469,0.0964595984866448,66.9273905839291,0.0879012046337386,73.712033603953,0.351406481359355,45.5194771234309,0.386136442761958,0.116051592666981,0.143350310504846,2930
34,"New Jersey",1997,0.155188161704056,0.00896919918855077,25.6040486910336,0.107342732033812,67.0208969021406,0.100855319122317,74.570886451079,0.382754072544984,45.6689257497089,0.416253046182987,0.137608854324331,0.172767469083782,2460
34,"New Jersey",1998,0.15369490798079,0.00907486950019589,25.8245992678893,0.113277308685986,67.0375106415866,0.0998550832712734,75.3263200580149,0.425076076473637,46.0689139609002,0.429402054126421,0.135908490596005,0.171481325365575,2270
34,"New Jersey",1999,0.169698195843996,0.00936181928670393,25.9621649925236,0.119052169179905,66.7506822139355,0.0965620113011138,75.0711414825883,0.423262760850598,46.1377620047983,0.407717154547269,0.151349367212284,0.188047024475709,2628
34,"New Jersey",2000,0.177755582691707,0.00758384571508266,26.199174055573,0.0927261856754164,66.8202954247798,0.081153087378341,75.8418775162778,0.333595222241888,46.249366955401,0.342745764805816,0.162891518225836,0.192619647157577,3517
34,"New Jersey",2001,0.197984044155817,0.00723662368797175,26.4699189362556,0.092273771311401,66.9256663779034,0.0746256242664063,76.8452988549147,0.32394233534995,46.6208046400781,0.321768568866214,0.183800522357723,0.212167565953911,5528
34,"New Jersey",2002,0.190303636804587,0.0108763989541378,26.3261169449184,0.145756197378517,66.958344617718,0.110592008061912,76.5253901926898,0.494351042949985,46.153301814171,0.491088732095818,0.168986286572987,0.211620987036186,5641
34,"New Jersey",2003,0.200196136555322,0.00466656157408679,26.4735878915518,0.0627540942908963,66.9276251024038,0.0500168232848105,76.8690568773883,0.222503670372058,46.8466199901648,0.215442650954776,0.191049843938473,0.209342429172171,10420
34,"New Jersey",2004,0.22037722855109,0.00486515461877314,26.8368321759281,0.0646576689770091,66.7642144548894,0.0535095799273698,77.5583181167889,0.226106205109434,46.7824130089764,0.210407739222363,0.210841700719076,0.229912756383104,11041
34,"New Jersey",2005,0.221597093625211,0.00501196986100237,26.7751966786019,0.0666950515518669,66.7584239100078,0.0529675246102994,77.3354160359127,0.222112101912153,46.9818139806755,0.231890400304377,0.211773813206046,0.231420374044376,12517
34,"New Jersey",2006,0.227968688951968,0.00529639148968392,26.8794888053372,0.0676121970818316,66.8678995572454,0.0558256206285338,77.9212248646941,0.2384374931477,47.0010011615393,0.249402948743826,0.217587952384163,0.238349425519773,12217
34,"New Jersey",2007,0.24025886649471,0.0079504197748741,27.1728162515611,0.0997799037640873,66.8236036142564,0.0789201187895686,78.7023925392862,0.354470675941021,48.0492649163511,0.294977484085241,0.224676330073982,0.255841402915438,6691
34,"New Jersey",2008,0.236283469396388,0.006216129246276,27.0490532842009,0.0790523410090572,66.842583596831,0.0633991658315061,78.3250388351187,0.281835789795097,47.0318409484255,0.286843250867998,0.224100079950441,0.248466858842335,10717
34,"New Jersey",2009,0.238876913230131,0.00587793625693958,27.0282372738937,0.0768001646363599,66.8545089110956,0.0678229835272564,78.355214739251,0.277310303633485,47.2656621220145,0.305715821418927,0.227356369863107,0.250397456597154,11386
34,"New Jersey",2010,0.248596179676231,0.00626831579048074,27.0678220899327,0.0776496745936659,66.8812906134409,0.0600237996052728,78.4942370946189,0.268419193767642,47.530161665851,0.263181198283457,0.236310506483165,0.260881852869297,11374
34,"New Jersey",2011,0.236072473972872,0.00535700801567619,27.0718704437507,0.0691160990016446,66.794993153725,0.0523232157677816,78.3079283660354,0.240408557181875,47.2927855647012,0.233464639995228,0.225572931197255,0.24657201674849,13961
34,"New Jersey",2012,0.245931822215325,0.00520718021818101,27.1304963917261,0.0685981038632905,66.7831365779923,0.0521575424839788,78.4639246360084,0.240202644055288,47.58385562159,0.220669757373743,0.23572593652668,0.256137707903969,14337
34,"New Jersey",2013,0.262201806950359,0.00605272680878065,27.2651856700195,0.0754639575811537,66.8240961599193,0.0569492952337651,78.923258170838,0.265261714476187,47.8135889631887,0.24396844839736,0.250338680396889,0.274064933503829,12243
34,"New Jersey",2014,0.267150861021752,0.00618290461930047,27.4364506945459,0.0800964532668201,66.699912547884,0.0601336172781946,79.1272579702211,0.273915003977209,47.8099089811333,0.253914382728021,0.255032590648077,0.279269131395427,11939
34,"New Jersey",2015,0.253921549386173,0.00672898369399875,27.2824341235514,0.0896571414138035,66.7882697884931,0.0642951855785625,78.8829480358733,0.308728926663954,47.9347260384567,0.284619590441246,0.240732983693378,0.267110115078968,10176
34,"New Jersey",2016,0.272779536555403,0.00857809771765517,27.5011349488631,0.117245402369499,66.8668771952854,0.0811935205540777,79.7645017345466,0.413559401930197,48.1024801149036,0.342567540526735,0.255966773972933,0.289592299137872,6803
34,"New Jersey",2017,0.269181837749354,0.00746767766113608,27.4693245594862,0.099664921767829,66.7630369152142,0.0704906481204712,79.3248770058252,0.329441957520893,48.7056054742305,0.304701911675208,0.254545458485373,0.283818217013335,10378
34,"New Jersey",2018,0.255940116900217,0.0126042391230766,27.2481429189905,0.172651849440259,66.7795701611171,0.122902756586107,78.696695119603,0.574102660530371,48.7495953455673,0.543705970784379,0.231236262166456,0.280643971633978,2765
34,"New Jersey",2020,0.274088494995548,0.00621001558208273,27.5576481006731,0.0811696615446571,66.8194143202446,0.0603580397609407,79.7238575778904,0.273971681681037,48.5746333497507,0.256080261602381,0.261917088111233,0.286259901879863,9366
34,"New Jersey",2021,0.280192116764296,0.00724584481921132,27.6757972180849,0.0935492134806732,66.7716183138049,0.071045050925246,79.9581618324211,0.326554440212415,48.8562997685191,0.310545495284061,0.265990521881076,0.294393711647516,6658
34,"New Jersey",2022,0.288907095342194,0.00774213934913594,27.7052987105117,0.100605919897533,66.6513646083631,0.0732924669028982,79.7739292200446,0.345134202435631,49.4085395007569,0.31088905032741,0.273732781054598,0.304081409629791,6748
34,"New Jersey",2023,0.287098347874882,0.00727912925689742,27.7548435271301,0.102594138770587,66.7144105364226,0.0728203612354898,79.9078736294474,0.327253436285713,48.9200688249251,0.294477369146669,0.272831516692551,0.301365179057212,8287
35,"New Mexico",1990,0.0901062186770881,0.00878723731082832,24.6066434364538,0.140369658308636,66.9084019203871,0.141448006834985,71.2932363412152,0.470254201677669,42.7292810055987,0.58516311676374,0.072883550024258,0.107328887329918,1144
35,"New Mexico",1991,0.079390202792989,0.00945159822862409,24.4082992821422,0.126228627898375,67.1134322038981,0.139875799388087,71.2166041722818,0.475258150767222,42.3119642012056,0.599053099671708,0.0608654106685432,0.0979149949174347,1133
35,"New Mexico",1992,0.107959785797435,0.00974675286654612,24.7692023011835,0.138914699616713,66.9991332792208,0.139344400685672,72.0491953896619,0.509244359722783,42.9329911294304,0.560103454695894,0.0888565012127916,0.127063070382077,1139
35,"New Mexico",1993,0.104173534684846,0.00902164448755803,24.8963666579849,0.13152996437233,66.879370711808,0.132968971470513,72.1409745828802,0.462832083146023,43.5896989959588,0.542996168293067,0.0864914364079079,0.121855632961784,1241
35,"New Mexico",1994,0.108206617577135,0.0100122548703706,24.8016516358476,0.156520060001146,67.0729198751672,0.137220197409078,72.4148277693039,0.586035070751941,43.5281365719554,0.554894504889833,0.0885829586271728,0.127830276527097,1235
35,"New Mexico",1995,0.125525071914883,0.0116556716896015,25.3092184044407,0.146179298809809,66.9752022136062,0.154980678825601,73.4759470290255,0.535228364824932,44.0880943804156,0.576326898939696,0.10268037518764,0.148369768642125,1231
35,"New Mexico",1996,0.138087064680279,0.0123007853202568,25.5206957583529,0.156165340627402,66.9196481490017,0.162845351568314,73.984887041502,0.587625329584988,44.2015204793842,0.678547180547209,0.113977968471017,0.162196160889542,1048
35,"New Mexico",1997,0.145281236359935,0.00913418184927867,25.6451965087818,0.122206304278328,66.8200915753466,0.109380133938123,74.1390994034277,0.419955313617855,44.3046138307095,0.508214047914487,0.127378568907109,0.16318390381276,1736
35,"New Mexico",1998,0.147903211776701,0.00664787698181888,25.7082165401431,0.0893749644341319,66.8427732207332,0.0797265208439465,74.3953153346536,0.307861383808286,44.6512802726708,0.322907052630761,0.134873612318683,0.160932811234719,3502
35,"New Mexico",1999,0.172225474154562,0.00725400078592129,25.999202179047,0.0930096707850389,66.7113038296562,0.077908382439507,74.8999025130702,0.318408662023596,44.5812102726375,0.338942409363134,0.158007893870331,0.186443054438793,3350
35,"New Mexico",2000,0.187017884716959,0.00775590606994495,26.104379303254,0.0955819564383085,66.825890985792,0.0861604669835581,75.5219809909558,0.341339972771164,44.7626616094004,0.351581375827472,0.171816588152391,0.202219181281527,3072
35,"New Mexico",2001,0.197862031791898,0.00816825586317792,26.3390972475255,0.0995388493980921,66.8766652753975,0.0853909133458993,76.2572274964221,0.348897959316282,44.9560529363232,0.343096381406403,0.181852544483561,0.213871519100235,3423
35,"New Mexico",2002,0.198012075180639,0.00752966102092728,26.3341961872011,0.0958997821426116,66.8597903807333,0.0772310684053237,76.2603195101433,0.343408018292088,45.3421748605892,0.318768492607324,0.183254210763826,0.212769939597452,4432
35,"New Mexico",2003,0.200353966857302,0.00668877635402651,26.3969267064276,0.0854092915941621,66.8216973797046,0.0716611656803599,76.3088606211508,0.298692421375784,45.6657693477437,0.299202920614889,0.187244206102767,0.213463727611837,5193
35,"New Mexico",2004,0.214380708224127,0.00664322438204859,26.5719732239004,0.0830010404081318,66.8127369332558,0.0673381664046476,76.769314986242,0.277683250885241,45.618571469602,0.28884749959555,0.201360227694093,0.227401188754161,6113
35,"New Mexico",2005,0.218252102300452,0.00738160480236754,26.7360775246172,0.0958580567701088,66.7295032825445,0.0796923296110291,77.0728869126697,0.338378211593583,45.8086004972461,0.329049466664172,0.203784422739704,0.2327197818612,5295
35,"New Mexico",2006,0.2273705598245,0.00747919249337494,26.8457797415149,0.0973772500743432,66.7847015306224,0.080561680364675,77.5202143568806,0.366438681525028,45.7949010878132,0.337659905978622,0.212711611904043,0.242029507744958,6244
35,"New Mexico",2007,0.250273855817041,0.00792443437789058,27.0270450018839,0.101439949850451,66.8720184080642,0.080851366001807,78.2398020742417,0.36239780216929,46.0870237317602,0.349528360147366,0.234742249838524,0.265805461795558,6327
35,"New Mexico",2008,0.257664986481717,0.00852756003520175,27.0529557212008,0.113986023335437,66.8103156910697,0.0813318584100123,78.2029665026358,0.394756826354267,46.1235932825403,0.395268965492736,0.240951275936719,0.274378697026716,5932
35,"New Mexico",2009,0.25593085457961,0.00736904868014021,27.2266592469039,0.107323401448214,66.8344594462369,0.0735908077581887,78.7416096552433,0.369082243391615,46.2102038261927,0.330064714394692,0.241487784566213,0.270373924593007,8418
35,"New Mexico",2010,0.255124081211942,0.00850246509864372,27.1536450813662,0.120239289325447,66.7987837159767,0.0846256368718411,78.454477187611,0.398679650706852,46.4014815518234,0.371552740903456,0.238459555838792,0.271788606585093,6667
35,"New Mexico",2011,0.261561558035161,0.0063050772924408,27.3417792099118,0.08406549123464,66.7310766485699,0.0602022082718118,78.8128434293068,0.284973667120522,46.464414994986,0.256931253157324,0.249203833622235,0.273919282448086,8917
35,"New Mexico",2012,0.270506550381709,0.00622100608976562,27.3788502039249,0.0822840624383815,66.6392554110806,0.0583077990434568,78.6892455512258,0.273736829812402,47.1122341314524,0.245409878704336,0.258313602498164,0.282699498265254,8325
35,"New Mexico",2013,0.261844747385073,0.00670754947572526,27.3584977061532,0.0880041460455936,66.6448870722114,0.0717534145296048,78.5966723663046,0.292068508698174,47.1045343642628,0.281401798932868,0.248698191988131,0.274991302782015,8902
35,"New Mexico",2014,0.283643356221361,0.0076870728692265,27.7293794099496,0.106337728921333,66.5516508789145,0.0712356910659311,79.4318122076419,0.343395345556154,47.4261697134146,0.311363781951359,0.268576970251142,0.29870974219158,8279
35,"New Mexico",2015,0.287547028860307,0.00905662906921807,27.7451544904652,0.120183445990025,66.6241111178078,0.0880248120008961,79.7223257147814,0.407938795159049,47.4709096204915,0.363095836420829,0.269796362063301,0.305297695657313,6197
35,"New Mexico",2016,0.281628377572279,0.00899749895799824,27.6253411112239,0.111539889835753,66.5626038512764,0.0860911846209986,79.2347171984267,0.38663154701877,47.5348969720135,0.385637171154195,0.263993603663666,0.299263151480892,5527
35,"New Mexico",2017,0.282071815068108,0.00828580400260815,27.7825050633505,0.115371529417364,66.6651064982192,0.0788340802783549,79.8836768019211,0.383148967722805,47.936332290802,0.34301875873614,0.265831937640038,0.298311692496178,6039
35,"New Mexico",2018,0.322403216375264,0.0084636229752354,28.1131729337866,0.110409201016053,66.5288463749186,0.0751079747445994,80.3945464124145,0.348375378450902,48.455073277312,0.332554971875041,0.305814820165077,0.338991612585451,6266
35,"New Mexico",2019,0.315834562943083,0.0089759626937661,28.1049324032742,0.123992851080708,66.5223343719541,0.0830972569907151,80.4604164300894,0.396315117458948,48.250827090517,0.352413229765069,0.298241999336726,0.33342712654944,5552
35,"New Mexico",2020,0.307027127951125,0.0095534088017923,28.0132206702429,0.130210337151345,66.5945525056121,0.0834487147859567,80.3770128554953,0.414461985814617,48.3516717170787,0.369460773535343,0.288302790770024,0.325751465132226,6481
35,"New Mexico",2021,0.343889862947632,0.00859452366652704,28.5075439368149,0.113082401664072,66.6388236566339,0.0789992715649939,81.8538862442173,0.364748893771552,48.596391314333,0.334113364094884,0.327044906096962,0.360734819798302,5895
35,"New Mexico",2022,0.322730420845689,0.0100437520725776,28.3914229353298,0.134332760422772,66.5555510932655,0.0938622923037074,81.3667335300964,0.439779623854902,48.5408288050282,0.403296668849802,0.303045028513788,0.342415813177591,4443
35,"New Mexico",2023,0.348635573663777,0.0135487331862394,28.5210850935655,0.188078059626154,66.6641804175896,0.111918180654241,81.9564460662118,0.597997449059522,49.0705817897938,0.525246417129521,0.322080544582605,0.375190602744949,3026
36,"New York",1990,0.0987093224640937,0.00894353700902435,24.6098976598245,0.134543444217833,66.8692314718881,0.122685456909306,71.3496405653608,0.471541187766805,44.332058877315,0.562733534234344,0.0811803120320049,0.116238332896183,1309
36,"New York",1991,0.129166523214881,0.00870039000512038,25.1212196093955,0.11323267013962,66.798073386865,0.108961680819076,72.7471319605341,0.432201576940252,44.2814534968034,0.493991156988953,0.112114072153393,0.14621897427637,1776
36,"New York",1992,0.127016031652701,0.00834738778953206,25.2204992938513,0.119371289021122,66.8689909101194,0.0928581863758705,73.0998636720615,0.40430116051334,43.9475610340307,0.448535303124555,0.110655452220229,0.143376611085173,2218
36,"New York",1993,0.144008040926909,0.00814942766403481,25.4597996436445,0.111369234746638,66.7899327892423,0.0969625786941304,73.6110790594029,0.390057015267119,44.4579722243169,0.455823507304897,0.128035456210786,0.159980625643031,2243
36,"New York",1994,0.137213276122866,0.00885287278292709,25.3274830447801,0.120358335283761,66.8435403296881,0.0965432526638221,73.3284120828062,0.412250940595137,44.4538308261728,0.474373183297399,0.119861964308614,0.154564587937118,2182
36,"New York",1995,0.133292283322064,0.00787074680540172,25.418503402945,0.11297317615763,67.0233778309523,0.0975378240351044,74.032087432101,0.414928984510526,44.6771951864045,0.448903307399096,0.117865903052043,0.148718663592085,2319
36,"New York",1996,0.141416001848041,0.00620638138282205,25.6174449225511,0.0853690475833559,66.9613922265947,0.0723420414614781,74.4305640868417,0.296657863908563,45.2588699936773,0.335730905046932,0.12925171786339,0.153580285832692,4040
36,"New York",1997,0.153746100630885,0.00701863142676401,25.639594408426,0.0982553383707677,66.7934990920276,0.0827882353337414,74.1540303132858,0.345512250955089,45.3745420825617,0.383724897504009,0.139989835813666,0.167502365448103,3183
36,"New York",1998,0.157229670659408,0.00850559058444767,25.6885907804515,0.121818959930379,66.9967761393789,0.0989125094563743,74.7152693101536,0.408932924485759,45.5550922543132,0.409690188357859,0.140559019446647,0.173900321872168,2328
36,"New York",1999,0.170459634509825,0.00871685190445163,26.063120386292,0.110379448381066,66.7713316215319,0.0938282223065015,75.2567307450889,0.381907689424437,46.0236199509931,0.411973413198061,0.153374918718531,0.18754435030112,2453
36,"New York",2000,0.172693483117581,0.00768687913637303,26.2582502133879,0.102971579470124,66.8740941171611,0.0862617290507664,76.0640387188872,0.356762704842395,45.8516577455781,0.372841281552075,0.157627476856778,0.187759489378385,3119
36,"New York",2001,0.203951490685067,0.00800281894702905,26.4345948603691,0.100459774474254,66.7820944171733,0.0790196074266296,76.406909442816,0.346617184584763,45.9278629297526,0.351047079436984,0.188266253774096,0.219636727596039,3597
36,"New York",2002,0.207908122951895,0.00758620396176466,26.5645640799767,0.0956733807134861,66.7887483248314,0.0772124132574703,76.7586968402055,0.318325001964872,45.6722577111886,0.319634340485442,0.193039436407462,0.222776809496329,4147
36,"New York",2003,0.209671692878837,0.00681203291448582,26.5153922054363,0.0881135413712679,66.807021244457,0.0689902350347304,76.6524154757172,0.300196239026092,46.1065233585496,0.296046918480286,0.196320353704944,0.223023032052731,5126
36,"New York",2004,0.220048240589295,0.00686801580190132,26.697312918686,0.0905430190773488,66.8029271544581,0.0697980581823092,77.1994892555417,0.308075389452387,46.2772323235367,0.300617378483604,0.206587176972317,0.233509304206274,5525
36,"New York",2005,0.222910268580453,0.00618259192501239,26.8741469500745,0.0806646089222883,66.7124851027671,0.0635065427664669,77.4746145992781,0.279791841284654,46.1922868542815,0.288631949752352,0.210792611076321,0.235027926084586,7265
36,"New York",2006,0.229954590173059,0.00748159330228144,26.8616489008328,0.0949830772882607,66.7750230907044,0.0734614844783159,77.6113138749273,0.326680083591106,46.3556387204787,0.334346841009777,0.215290936753611,0.244618243592506,5494
36,"New York",2007,0.256624713288205,0.00747807282454281,27.2861471938022,0.0992936832203039,66.8975574854844,0.0756210507304373,79.1344313576466,0.347291436414508,46.4356491783933,0.318630238049603,0.241967959878334,0.271281466698077,6078
36,"New York",2008,0.25052686657919,0.00701503782068096,27.0728738444032,0.0890405289486633,66.8057329427838,0.0665549546982082,78.2650154907238,0.300177349722627,46.552526807448,0.307274974083902,0.236777645100469,0.264276088057911,7379
36,"New York",2009,0.248302997743007,0.00754591915731416,27.1330590397536,0.0987509351270871,66.8182895585513,0.0753726523529071,78.4102117385428,0.32055992660712,46.6918808544416,0.337655416752742,0.23351326796442,0.263092727521594,6465
36,"New York",2010,0.246816737886676,0.00636263348191496,27.1975237594405,0.0859622942478379,66.8628652202584,0.0614695712081039,78.7637300956613,0.28523679260611,47.5373823951889,0.245979046298792,0.234346205415294,0.259287270358058,8331
36,"New York",2011,0.245196903912403,0.0068219034099285,27.1227158104064,0.0891694625978716,66.7465849998077,0.0675109019773361,78.2620919305448,0.307937955824776,46.9320773077672,0.297630624364647,0.231826218922933,0.258567588901874,7128
36,"New York",2012,0.23494884199602,0.00785744638209685,26.9795397496948,0.102540192786327,66.5889225332741,0.0808516396271512,77.4776339029448,0.34387960291972,46.8775998213274,0.326120814776264,0.219548530076655,0.250349153915384,5627
36,"New York",2013,0.251863817667794,0.00626734071554185,27.2660230512057,0.0880454713037111,66.6186493001348,0.0592074547851887,78.3479613276923,0.287164504477656,46.9409744340678,0.248980985520322,0.23958005558649,0.264147579749097,8443
36,"New York",2014,0.268462537006974,0.00717127827636796,27.3677842701652,0.0986211761776879,66.7114208137024,0.0678158233736919,78.8621588498963,0.326412995401449,47.184481509006,0.290322515981576,0.254407089862178,0.28251798415177,6318
36,"New York",2015,0.247654134783393,0.00547028314363804,27.0854110769493,0.0748769066164887,66.5925953441941,0.0555830370770096,77.7402134868909,0.247977387167071,47.3722587119707,0.22788766690922,0.236932576836626,0.25837569273016,11259
36,"New York",2016,0.253384365972838,0.00497508877255058,27.1443045410827,0.0666605568159971,66.6547199517289,0.0499405330254599,78.0955786154103,0.223583491010255,47.3558937572826,0.212159478964431,0.24363337115875,0.263135360786927,31216
36,"New York",2017,0.255444939314144,0.00571179361355253,27.2816203006734,0.0813704815238641,66.6814955272035,0.0570303404102102,78.4777572427969,0.265287999037333,47.7864874539383,0.238905691664437,0.244250029544455,0.266639849083832,11153
36,"New York",2018,0.273506702222077,0.00458125319337744,27.4875063424568,0.0655773868111765,66.7178834256472,0.0456260237360013,79.2033053295566,0.214258742676033,47.7634258969528,0.192688041004938,0.264527610958998,0.282485793485156,31982
36,"New York",2019,0.267665096161611,0.00563047283561701,27.5275846154353,0.0784100816498192,66.6963287227406,0.0579587733052536,79.2344723649255,0.25790949561902,48.1085394160579,0.236641050090922,0.256629572187871,0.278700620135352,12595
36,"New York",2020,0.261339535903276,0.00548343008298975,27.4178949439765,0.0759092453962878,66.8169703705649,0.0525890468031835,79.2385281636601,0.247408369941148,48.4501951158046,0.231099851119225,0.250592210428872,0.272086861377679,12565
36,"New York",2021,0.28896276979357,0.00441108199516765,27.7175055216141,0.0611130406186031,66.7287923301481,0.0427366191958933,79.8307687524962,0.19632098786814,48.5889599661536,0.180427047417564,0.280317207950188,0.297608331636952,33049
36,"New York",2022,0.29927695306684,0.0053626458636066,27.8124858380152,0.0757592156462163,66.5895977807403,0.0491843824566533,79.7759870144689,0.243626325069352,48.8773038804561,0.213703681124283,0.288766360312329,0.309787545821352,14985
36,"New York",2023,0.2781306955296,0.00542495618001857,27.6022130178872,0.0727725066585637,66.6139465889988,0.050570291855494,79.2657976390647,0.239175413218741,48.5197246931159,0.235964918142425,0.267497976799055,0.288763414260144,15333
37,"North Carolina",1990,0.126871913944366,0.00804608267896444,25.2193186756298,0.109377834941515,67.258650848317,0.100075512294814,73.9274391200139,0.38800678575099,43.5236192253097,0.465495398106218,0.111101881676965,0.142641946211768,2045
37,"North Carolina",1991,0.129713023893735,0.00916656987906005,25.0585475300193,0.125791921202282,67.5062459469907,0.106947685982446,74.0319315206085,0.442486219251464,43.2834772296666,0.518640012652721,0.111746877069007,0.147679170718462,1795
37,"North Carolina",1992,0.131239871712239,0.00817237865636043,25.139541253353,0.11413424090772,67.4641053017352,0.10096586347518,74.1481677416292,0.393246445568097,43.3230968592329,0.477038108497114,0.115222303877749,0.147257439546729,2028
37,"North Carolina",1993,0.152735783828158,0.00831772767624555,25.5277207258106,0.116712177415482,67.5461539570513,0.101711802583221,75.4905736799573,0.426216984163606,43.3837328111567,0.44818041871848,0.136433337149505,0.169038230506811,2193
37,"North Carolina",1994,0.154693875550002,0.00941594648281427,25.6750274524174,0.119904511454518,67.3531736914612,0.103321771014593,75.5220181773982,0.43055132904065,43.5946453033934,0.464172195091446,0.136238959563329,0.173148791536674,2002
37,"North Carolina",1995,0.16475026286274,0.00754347169695689,25.8145397086182,0.103083400421061,67.4972001108296,0.0867862796751822,76.2320009509101,0.362960781896018,44.0707869103456,0.358949026740852,0.149965330018307,0.179535195707173,3105
37,"North Carolina",1996,0.178902929122735,0.00830895798270849,25.9348817627863,0.110488814919419,67.3843598871256,0.0898164699463248,76.3230150236567,0.386619657574863,44.400444209787,0.425709534792359,0.16261767072757,0.1951881875179,2602
37,"North Carolina",1997,0.178462455097016,0.00743120558028103,26.0391902483751,0.0997943514328774,67.3591494389878,0.0811810004116813,76.5722806535674,0.35387040443435,44.8971788908588,0.368132537940214,0.163897559797952,0.19302735039608,3338
37,"North Carolina",1998,0.186715020420586,0.0105127764384159,26.2592606891187,0.13966231854976,67.4819849454713,0.116134414816004,77.4688353008666,0.520248888279408,44.8039286386224,0.463226651908889,0.16611035722377,0.207319683617402,2238
37,"North Carolina",1999,0.208446923875067,0.00961088990244429,26.4475689829755,0.127321457728027,67.4932749533249,0.102341068933303,78.0836873777136,0.454571608358467,45.1338762467768,0.427500023233257,0.189609925806897,0.227283921943238,2296
37,"North Carolina",2000,0.212433978255738,0.00867280513316906,26.541015598845,0.1084401245483,67.6049781521141,0.0870449602545821,78.502828161547,0.371555376530861,45.1964724422641,0.38042290156196,0.195435592549792,0.229432363961683,2838
37,"North Carolina",2001,0.228605447416326,0.00871647806071734,26.8297022850234,0.118118737381271,67.4422674796036,0.0810616926007371,79.0741726375661,0.416600074279047,45.2850649840107,0.352068772184868,0.211521464345286,0.245689430487365,5755
37,"North Carolina",2002,0.237757762891085,0.00860806575924531,26.8800970223922,0.121856203905465,67.4641467619334,0.0828186755545486,79.3055307900152,0.442046086082062,45.4640717335986,0.343670064197177,0.220886264026411,0.254629261755758,6191
37,"North Carolina",2003,0.239534304331255,0.00729851211786068,27.1054072942638,0.0922711414278515,67.4317484011338,0.072190906419913,79.8197228830938,0.32410069534672,45.7623805461943,0.303453798406724,0.225229483439518,0.253839125222991,8756
37,"North Carolina",2004,0.2444109217302,0.00466204979686605,27.171667986419,0.0607600564035945,67.3551982479293,0.0471610714827673,79.8443520755331,0.212340748468604,45.4484055739639,0.201056907586197,0.235273472034211,0.25354837142619,14032
37,"North Carolina",2005,0.260392367704004,0.00458537992741584,27.3599204972099,0.0608704119474594,67.3119954453795,0.0471036129116786,80.2596274047512,0.207231554008381,45.685873151147,0.198950547701702,0.251405188190836,0.269379547217172,16211
37,"North Carolina",2006,0.265826518594199,0.00496005440570847,27.4208292413687,0.0679020092470921,67.2344774300578,0.0517315035711049,80.2254739294113,0.229913039489164,45.7142983692302,0.221223396145252,0.256104990597651,0.275548046590747,14673
37,"North Carolina",2007,0.28753532123365,0.00600308942703566,27.6881937204299,0.0781313867768016,67.3994005630049,0.0582650545733652,81.4202040357343,0.262862291588387,46.0437372744524,0.23861806484233,0.275769482160687,0.299301160306613,13927
37,"North Carolina",2008,0.295404990953897,0.00596879535506671,27.8259488424801,0.0772984786213043,67.2562601514344,0.0538858929019679,81.4974991894311,0.256117991747635,46.2580055854671,0.241462523428859,0.283706367026876,0.307103614880918,14960
37,"North Carolina",2009,0.299742217195681,0.00760751172100502,27.8651271966861,0.107414830204986,67.4048918407629,0.069363967141334,81.9508282252118,0.353682831886497,46.3831994015794,0.308610973911711,0.284831768210544,0.314652666180817,12471
37,"North Carolina",2010,0.286388944373609,0.00696397029145029,27.7774020375628,0.0919028026581689,67.3867221519826,0.0655249585499811,81.6781889804162,0.317223300483614,46.5407165250794,0.298067625591302,0.272739813412959,0.300038075334258,11391
37,"North Carolina",2011,0.289192325615307,0.00720575609289352,27.7691173912326,0.0905779602717495,67.3018614052482,0.0663705179653636,81.4019520091069,0.308777377420025,46.5512488061053,0.264800418426997,0.275069303191856,0.303315348038759,10698
37,"North Carolina",2012,0.294897648148426,0.00567142740991035,27.8730842758318,0.0752645186820344,67.2391987204203,0.0540810923803006,81.6215359048241,0.260537173702081,46.9498758434736,0.212426657669275,0.283781854684068,0.306013441612784,11024
37,"North Carolina",2013,0.29128309395818,0.00676164712282044,27.9832161086802,0.0948658178240966,67.2939194418101,0.0618477207075947,81.9954529936291,0.310679232428922,47.2692878734733,0.251331736566071,0.278030509121283,0.304535678795077,8273
37,"North Carolina",2014,0.295131943638621,0.00680001938382569,27.9313275970449,0.0971894402132232,67.204023878061,0.0668510595332353,81.5720249432418,0.315638995769397,47.4330532952524,0.26090141166996,0.281804150552148,0.308459736725093,6608
37,"North Carolina",2015,0.2987515909375,0.00735595701671445,27.9499362259025,0.0972493877816187,67.2487746511073,0.0682506789083559,81.7830455702542,0.325378463534636,47.6405123487146,0.281964785259378,0.284334180112915,0.313169001762085,6008
37,"North Carolina",2016,0.317059161985236,0.00741502440218179,28.1309170799615,0.0976550577399732,67.2292552290771,0.0677156698325968,82.3034827825316,0.329323782359848,47.6126822996724,0.275064357683973,0.302525981212474,0.331592342757998,5980
37,"North Carolina",2017,0.319870351807578,0.00923458216061723,28.169338075117,0.124505494785874,67.2581080799737,0.0807048045638226,82.4586074815368,0.411855145936098,47.8301303845058,0.3477371306881,0.301770903360492,0.337969800254664,4477
37,"North Carolina",2018,0.32841732314534,0.00915518231420824,28.325935849656,0.121873034811676,67.2170389196138,0.0818107354743386,82.7610443411325,0.3986708223778,48.1119050356213,0.333247641694929,0.310473495537593,0.346361150753086,4287
37,"North Carolina",2019,0.335790365603379,0.0090161382149656,28.4958155353009,0.118586078927433,67.2618425990553,0.0804926712719637,83.3512101134573,0.385649479460221,48.1241143726718,0.339409326491889,0.318119059422411,0.353461671784347,3861
37,"North Carolina",2020,0.332868874904854,0.00821017288189077,28.3722456359271,0.111541918898399,67.3351420718983,0.0728308814684639,83.2564343498276,0.376269564962189,48.4046928251029,0.313957428600127,0.3167772317495,0.348960518060207,5154
37,"North Carolina",2021,0.356924747805226,0.00919499365411751,28.6483956800138,0.132492106250771,67.1421992396437,0.081750576700765,83.4676477765607,0.415140562351854,48.4156038411476,0.352587877038027,0.338902891405081,0.374946604205371,4470
37,"North Carolina",2022,0.33908911575108,0.0102035705881363,28.632733199082,0.140268335111425,67.1831612278725,0.0909177485145913,83.5571567930169,0.437851833772262,48.3549589011304,0.410492178734121,0.31909048488462,0.359087746617539,4032
37,"North Carolina",2023,0.33633077561861,0.0109160151255312,28.6423637937499,0.169292786356622,67.3536797365304,0.0963369867141685,84.0626410313297,0.544407991537408,48.8331612716262,0.426898118445174,0.314935779117874,0.357725772119345,3713
38,"North Dakota",1990,0.118248654976971,0.00867736170142977,25.145259546177,0.124200961114869,67.4461406736067,0.111970738753669,74.1965431871939,0.449697339904934,43.6829795051117,0.599057021050072,0.101241338561341,0.135255971392601,1554
38,"North Dakota",1991,0.129240036232827,0.00880369949714255,25.2767209235813,0.114401750114613,67.5953988509143,0.105312496489412,74.8319119950392,0.413344909840939,43.5540260336897,0.546925213755716,0.111985102287714,0.14649497017794,1742
38,"North Dakota",1992,0.135620752814985,0.00887417796660285,25.5393448464249,0.118643346110264,67.308006020559,0.103614320113839,75.0116195476597,0.438243979005885,44.7423524492465,0.554288251045673,0.118227683608045,0.153013822021926,1731
38,"North Dakota",1993,0.148428996846452,0.00940517467836418,25.5367163972165,0.112583246202816,67.4377370993386,0.100945031964399,75.2697528184371,0.410193087181151,44.9741848970596,0.532250793875439,0.12999519320855,0.166862800484354,1761
38,"North Dakota",1994,0.13682201703875,0.00885519568140877,25.4000432934595,0.118589774710084,67.4266864157306,0.0996291037038877,74.9146836971647,0.436592533074143,44.9345069443105,0.523112301031673,0.119466152427134,0.154177881650365,1760
38,"North Dakota",1995,0.154766947670439,0.00951975094490733,25.8235635619405,0.123313786143698,67.4202325850284,0.106811684825228,76.0620379601191,0.450882134494085,45.4844017106693,0.501499533251833,0.13610857867663,0.173425316664249,1797
38,"North Dakota",1996,0.179142856824417,0.00989508929362712,26.0489365418457,0.119228826227726,67.4283576309128,0.11144594797105,76.8048320182751,0.447642868285711,45.4340894488305,0.542919152377023,0.1597488381851,0.198536875463734,1750
38,"North Dakota",1997,0.160950189542366,0.00953018623720241,25.9967915042774,0.118502579796653,67.4593822324431,0.102979412790157,76.7163333439169,0.430681019933786,45.7564102453925,0.525017721622374,0.14227136775149,0.179629011333242,1748
38,"North Dakota",1998,0.185963089651701,0.0103145456184892,26.1722557297707,0.131156685477116,67.6449060239608,0.102459276861688,77.6476610338303,0.474713788751516,45.6500039419867,0.541671199624529,0.165746951722567,0.206179227580835,1747
38,"North Dakota",1999,0.209065873178894,0.0102645430067873,26.5389890035451,0.129411467697978,67.5348923292938,0.109065013624973,78.4534133933736,0.459817932239242,45.8271332467135,0.450625696438521,0.188947738567829,0.22918400778996,1904
38,"North Dakota",2000,0.198411176987227,0.0104541400579484,26.3882096726016,0.11982962609377,67.6602570631968,0.103838386543353,78.3104789356564,0.431252495636729,45.3438046772127,0.483872984703776,0.17792143898431,0.218900914990143,1768
38,"North Dakota",2001,0.205850001656896,0.00906582072578298,26.8146174273214,0.110548197736474,67.6674591744214,0.0915109832071572,79.6657916913758,0.414680573390507,45.7016773622219,0.41654269207396,0.188081319544065,0.223618683769728,2374
38,"North Dakota",2002,0.235146596992381,0.00891184556166503,26.9268894497041,0.118834424605568,67.6396495698301,0.0892871464128755,79.856539070244,0.410895977125294,46.0540956736161,0.399966219592995,0.217679700655734,0.252613493329027,2809
38,"North Dakota",2003,0.239401537154472,0.00896338814074095,27.0309824425902,0.108265977267088,67.5699348654329,0.0878109051177763,80.0359282320162,0.396167541276516,46.3414410868212,0.406708282787644,0.221833619219166,0.256969455089778,2836
38,"North Dakota",2004,0.247327454504878,0.00916747854371557,27.1324871095873,0.115082560681154,67.5899412190114,0.0901438100561297,80.3782158576222,0.415875040439029,46.2006481666326,0.432535923184924,0.229359526730152,0.265295382279605,2855
38,"North Dakota",2005,0.254449412200808,0.00831298004216321,27.2706689317345,0.102531541965084,67.6950537687525,0.0801396225953108,81.049101806147,0.371137927962492,46.3502873459174,0.393941469929702,0.238156270713968,0.270742553687649,3783
38,"North Dakota",2006,0.25287243965673,0.00867558337934969,27.2225966581024,0.105568331074558,67.723882193224,0.0835876432146078,80.9565236632194,0.378512307217858,46.6310970819598,0.419336913551668,0.23586860868833,0.26987627062513,4433
38,"North Dakota",2007,0.269605344329552,0.00883150781360156,27.5144948775158,0.110288236254381,67.6288500749241,0.0808803582331301,81.6375035754705,0.410762817920726,46.7870876111476,0.407142414950815,0.252295907085709,0.286914781573395,4449
38,"North Dakota",2008,0.276737458243659,0.0085959063470393,27.5877652238408,0.10333027127892,67.6585067020293,0.084610314881059,81.9602263212444,0.392961448246498,46.566581057006,0.430924094347165,0.259889791388983,0.293585125098335,4721
38,"North Dakota",2009,0.284325145637529,0.00909256842636562,27.6490539035339,0.130695800054089,67.7061482524645,0.0888206327610909,82.1533069329069,0.423869479343893,46.3742805622386,0.454303880448503,0.266504038994887,0.302146252280172,4452
38,"North Dakota",2010,0.280021458149395,0.00949617201583489,27.5558719358427,0.125013533110903,67.6421280665336,0.0923052474802726,81.758573998152,0.443363887132141,46.5573043558265,0.484699981213427,0.261409303007361,0.298633613291428,4432
38,"North Dakota",2011,0.277188674813156,0.00795869454620379,27.5900736260056,0.11188926653728,67.6409371425753,0.075045800065496,81.8281688006224,0.386224158032522,46.4909778593559,0.343222096348224,0.261589920138641,0.292787429487671,4948
38,"North Dakota",2012,0.294775378397229,0.00898831257851703,27.7932533891097,0.11555936281867,67.6670243697289,0.0785523319330702,82.5316261697895,0.410053787325443,47.0148834860455,0.340954268818649,0.277158609461547,0.31239214733291,4600
38,"North Dakota",2013,0.307704785883999,0.00758781138995409,28.102824163077,0.107487838919066,67.6799451127082,0.0685498174682354,83.4698675221251,0.364230173122658,46.7580992326945,0.294694049987066,0.292832948838207,0.322576622929792,7409
38,"North Dakota",2014,0.31795980722386,0.00878542507835824,28.1209515150892,0.111721489830482,67.7163204790513,0.0804410470795848,83.6365882845401,0.405231565765827,46.4791139925133,0.358064792361146,0.300740690481403,0.335178923966317,7262
38,"North Dakota",2015,0.30728901461723,0.00890974464205112,28.107232175968,0.122993149011218,67.7185463688297,0.0860904472802069,83.5985480765774,0.433263795338502,46.59033430299,0.358512011060477,0.289826236007361,0.324751793227099,4610
38,"North Dakota",2016,0.317433375293646,0.00820575802513033,28.1916983602112,0.111145360896016,67.7748485677229,0.0750282364441397,83.850338532483,0.374222953706953,46.4583757406321,0.334275998884295,0.30135038509854,0.333516365488752,5345
38,"North Dakota",2017,0.329236528780822,0.00790448147573318,28.3044607732993,0.106064946131214,67.6968889430004,0.0724923338591252,84.0616049822845,0.363047184164744,46.1681988191658,0.310670878806442,0.313744029771921,0.344729027789723,6525
38,"North Dakota",2018,0.348747285621998,0.0094435342112735,28.5959359520689,0.123909685093225,67.7502696256519,0.0831017252239656,85.0055543378505,0.419669166836321,46.2649281348024,0.363358614595916,0.33023829868113,0.367256272562866,5220
38,"North Dakota",2019,0.344503996011278,0.00951082074694733,28.5266436250224,0.132664742532668,67.8159984175562,0.079655111665965,85.0249171014393,0.442955170348209,46.5097766666123,0.359754624600427,0.325863129883845,0.363144862138712,5169
38,"North Dakota",2020,0.329030053068174,0.0102514367912912,28.529078015094,0.13914917759828,67.8270881565291,0.0886842272997622,85.0689902584771,0.471570205829796,46.7228402713667,0.383168395773485,0.308937606167455,0.349122499968894,4075
38,"North Dakota",2021,0.349014183628072,0.00852223331280511,28.6027258446762,0.11401127685945,67.8344549110634,0.0716195785914097,85.2629901891745,0.383845437359058,47.1793134419203,0.315203882738173,0.332310913267126,0.365717453989017,5376
38,"North Dakota",2022,0.350901177481717,0.00935983684252908,28.7448266647074,0.12239438610779,67.7937746134258,0.080948961254255,85.6120719830718,0.417556969387013,47.2335521110301,0.353297410096853,0.332556234369188,0.369246120594245,3788
38,"North Dakota",2023,0.352660855267895,0.00857425881804205,28.8019599917536,0.122285825539593,67.8715987025017,0.0786514672801259,85.9312486766868,0.406361229551575,47.1501791588361,0.351962617276856,0.335855616790407,0.369466093745382,5074
39,"Ohio",1990,0.108637583926746,0.0105440952992101,25.0687584999843,0.161689392938288,67.4278920650918,0.142751920851418,73.9219017257156,0.575001314729293,44.2155733829622,0.599524980807599,0.0879715368907361,0.129303630962756,1231
39,"Ohio",1991,0.149707311983924,0.0119295781122937,25.4933597852192,0.152269639487449,67.263852458203,0.143401050266156,74.7559442870532,0.537031732386407,44.0758750391495,0.617942172051501,0.126325768533071,0.173088855434777,1239
39,"Ohio",1992,0.13602514117062,0.0107096460817715,25.5464725499843,0.144330177726846,67.3080635931945,0.133298877997909,75.056008920755,0.534529645416848,44.4084799406575,0.555448961271719,0.115034620563178,0.157015661778063,1225
39,"Ohio",1993,0.142220101455855,0.0105515162106451,25.3644673112953,0.143364376622341,67.3243132429022,0.123341973519118,74.5406349406639,0.508215879836389,44.8607022432408,0.559163977342329,0.1215395097007,0.16290069321101,1307
39,"Ohio",1994,0.159624895076826,0.0121107088767508,25.7355285892293,0.143454542131937,67.2002747657718,0.131997778726488,75.384684275262,0.534915071769674,44.7162927392483,0.615754628919559,0.135888341851145,0.183361448302507,1234
39,"Ohio",1995,0.172136980944709,0.0122933028184044,25.7754138691663,0.153370616749936,67.2982017486338,0.140028253963447,75.8046756991486,0.594497532589005,45.1529937999325,0.580612286881412,0.148042550169592,0.196231411719827,1250
39,"Ohio",1996,0.176948950315295,0.0122715245446914,25.9636190627344,0.159362813085406,67.1835558007718,0.121288598244484,75.9403211088945,0.537269753979365,45.4773952500559,0.5407742721737,0.152897204172301,0.201000696458289,1422
39,"Ohio",1997,0.169894847158029,0.0092761648290505,26.0906725076626,0.122649495022033,67.4487147157405,0.107697526630637,76.8688176187036,0.441433528756999,45.5041463125564,0.456962526844922,0.151713898178433,0.188075796137625,2976
39,"Ohio",1998,0.196354959944627,0.0106161134000624,26.2377544272185,0.137534057381088,67.4236339219333,0.107594494622749,77.3323346691986,0.497454636166056,45.8955495221561,0.475838237107199,0.175547760024712,0.217162159864543,2797
39,"Ohio",1999,0.198629675536527,0.01181466333781,26.4095321290557,0.162881494197211,67.3419908242731,0.120806080341861,77.5484492877538,0.540164974467422,45.8550493755727,0.562356369520795,0.175473360904953,0.2217859901681,1525
39,"Ohio",2000,0.20934907462057,0.0104542908579667,26.5508578533213,0.136699815753851,67.3941252272834,0.10704810227448,78.1575754287276,0.483022086590582,45.7703462338955,0.468979883433091,0.188859041055049,0.229839108186091,3033
39,"Ohio",2001,0.225205124864841,0.00909566737209481,26.7938585106394,0.115808462965373,67.3526016690534,0.0966417489471313,78.7474425809305,0.402283275736172,45.7868389021914,0.389194756600807,0.207377944400179,0.243032305329503,3164
39,"Ohio",2002,0.230222340849525,0.00822026776458546,26.8450491767211,0.106229193164339,67.3186070318267,0.0829647302443302,78.8834152690892,0.382539604823539,45.9187546304329,0.35004170731605,0.214110912087662,0.246333769611388,3768
39,"Ohio",2003,0.249984925475148,0.00897077303805814,27.0375144064834,0.115061945235783,67.4670986668597,0.0898255873167166,79.791541004634,0.414355656441831,46.5242547273614,0.385944709212588,0.232402533407071,0.267567317543225,3532
39,"Ohio",2004,0.254576527446946,0.0107498499057023,27.1175791198989,0.134313029036198,67.2443071538605,0.10001110025439,79.5517440330501,0.484566954340311,46.2903378506667,0.44526749063768,0.233507208792559,0.275645846101334,6836
39,"Ohio",2005,0.241787120493686,0.00823770602211159,27.1988477412256,0.115282589632054,67.3507836411893,0.081903683222625,79.9865775121394,0.412366701205776,46.4934438451746,0.367404754355797,0.225641513375119,0.257932727612253,7078
39,"Ohio",2006,0.282071154190887,0.0124895347568626,27.5275338349536,0.16656283837238,67.3794872655032,0.118272994313625,80.9513249945376,0.577532021404176,46.6480318385246,0.520819463622542,0.257592115883775,0.306550192497998,5519
39,"Ohio",2007,0.280472625791868,0.00614176158642417,27.6048152742421,0.0822404593866768,67.3396690235194,0.0592096602495463,81.0979862733947,0.279598188426036,46.8542003796171,0.266791456266789,0.268434994280845,0.292510257302891,10609
39,"Ohio",2008,0.291394771472537,0.00630956889854263,27.7148081257224,0.0887259059166016,67.4284183267511,0.061429192483801,81.7079050997016,0.321606748801226,46.8022763423976,0.271495593105767,0.279028243673419,0.303761299271655,12218
39,"Ohio",2009,0.295594225828402,0.00713055854060508,27.9447404826584,0.102632325078436,67.4377672644234,0.0652547794359293,82.3859520294521,0.369498289026655,47.4344049565795,0.28924612735033,0.281618587899162,0.309569863757643,9224
39,"Ohio",2010,0.295712746865702,0.00729685720770735,27.9143525455178,0.100862724277973,67.4411422799958,0.0690247813371925,82.2881490669743,0.354383980719008,47.5015264226739,0.303110767112121,0.281411169538264,0.31001432419314,9192
39,"Ohio",2011,0.295192365609827,0.0068607223810659,27.8454921054625,0.0905708276139782,67.3959977230994,0.0643405065329681,81.9960925595092,0.319242030610681,47.2974326778935,0.270843139365375,0.281745596835009,0.308639134384644,9226
39,"Ohio",2012,0.298751381634351,0.00580538816769277,27.9662745241206,0.0820547810720951,67.3733204821238,0.0540856806498207,82.1819909101392,0.272235432548456,47.6698916078506,0.218262349015362,0.287373029909398,0.310129733359304,12238
39,"Ohio",2013,0.301257515067675,0.00630391932378105,27.9405050005266,0.0867749099952164,67.2903527905978,0.0593630628757998,81.9499260137629,0.297999515326496,47.7298496755205,0.244554415287343,0.288902060231618,0.313612969903732,11245
39,"Ohio",2014,0.324526037117997,0.00722845184672404,28.1171721180372,0.0926244008051605,67.3076283597114,0.0643730597833708,82.4660940494582,0.312952030401819,47.9972745277708,0.282106323098344,0.310358531834436,0.338693542401558,10298
39,"Ohio",2015,0.294457878097068,0.00718018444888014,27.9798557965124,0.100686182480245,67.3584318546496,0.0703946147419755,82.2558576582876,0.348010190857251,47.9645786027003,0.29228497143807,0.280384975174908,0.308530781019227,10897
39,"Ohio",2016,0.312286224609355,0.00669706620545836,28.1815224365319,0.0947772230353893,67.4341172674986,0.0595240474733601,82.9602597989744,0.312300604048974,48.1387644081608,0.259656332864745,0.299160216044576,0.325412233174134,11434
39,"Ohio",2017,0.335946940074466,0.0066357257991887,28.5605533287511,0.0977461853907521,67.2506873777383,0.0606200274713588,83.6255582313239,0.326429945570881,48.2136176857319,0.254275923597675,0.322941156496773,0.348952723652159,11378
39,"Ohio",2018,0.336808126678355,0.00656480554840116,28.4977157435958,0.0909482949296865,67.3850514236239,0.0592225858959344,83.7479395868926,0.301771128381312,48.3882338205644,0.246750123868188,0.32394134423798,0.34967490911873,11881
39,"Ohio",2019,0.345704254704255,0.0067730468091082,28.6301847067957,0.0922490690029799,67.3771109266113,0.0639065517255956,84.1552585881913,0.312010921113383,48.5522426598393,0.2594991967434,0.332429326892799,0.358979182515711,12358
39,"Ohio",2020,0.352914455946688,0.005997691616588,28.6938029453615,0.0848916183071045,67.4088626365085,0.053430573363755,84.3425399361365,0.270880063502539,48.5900494549041,0.232692223233204,0.341159196387798,0.364669715505578,13164
39,"Ohio",2021,0.374680863678571,0.00614319756859296,29.0995628524291,0.0893039591545839,67.4410262644139,0.0550228626129372,85.6447736182676,0.291439776961944,48.7524918023192,0.238500245537093,0.362640417694215,0.386721309662927,12875
39,"Ohio",2022,0.378200470610663,0.00589525641425917,29.1340062629758,0.0860471333202855,67.3734391080291,0.0518623193018796,85.5683551147853,0.281864356923769,49.0863558647422,0.231405094906736,0.366645980359086,0.389754960862239,14812
39,"Ohio",2023,0.361292040946329,0.00629887708146467,28.859079644477,0.0897804484027001,67.3620668189494,0.0565618937790911,84.7791529829897,0.29568622045431,49.2816108236833,0.251617887129944,0.348946468723614,0.373637613169045,12091
40,"Oklahoma",1990,0.111745170430232,0.00958232161985105,25.0090095184714,0.13205648374792,67.3840000127635,0.124414104092964,73.5283270378513,0.480798413937404,43.9898836030353,0.532017819124572,0.0929641651670444,0.13052617569342,1309
40,"Oklahoma",1991,0.118780475451884,0.00900805479851772,25.0699031574421,0.133903595374649,67.2980261277928,0.118914730802309,73.6134817440718,0.493497594251674,43.7704800198051,0.579151213205425,0.101125012476026,0.136435938427742,1439
40,"Oklahoma",1992,0.136921511158107,0.0106681547376057,25.4028553132338,0.144139946281065,67.3937875819181,0.124889616868938,74.8362714937251,0.519852755022386,44.5218154745969,0.541956571665175,0.1160123120909,0.157830710225315,1433
40,"Oklahoma",1993,0.11838852989895,0.00974521819783805,25.4839744487469,0.12900226233676,67.329628079279,0.121954837415197,74.8277554641611,0.457226939141001,44.9548636407123,0.55324874090576,0.0992882532097034,0.137488806588197,1443
40,"Oklahoma",1994,0.127146502447963,0.00905901860434256,25.3103390234784,0.124768198171717,67.6395881085314,0.108713900045473,74.9963684399095,0.446802884519649,44.7868919888133,0.515614107298497,0.109391152248173,0.144901852647753,1753
40,"Oklahoma",1995,0.125895458984299,0.00956207253214884,25.374320411671,0.127154225131479,67.5301775624486,0.115760477134702,75.0509759383969,0.487512186274956,45.1176995876476,0.490161406111688,0.107154141203728,0.14463677676487,1685
40,"Oklahoma",1996,0.162330924605542,0.0102068603344468,25.7147351645354,0.14045902046936,67.4467455265038,0.115591612900873,75.9365448299506,0.508932205526342,45.8417157900113,0.50441853455574,0.142325845954796,0.182336003256288,1855
40,"Oklahoma",1997,0.146129826568721,0.0096518206431726,25.4796464383807,0.135538598965953,67.4646034020417,0.112156998445157,75.162926064926,0.47910045566562,45.4503221830536,0.482065748099612,0.127212605722862,0.165047047414579,1801
40,"Oklahoma",1998,0.186735999233076,0.00897665878881452,26.0368060064585,0.126575430608039,67.310032880673,0.0906475959186244,76.3968937609709,0.424385328614315,45.931586925745,0.416078212421579,0.169142071305495,0.204329927160658,2388
40,"Oklahoma",1999,0.203014360241047,0.00863768566583104,26.5878652726129,0.111413355119653,67.2949390791972,0.0912216215174563,78.0086757370994,0.394040926525783,46.0570556986544,0.396548677507931,0.186084807426241,0.219943913055854,2764
40,"Oklahoma",2000,0.189404164862842,0.00751881888503781,26.2316894754927,0.099121145405804,67.3997872754389,0.0768402300848565,77.1801411770798,0.339499760979776,45.9212781937315,0.34608018267284,0.174667550641888,0.204140779083796,3467
40,"Oklahoma",2001,0.225601650050327,0.00834853851944833,26.9588540740504,0.118136584363372,67.4703193268289,0.0838379197918383,79.5753257153501,0.407424515417166,46.1560661359306,0.35680375853281,0.209238815228663,0.241964484871991,4152
40,"Oklahoma",2002,0.226536451603998,0.00617666005451837,26.746113798129,0.081917801891465,67.3863502611068,0.0630765129688516,78.7460380199322,0.295355875187497,45.7325439672673,0.268412358257326,0.214430420352394,0.238642482855601,6378
40,"Oklahoma",2003,0.244732018061292,0.005969476181896,27.0302298706792,0.0776383545511304,67.4488845512793,0.0575663072087535,79.6907595197546,0.270301008268636,46.214387845624,0.257594657153775,0.233032059738206,0.256431976384378,7191
40,"Oklahoma",2004,0.248320714653094,0.00646718863999803,27.1101753577079,0.0872593743754206,67.3734905973205,0.0631494437237465,79.7506992765793,0.295051936813563,46.0647682623481,0.273343544565629,0.235645257837471,0.260996171468717,6481
40,"Oklahoma",2005,0.267135130568203,0.00682625673907924,27.3405649388449,0.0884714535109383,67.3824700324573,0.0635842584086897,80.4783133518316,0.309358836729281,46.0118018644793,0.293683324818177,0.253755913210383,0.280514347926022,12996
40,"Oklahoma",2006,0.287108690124308,0.00698411463300267,27.644366116744,0.092569493338168,67.4392448286857,0.065650878482921,81.5199935467921,0.325040254800837,46.1831229107806,0.287606726594595,0.273420076979723,0.300797303268892,6646
40,"Oklahoma",2007,0.286520824411613,0.0069190181963749,27.709794707337,0.0907478785810565,67.4055124400658,0.0631679129125109,81.5604229725847,0.317018408577485,46.6862556844361,0.28032772875381,0.272959797938341,0.300081850884885,7059
40,"Oklahoma",2008,0.309522805250508,0.00701719906333322,28.0868229472751,0.0936877421760669,67.4034738235449,0.0643963911467077,82.7058091952123,0.322359567263447,46.8691180515657,0.283369261961955,0.295769347814026,0.323276262686989,7461
40,"Oklahoma",2009,0.319023781457798,0.00744766952839992,28.064850069824,0.0957311641520801,67.4867433641882,0.0654904068687029,82.8550108906308,0.335378769709346,47.1684914539693,0.288506703997403,0.304426617413378,0.333620945502219,7510
40,"Oklahoma",2010,0.312169608871756,0.00733116905703643,28.0732022198759,0.0964500485980086,67.4106599777228,0.0691509165407524,82.673957840216,0.338198214013414,47.2894039988025,0.280977210606466,0.29780078155539,0.326538436188122,7382
40,"Oklahoma",2011,0.307496413923981,0.00715605652447697,27.9704280425932,0.0995024686770561,67.4080386257259,0.0668281691066668,82.3512411771657,0.345148528567791,46.6043685745506,0.27450250935201,0.293470800864673,0.321522026983289,8136
40,"Oklahoma",2012,0.320407711569613,0.00706224773760135,28.1911651391527,0.0929715797872072,67.26675733044,0.0617731910388245,82.6522216885566,0.320134869345554,47.0355473948722,0.272665351131653,0.306565960354015,0.334249462785211,7693
40,"Oklahoma",2013,0.323791297203589,0.00697937052963174,28.3128777595679,0.0935656506680812,67.3230791771089,0.0618136184887637,83.072695187238,0.307661896890063,47.0868097028094,0.261696824677394,0.31011198233075,0.337470612076427,7865
40,"Oklahoma",2014,0.326727373974263,0.0067693431203116,28.3165123562838,0.0910339964882396,67.3175843647701,0.0606480082981748,83.130678836572,0.308169891889119,47.2810164465256,0.25930354539758,0.313459705259458,0.339995042689068,7994
40,"Oklahoma",2015,0.334400433473022,0.00851246132368104,28.6993461583021,0.128143065987567,67.3568324359604,0.0775755489898279,84.3346113931591,0.425143148391203,47.3761953369255,0.329354934152988,0.317716315858817,0.351084551087227,6506
40,"Oklahoma",2016,0.324746970697242,0.0079668048796368,28.3898342069768,0.104159174242311,67.4013745199983,0.0705905222595816,83.5051753465621,0.348743102811218,47.4352595491787,0.300423636914306,0.309132320061296,0.340361621333189,6437
40,"Oklahoma",2017,0.361227869547706,0.00820311700551964,28.9121565157815,0.112215320524127,67.4644836163978,0.0731780678666249,85.2294627710223,0.378226845838667,47.4485823380341,0.296845921430092,0.34515005565592,0.377305683439493,6101
40,"Oklahoma",2018,0.346386218128657,0.00877259100412255,28.7238027581288,0.126388539878116,67.3972797266514,0.0782342734719337,84.4591002134544,0.404780614081863,47.553953850047,0.328113962437833,0.329192255709477,0.363580180547837,4846
40,"Oklahoma",2019,0.366432041180911,0.00801067356019885,29.0326490503757,0.114590391268233,67.3635276568922,0.0715124487506676,85.2946889418164,0.381557580576809,47.6750404567098,0.301404734183975,0.350731409511014,0.382132672850808,5740
40,"Oklahoma",2020,0.361697813242734,0.00896067881887645,28.842557303986,0.132032281533498,67.4085449532888,0.0852460529337752,84.844710833426,0.43713173195781,47.539450120219,0.336992622661334,0.344135205480705,0.379260421004762,4518
40,"Oklahoma",2021,0.392584807230485,0.00903949923753229,29.3254091313692,0.131495237755443,67.4647951544658,0.0748389762043713,86.3777712894414,0.427329523213235,47.6881773029417,0.331327067121703,0.374867714286644,0.410301900174325,4945
40,"Oklahoma",2022,0.396701437112456,0.0081224987965764,29.2315753463978,0.112584056809836,67.4249170345374,0.0712154083276265,86.0317869322296,0.373766594035301,48.042687330174,0.300660726185815,0.380781632006697,0.412621242218216,5271
40,"Oklahoma",2023,0.384858577966517,0.00758430257386379,29.1841213867286,0.112723224264558,67.3840542749775,0.0679471632261973,85.7633840670498,0.363374040090184,48.1885160969922,0.293188259671662,0.369993618073889,0.399723537859144,6185
41,"Oregon",1990,0.107470645926051,0.00587348838259183,24.8234106368222,0.0819493943952777,67.4596126053508,0.0799833459330243,73.2485772025402,0.306032805756911,44.2797349287216,0.351765552363404,0.0959588202325565,0.118982471619545,3193
41,"Oregon",1991,0.113094203926162,0.00604062019053345,24.9689631954721,0.0849732539819179,67.4725147474045,0.0792223045708044,73.6981955435268,0.31309555882991,44.2317302707606,0.353069065486318,0.101254805908431,0.124933601943893,3224
41,"Oregon",1992,0.119624959019925,0.00628088950417337,25.1777740053606,0.086011388364884,67.5100637293299,0.0776482324509945,74.4033109522643,0.312662030019061,44.7272623805331,0.345634564753837,0.10731464180087,0.131935276238981,3184
41,"Oregon",1993,0.112491619402621,0.00675940376354151,25.1065831183401,0.0905804329359243,67.4261932415718,0.0776927538796608,73.9604648344388,0.318045159830667,45.0824389879015,0.381111754829303,0.0992434314691147,0.125739807336126,2869
41,"Oregon",1994,0.137262698566019,0.00717325188385682,25.4030791263074,0.0956453594310871,67.4668120188956,0.0827421387138423,74.9825942636651,0.342496192942546,45.1798670950709,0.38391153905414,0.123203383221625,0.151322013910412,2737
41,"Oregon",1995,0.147491861124352,0.00739721312995449,25.6831522583704,0.0953138835979775,67.3622727130193,0.0865790941861884,75.534451381424,0.340882587726091,45.728081746885,0.374763765223603,0.132993589803675,0.16199013244503,2758
41,"Oregon",1996,0.15991720685535,0.00787258998603632,25.7867975989862,0.103335990338104,67.6248755329098,0.0874542273041589,76.4339173446555,0.370909544739578,45.8798975648696,0.41415833959017,0.144487214017669,0.175347199693032,2744
41,"Oregon",1997,0.185846719166192,0.00841441729287184,26.1144912696421,0.108067356063674,67.4512879270819,0.0925120038601862,76.98289704418,0.371969880826519,45.9726791967204,0.378358379621053,0.169354764321272,0.202338674011112,3198
41,"Oregon",1998,0.176942018862366,0.00993192812778474,26.0495352370106,0.131851251363773,67.5888111346331,0.111298211791675,77.0919531875569,0.475084902600633,46.1277258472735,0.483002703531496,0.157475797434868,0.196408240289865,1748
41,"Oregon",1999,0.197095703615106,0.010441173898246,26.1775885439222,0.133662516141998,67.5283827220969,0.111285145838401,77.2890840652819,0.468486259620785,46.6467979124341,0.451910059227383,0.176631378818224,0.217560028411988,1707
41,"Oregon",2000,0.210099378135062,0.00796340448059395,26.5243279550968,0.0989719302640883,67.5251017705963,0.0814017885760904,78.2961372181342,0.346365909754005,46.3105184344597,0.328150698401278,0.194491392158773,0.225707364111351,3517
41,"Oregon",2001,0.210860164690047,0.00907075457943284,26.6400961315107,0.122503404514892,67.4198234860022,0.0936099304846403,78.4349849918578,0.415931318359972,46.4396120956196,0.395663370677681,0.193081812401757,0.228638516978337,2390
41,"Oregon",2002,0.205084155002252,0.00852984175275407,26.5933683069119,0.113467492805673,67.3405141458351,0.0910894535828109,78.0563702107691,0.387284684652668,45.9956190203912,0.375782510157051,0.188365972373028,0.221802337631476,2890
41,"Oregon",2003,0.216338212393619,0.00754328392544795,26.6916659440715,0.0919104979366649,67.4927489680181,0.0799095033386056,78.7988527355682,0.331605803089929,46.2914949164968,0.333138471920293,0.201553647574581,0.231122777212657,3749
41,"Oregon",2004,0.212964419367327,0.00690619339306199,26.7159585131085,0.0872873504202544,67.6049632178691,0.0707982501866495,79.1582313896382,0.318122792590978,46.0940465020113,0.307006177631202,0.199428529046657,0.226500309687997,4779
41,"Oregon",2005,0.237847455329118,0.0048434815845542,26.9594407758527,0.0630760624420833,67.4129310956003,0.0473269904630474,79.3766850036555,0.218915243314644,46.5320888476056,0.207543622809544,0.228354405863609,0.247340504794628,11276
41,"Oregon",2006,0.246261162877814,0.00782222191403986,27.1229123288664,0.108016739822486,67.6448096761761,0.0758428217870331,80.4477572821657,0.386867179350558,46.3876886745072,0.332436513880856,0.230929889647216,0.261592436108412,4591
41,"Oregon",2007,0.26444422222314,0.00837868996710264,27.2994476299535,0.109465606097242,67.6927552997385,0.084147408021752,80.9827667175312,0.371383838162678,46.7924360517667,0.371151027020225,0.248022291649992,0.280866152796289,4712
41,"Oregon",2008,0.250848093799428,0.00853260681681899,27.2513570746769,0.108524090725747,67.508990330636,0.0841161975484824,80.5236003397037,0.3948592946818,46.90647501406,0.378867276146639,0.234124491744222,0.267571695854634,4540
41,"Oregon",2009,0.235952509446593,0.00927964468374884,27.1117735079503,0.126405923774378,67.8593314651076,0.0922213185819417,80.8983444095407,0.453549184009217,47.1145195533576,0.418593752012417,0.217764740077117,0.254140278816069,4057
41,"Oregon",2010,0.276895390307348,0.00969514358345099,27.4325446272567,0.14343097482157,67.6918478970281,0.0910196507638454,81.5516036906357,0.525054583839449,47.2188186729743,0.418798281742932,0.257893258058839,0.295897522555856,4769
41,"Oregon",2011,0.266305698683274,0.00793054000198364,27.4503555787631,0.114745007352309,67.5168576400506,0.0712703298104723,80.996082704111,0.369724020154172,47.4554942187111,0.307666716128135,0.250762125901432,0.281849271465116,5911
41,"Oregon",2012,0.273189989425435,0.00849935576122605,27.3992105071936,0.116316864022091,67.3210729424931,0.081209163962766,80.4006621201999,0.391963070792173,47.5257005130512,0.311930127316367,0.256531558241639,0.289848420609231,5005
41,"Oregon",2013,0.262135995434798,0.00795367719591578,27.2550230912266,0.111539488152012,67.4826850503496,0.074260119958338,80.4036195786148,0.37011899311312,47.6353777446245,0.30618169811264,0.246547074586145,0.27772491628345,5659
41,"Oregon",2014,0.27682188562182,0.00850657324976964,27.5139357049453,0.12695937063538,67.4755408668108,0.0785875179440944,81.022085898245,0.398305824385959,48.1466201193215,0.333731079541472,0.26014930842042,0.293494462823221,4907
41,"Oregon",2015,0.298306795468799,0.00855790655583656,27.8633100748376,0.118722943044158,67.479718803812,0.0765622563662042,82.1401908861434,0.389195566630835,48.0747141347445,0.321684632528809,0.2815336068363,0.315079984101297,4900
41,"Oregon",2016,0.284007397418698,0.00757237821329329,27.6566828713456,0.110911100219283,67.5455638349875,0.0725596006902918,81.7211392962176,0.385787671806761,48.4110882140662,0.294765839227337,0.269165808843327,0.298848985994068,4988
41,"Oregon",2017,0.291781454727186,0.0078158573780078,27.8013088744268,0.107023157165709,67.5570685718307,0.0715687724161044,82.1077218657439,0.359081816721954,48.4089119504821,0.303544011122653,0.276462655757989,0.307100253696383,4900
41,"Oregon",2018,0.297190507724024,0.00763888023079269,27.8899417689103,0.111651299476004,67.5037486035734,0.0715225863363746,82.1886865270766,0.361895668876838,48.2842707161355,0.302351711370922,0.282218577589455,0.312162437858592,5460
41,"Oregon",2019,0.287966288632353,0.00740186550389884,27.7788156446408,0.0999195647606445,67.4929436162739,0.0690396004977158,81.9181445187259,0.339195879290239,48.5969319094134,0.275328087262706,0.273458898826302,0.302473678438405,5538
41,"Oregon",2020,0.277270575170327,0.00754382540715549,27.7003113099496,0.0982412928938217,67.4926827696278,0.0702177851409739,81.6761275884441,0.32957422999736,48.4419632648352,0.30412031825523,0.262484949066644,0.29205620127401,4820
41,"Oregon",2021,0.301324750412147,0.00773418685904837,28.0030969537657,0.103702711449587,67.4877137910448,0.0684485831947417,82.5389683668853,0.347912817848394,48.7041024683337,0.302633636326615,0.286166022718709,0.316483478105584,4823
41,"Oregon",2022,0.307383278507729,0.00764439196239284,28.2169035022788,0.105893414225885,67.3920197361469,0.0700323408471354,82.9298972755649,0.351925167230184,48.6850098624586,0.309553235875022,0.292400545577732,0.322366011437727,5259
41,"Oregon",2023,0.331989563297005,0.00828610049492711,28.3856664203301,0.117261148165052,67.4693369159333,0.0748067795211907,83.6536538765307,0.393963414612958,49.3247217244218,0.340583620732937,0.315749104754669,0.348230021839342,5698
42,"Pennsylvania",1990,0.121802415783724,0.00740715670881417,25.1451643440278,0.0972003629827354,66.8606824921832,0.0934376693376057,72.831678826574,0.3481853163728,45.5336299378646,0.433408525643768,0.107284655406604,0.136320176160844,2376
42,"Pennsylvania",1991,0.145138065953874,0.00817890125298063,25.3718398790005,0.102366524179314,66.8574494083662,0.0895139061271532,73.4978629654074,0.354289592864148,45.3730929162486,0.408623873950314,0.129107714064922,0.161168417842825,2378
42,"Pennsylvania",1992,0.146802337022659,0.00822662877263858,25.5235672865106,0.112343113941223,66.980003872393,0.0960780669834941,74.2324715372329,0.392259728185958,45.2741883327109,0.436396619273282,0.130678440914107,0.162926233131212,2311
42,"Pennsylvania",1993,0.162272834637249,0.00839539331287216,25.6546726064489,0.10694119596014,66.9689367114194,0.0921060729959391,74.5771261395316,0.38008858215939,45.9385593850534,0.41616350611982,0.145818166107971,0.178727503166526,2328
42,"Pennsylvania",1994,0.154357860082142,0.00663794812225187,25.8022341784789,0.0877400798751056,66.9797087525464,0.0767265051898398,75.0182627905044,0.310807059932104,45.6512380433079,0.347636825550768,0.141347720831283,0.167367999333001,3505
42,"Pennsylvania",1995,0.160582607495501,0.00718474642585009,25.8892833729401,0.0972537450634233,67.0273499697905,0.0933926549009856,75.4402072450516,0.359661281372598,46.4109732915577,0.41194735734573,0.146500763262782,0.17466445172822,3430
42,"Pennsylvania",1996,0.182384397671394,0.00769098626620179,25.9814998208678,0.105927137643221,66.9603101127987,0.0776620610648773,75.4762407247155,0.362176088000286,46.4554471131987,0.358008702238651,0.167310341584047,0.197458453758742,3373
42,"Pennsylvania",1997,0.169059733526385,0.00720203887352151,25.9668354331019,0.0985878464954615,67.1193496140835,0.0886610189118771,75.8913179303933,0.368597457934465,46.4528968921003,0.375801037981215,0.154943996719026,0.183175470333745,3352
42,"Pennsylvania",1998,0.191312326946072,0.00774814177576618,26.4408828917118,0.103138990331063,67.0552793070058,0.0787565443146353,76.9971178118103,0.358688790069362,46.5771275543734,0.352263408998799,0.17612624811846,0.206498405773684,3354
42,"Pennsylvania",1999,0.198242946182458,0.00782891967922311,26.2873890713179,0.0957138525121076,67.1754534911148,0.0849513811589656,76.9125483855306,0.351824661322837,46.8321657184848,0.366727464850389,0.182898545573324,0.213587346791593,3298
42,"Pennsylvania",2000,0.206957860817208,0.00808481182511856,26.5238859209815,0.106250529026972,67.1557394286082,0.0816060691321912,77.5554685425828,0.370780336807704,46.7572858853474,0.367811050476376,0.191111920818192,0.222803800816224,3339
42,"Pennsylvania",2001,0.221842653934687,0.00796001399091011,26.8273500451973,0.101843743704979,67.0396015542155,0.0822586254098992,78.1136901987033,0.353378914409387,46.8817085956435,0.358519052508003,0.206241313196068,0.237443994673306,3483
42,"Pennsylvania",2002,0.239961280759129,0.00515460408241086,26.9117613308463,0.07039984259925,67.1121457793022,0.0495878512520289,78.602488501516,0.237888301599732,47.0488764779552,0.216971728584783,0.229858442403041,0.250064119115217,12675
42,"Pennsylvania",2003,0.237437288198855,0.00828983379498151,26.9318028979955,0.103266801264471,67.1669663359778,0.0799835567960149,78.7841286563415,0.365449283292794,47.0068100055249,0.344012903783809,0.221189512522868,0.253685063874841,3462
42,"Pennsylvania",2004,0.243952326231955,0.00672254372508559,27.0787770523036,0.0873599827878387,67.1985167904767,0.065529539430592,79.2408526774818,0.308327766996191,47.3698824671548,0.29171925288852,0.230776382646291,0.257128269817618,5729
42,"Pennsylvania",2005,0.254114322918529,0.0059512126150186,27.2124989895017,0.0774802152778875,67.1435124839988,0.0586833755647079,79.5142485360101,0.274628814754252,47.6321027550216,0.269924625815101,0.242450160528752,0.265778485308306,12560
42,"Pennsylvania",2006,0.240157430820247,0.00722784742861583,27.1311768677423,0.0974648306688605,67.1172210738958,0.0805005013353112,79.2260857856225,0.350087428712223,47.5971752569612,0.362459325707258,0.22599111017441,0.254323751466085,12412
42,"Pennsylvania",2007,0.277549331800753,0.00722099076857829,27.5359539460957,0.11654806930341,67.1586410777485,0.0711328547951961,80.4318742078625,0.348178137098522,47.8435431536889,0.337744381878854,0.263396449961643,0.291702213639862,12472
42,"Pennsylvania",2008,0.283163740188919,0.00690116069736173,27.5384790975649,0.0864689178829057,67.1729308749784,0.0640885156667233,80.5513295218642,0.306685774708044,47.7779875987116,0.311221560242389,0.269637713770567,0.296689766607271,12415
42,"Pennsylvania",2009,0.280805064941469,0.00713971651519302,27.6121815838014,0.100898913532342,67.1238412785081,0.0654084227804218,80.6515154236379,0.3471710960996,47.8306978785003,0.318752674953568,0.266811477711865,0.294798652171073,8625
42,"Pennsylvania",2010,0.292027349165179,0.00617585800562007,27.8433363208947,0.0817595439432817,67.1448621260887,0.0582928213050023,81.3734444359506,0.287934714548696,49.412970407335,0.237010337446779,0.279922889900531,0.304131808429828,10567
42,"Pennsylvania",2011,0.284856844470031,0.00627760670906264,27.7110809565211,0.0813587897540915,67.0710189685947,0.0572679377348145,80.7482911256201,0.277919715038138,48.1632661906894,0.257792327389371,0.272552961411162,0.297160727528901,10758
42,"Pennsylvania",2012,0.28955663904087,0.00507187725978107,27.7658000897611,0.068709048570925,67.087221292001,0.0467264604273221,80.9359301308123,0.223859913927745,48.1830388634153,0.204329990715258,0.279615942277692,0.299497335804049,18721
42,"Pennsylvania",2013,0.299050015847972,0.00590403146018391,27.8702078039859,0.0828499788879896,67.0356229539379,0.0531068757629567,81.0889790161463,0.268120634108255,48.3447200285717,0.222028506157561,0.28747832682242,0.310621704873524,10842
42,"Pennsylvania",2014,0.298777333699269,0.00637686231570591,27.8332345739783,0.0896442942382322,67.0133556733014,0.0648093106441978,80.9900510017632,0.297478444219561,48.5931112109229,0.26899717580122,0.286278913226114,0.311275754172423,10356
42,"Pennsylvania",2015,0.297085155962328,0.00821414796191092,27.9600993886659,0.1130249076086,67.0522028178451,0.0769574771826088,81.3468635804314,0.358707325421796,48.4790735924236,0.348171682944538,0.280985721793299,0.313184590131356,5325
42,"Pennsylvania",2016,0.301064557140726,0.00754054623740208,27.9334519978702,0.100313109785696,67.06447371086,0.0688665737271986,81.4352961027199,0.343574922911415,48.710029646669,0.30602191000696,0.286285358091659,0.315843756189793,6357
42,"Pennsylvania",2017,0.314098020462669,0.00797086455136529,28.1506213228297,0.11023831838619,67.1103640446771,0.0697539057247968,82.1526090450219,0.381330916608454,48.8526060737336,0.321074243208888,0.298475413016346,0.329720627908992,6128
42,"Pennsylvania",2018,0.306661351996553,0.00791091096473658,28.122844650432,0.118226646990019,67.0930728962784,0.0720440886504759,81.9000484990154,0.365017800428504,48.8917052528232,0.332209798851409,0.291156251420767,0.32216645257234,5747
42,"Pennsylvania",2019,0.330691266678181,0.00776729199725297,28.4214598682271,0.104750386715125,67.062483441361,0.0695790139931729,82.7558769056184,0.345442051408082,49.1996718669086,0.308449718801838,0.315467654106159,0.345914879250203,6128
42,"Pennsylvania",2020,0.313234412779327,0.00881973073865536,28.2312404583074,0.115720849056624,67.119597537202,0.0790092254735521,82.4105243895888,0.393037855425048,49.1747496358015,0.376095333157705,0.295948058178221,0.330520767380432,5016
42,"Pennsylvania",2021,0.330785491887843,0.00814092135408375,28.3436676090846,0.113988530867566,67.0788596081527,0.0728201570464302,82.6178384369748,0.370060682644231,49.380945959699,0.339104616828854,0.314829579232866,0.34674140454282,5741
42,"Pennsylvania",2022,0.332542063278094,0.0108908931216542,28.4348089224826,0.151089510019882,67.1192553115162,0.0994318001758095,82.8728330459702,0.474860307862656,49.5189131717443,0.420223448614587,0.311196305000177,0.353887821556011,4185
44,"Rhode Island",1990,0.106096236955285,0.00851721866752641,24.9463714014631,0.11384972863094,66.5712120419493,0.11269339900805,71.768665743246,0.433979948633276,45.6257621577984,0.502065336928682,0.0894027951184812,0.122789678792089,1732
44,"Rhode Island",1991,0.0906787927331379,0.00767059605351084,24.6600274149728,0.113151435217569,66.7468401959628,0.107304798542174,71.2948454592448,0.423885442116391,45.5100067341637,0.512883054594696,0.0756447007283015,0.105712884737974,1731
44,"Rhode Island",1992,0.116984741714141,0.00891304292874132,25.0998828068721,0.127054130052535,66.6835572652175,0.108059865337302,72.3154709506071,0.432517475208801,44.3893470010449,0.541440031628688,0.0995154985811485,0.134453984847133,1740
44,"Rhode Island",1993,0.12166599138915,0.00867866699591388,25.1346580701891,0.118847356891025,66.7431829526398,0.120606500748433,72.6284109658287,0.432637058969762,44.8836700005429,0.56324701486274,0.104656116643343,0.138675866134958,1729
44,"Rhode Island",1995,0.129193949441745,0.00961634237480974,25.2636134194645,0.116479661102069,66.6432569611248,0.112625857210694,72.8452544259891,0.447775240196235,45.1317038395634,0.516878408362738,0.110346264724112,0.148041634159379,1714
44,"Rhode Island",1996,0.139385836876078,0.00938683153716034,25.5462490200245,0.124553344826018,66.5864569024027,0.1109962835663,73.3957349627057,0.433326837405438,45.7232211198765,0.502817501072008,0.120987985134299,0.157783688617857,1747
44,"Rhode Island",1997,0.137449420250235,0.00918296166710556,25.5236371356809,0.120002540190839,66.7882998048234,0.11451436680324,73.819709346375,0.442705956249466,45.9386384258984,0.512595281230578,0.119451146111297,0.155447694389174,1735
44,"Rhode Island",1998,0.163267048647014,0.00742300430275236,25.7701452224232,0.0943289342504408,66.8387567170613,0.0805216014789316,74.673058719369,0.334686693076651,46.0704135541504,0.365934848422665,0.148718227556533,0.177815869737494,3348
44,"Rhode Island",1999,0.161805812081448,0.00698897093790822,25.9639262871781,0.088509188065306,66.8079808407982,0.0788475715382032,75.1213650731185,0.317763923313336,46.2649309550324,0.351723271397383,0.148107680754151,0.175503943408745,3745
44,"Rhode Island",2000,0.169763205857732,0.00731118144178227,25.9720479754719,0.0947777045855829,66.6994957500816,0.0818462328580698,74.9272947737278,0.342182001130488,46.0612920958443,0.37427837276855,0.155433553547401,0.184092858168063,3314
44,"Rhode Island",2001,0.177128951792331,0.00760834010997196,26.0653787628508,0.0971344173363875,66.7100764047354,0.08061094039132,75.1429455094598,0.329584096720717,46.2816701673767,0.372726254346392,0.162216879194655,0.192041024390008,3778
44,"Rhode Island",2002,0.184397843244989,0.00759171808798303,26.2845392518212,0.0967855121438435,66.7484577340796,0.081166073488359,75.937782972392,0.353995567612046,46.3368344656755,0.357186587938345,0.169518349211761,0.199277337278217,3540
44,"Rhode Island",2003,0.18366190297158,0.00746495722919338,26.2614414907524,0.0950369546226653,66.8544372678962,0.0831931058989583,76.0549056853119,0.334953778994569,46.4255409975244,0.385589147586591,0.169030855656229,0.198292950286931,3764
44,"Rhode Island",2004,0.188449557586323,0.00767400925814772,26.1956289793956,0.0964819509274452,66.7162640455575,0.0872590855329085,75.4759456893873,0.331721925609876,46.2345260062175,0.40881862437696,0.173408775823327,0.20349033934932,3713
44,"Rhode Island",2005,0.208364357676356,0.00827446748514863,26.7281255284994,0.113579356556336,66.6960379904693,0.0875780038315286,77.0336101588988,0.395344369865655,46.6252435458529,0.413531290994065,0.192146699414217,0.224582015938495,3669
44,"Rhode Island",2006,0.215334078123644,0.00818858694218868,26.8322351531479,0.109934589259168,66.7691692964686,0.0833269337780054,77.5432324727685,0.381824126806585,46.5652670650509,0.414620758670521,0.199284742632679,0.231383413614608,4184
44,"Rhode Island",2007,0.215757201836966,0.00826908263279591,26.7693003874339,0.104732511259262,66.8427406997778,0.0925432763444152,77.5574959030868,0.386011922142844,46.7316849800302,0.42684149890811,0.1995500976915,0.231964305982431,4224
44,"Rhode Island",2008,0.219322818977381,0.00834912802243491,26.8067791179258,0.11151762204195,66.7540642076982,0.0902228809931891,77.460283411385,0.395883647105718,46.7281791709242,0.433600938948825,0.202958828751094,0.235686809203667,4520
44,"Rhode Island",2009,0.250358624482692,0.00842626820452752,27.2101116231105,0.130898679445244,66.8163153237392,0.0759602880110795,78.7407109680341,0.425821786012759,46.8292428115437,0.396491317441569,0.233843442277743,0.266873806687641,5949
44,"Rhode Island",2010,0.258338814852508,0.00837302253033709,27.3409844629673,0.11514443373744,66.8591781583991,0.0839857405821502,79.1757802096875,0.39162895037317,47.0648234399468,0.409463438444874,0.241927992251305,0.274749637453712,6240
44,"Rhode Island",2011,0.252456983861615,0.00784297873059609,27.4391085867194,0.111737490337723,66.6183473578038,0.0797463216555836,78.9207446977526,0.371897730941994,47.2147526567571,0.352734342604526,0.237085028018133,0.267828939705097,6108
44,"Rhode Island",2012,0.257226399401034,0.00830346555036558,27.2233364045475,0.107990239281811,66.7019561809767,0.0836674009297945,78.5434056008058,0.385275172703491,47.3458338619301,0.376024041537863,0.240951905975448,0.27350089282662,5138
44,"Rhode Island",2013,0.269764698320458,0.00763657836390427,27.5183255534744,0.101271717081265,66.6426919228042,0.0736305087101994,79.1594965594108,0.340467876986478,47.7100891846606,0.336305503138353,0.254797279762088,0.284732116878829,6179
44,"Rhode Island",2014,0.265780602493289,0.00809811372961312,27.4686811136404,0.107402790849211,66.5417557971542,0.086396241017381,78.7918664567757,0.363392456126911,47.905885873917,0.365517785328686,0.249908591240538,0.28165261374604,5963
44,"Rhode Island",2015,0.258541466135493,0.00852505712873694,27.4678090175815,0.121332525232083,66.524338818312,0.0835797473647677,78.7560608618598,0.406988284718544,47.8480943600305,0.367180145072883,0.241832661197022,0.275250271073964,5664
44,"Rhode Island",2016,0.26430153973689,0.00908240286591304,27.4891383755637,0.129640256985432,66.6235108061166,0.0915376782582339,78.9657156976367,0.400096143254077,47.8649507022907,0.405366004495823,0.246500357226618,0.282102722247163,4929
44,"Rhode Island",2017,0.295954855020535,0.00942624964671572,27.8881286845542,0.131660155356491,66.6901924328281,0.0908645585877031,80.2878212775493,0.426680572751253,48.2004828296591,0.380802791175409,0.277479745203689,0.314429964837382,5139
44,"Rhode Island",2018,0.275714046815387,0.00898170995647918,27.7248405009925,0.125073018623742,66.7401153142589,0.0926452008254557,79.9385213809275,0.409458918758183,48.251991941936,0.389383840046744,0.258110218781103,0.293317874849671,5131
44,"Rhode Island",2019,0.297201031013366,0.00925656958043915,27.9220346481501,0.134023550827561,66.5517098012432,0.0870182085191017,80.0947472406236,0.427023221493656,48.5199604369033,0.377633870478065,0.279058488015316,0.315343574011416,5453
44,"Rhode Island",2020,0.299817259928007,0.010031519928978,27.7858383681014,0.134221880386738,66.6610576854683,0.0929018818528199,79.9195191396709,0.446949036212871,48.6381534924914,0.431388190741086,0.280155842157015,0.319478677699,4667
44,"Rhode Island",2021,0.296930297085775,0.00862638831486881,27.9449185962075,0.116978024994665,66.7990107402491,0.0860189471904763,80.711587812066,0.386304139967203,48.5221174136089,0.388025128926353,0.280022886671975,0.313837707499575,4928
44,"Rhode Island",2022,0.306600761395705,0.00924514655905851,28.0474070491227,0.129523843146323,66.6534914684151,0.0855282664598571,80.592337024723,0.409402115680629,49.1419475052692,0.386975999321945,0.288480607108156,0.324720915683254,5113
44,"Rhode Island",2023,0.314657422217058,0.00947500544321156,28.0852228955966,0.12716407776014,66.5731274791328,0.0884635763069892,80.5224187137679,0.406055704730434,49.0852001561654,0.40935736148173,0.296086752795042,0.333228091639073,5165
45,"South Carolina",1990,0.132218815835494,0.00831262181067391,25.1223531155975,0.123592688766848,67.2911136489393,0.101597987130864,73.6667507744727,0.41887392836805,42.6032982116106,0.443485138259328,0.115926376469471,0.148511255201517,2082
45,"South Carolina",1991,0.13735390058462,0.00940149197186099,25.3028256357578,0.126777561059944,67.3659795560775,0.109118850142439,74.4221438692492,0.448287230097699,42.5856050699549,0.48720923522383,0.11892731491883,0.15578048625041,1854
45,"South Carolina",1992,0.1411112574797,0.00903267312646426,25.2602112377244,0.130812852031794,67.3723570173425,0.109187571966641,74.2856156360883,0.470374124299342,42.7472151211979,0.53213089547982,0.123407543467707,0.158814971491693,1882
45,"South Carolina",1993,0.162756018676741,0.00976645653635948,25.5671963171252,0.12810766080659,67.2499553846728,0.118989855917021,74.8740771827056,0.451464431728582,43.415275049108,0.497697664332393,0.143614115608901,0.181897921744582,1961
45,"South Carolina",1994,0.15683096978213,0.00939608080252678,25.7392387029024,0.127737235383723,67.0458950037317,0.103889222897053,74.876490888034,0.424188929922388,43.351249969004,0.48078567979958,0.13841498981335,0.175246949750911,1960
45,"South Carolina",1995,0.159129707716551,0.00947321972563161,25.7566933098306,0.12647546922315,67.0777162825924,0.108493088588698,75.0487626197108,0.437871065811002,43.6271242860068,0.48774115221673,0.140562538236679,0.177696877196424,1880
45,"South Carolina",1996,0.178143729888112,0.0111355625171134,26.1045603857181,0.145745232944423,67.0781439234024,0.119430589332025,76.0033274790926,0.49494760004532,44.15176159767,0.567131761560453,0.156318428406976,0.199969031369249,1734
45,"South Carolina",1997,0.159113220354259,0.00971668770324383,25.9564956459932,0.122082837552078,67.3510805608501,0.105457933540903,76.3102272696124,0.431021344344511,44.4475464557674,0.460057265679565,0.140068862406877,0.17815757830164,2055
45,"South Carolina",1998,0.202447284022299,0.00875840723875151,26.2929390765138,0.115401266092688,67.2797846106027,0.0917293758877964,77.1562038688291,0.4097127754337,44.5314609800614,0.361896895585471,0.185281121272411,0.219613446772187,3098
45,"South Carolina",1999,0.200792540657103,0.00810279466965763,26.484309303214,0.104816660824674,67.4386795610555,0.0822106148855687,78.0668730885771,0.366349085435794,44.5063790185983,0.364550829456949,0.184911354930451,0.216673726383755,3212
45,"South Carolina",2000,0.215042883271803,0.00829060352196928,26.7269779244518,0.111411870791792,67.4183916896249,0.0926370659715851,78.6820978734215,0.3906214106489,44.7389347254722,0.361279633985496,0.198793598958642,0.231292167584963,3120
45,"South Carolina",2001,0.227772553409529,0.00897764810188009,26.9658655371131,0.125062549046126,67.5120322845548,0.0846468155585838,79.6887318787892,0.430428736130834,44.6902693219484,0.370505658809923,0.210176686463969,0.245368420355088,2966
45,"South Carolina",2002,0.256585371070964,0.00938686936155291,27.1322747583741,0.124057166831574,67.4067331874665,0.0850505406800795,79.9067477406172,0.438379941587994,44.8877110313946,0.360385256717516,0.238187445194738,0.27498329694719,4240
45,"South Carolina",2003,0.245967573089162,0.00685558821455392,27.1334784941253,0.0930230264894687,67.387324811799,0.0671186756617763,79.7564090844366,0.309488845613185,45.5769021558742,0.292173606913491,0.232530867095799,0.259404279082525,5595
45,"South Carolina",2004,0.250710408955068,0.00649582545103375,27.2416460078821,0.0935528596963168,67.4384033887784,0.0648753390705966,80.2526840756078,0.316231954955232,45.4234530518322,0.276814237697152,0.237978825021183,0.263441992888952,6751
45,"South Carolina",2005,0.291379759096971,0.00643644640186802,27.6416628028355,0.0837585269284813,67.4471633372006,0.0595220642519167,81.4670682746549,0.294602563968707,45.8404398884725,0.256768993172423,0.278764555960888,0.303994962233055,8011
45,"South Carolina",2006,0.293776546039241,0.00678000214167715,27.7132340059241,0.0892139627095357,67.4036545022929,0.0624267291239619,81.5496816310049,0.301922030156386,46.2841438574569,0.256047428203005,0.280487986026449,0.307065106052033,8551
45,"South Carolina",2007,0.289324194115837,0.00677920818315667,27.7591618603357,0.0869658592776066,67.4695519909471,0.0600179138583394,81.8593564028497,0.307211192621553,46.4619576805868,0.252515250474076,0.27603719023315,0.302611197998523,9822
45,"South Carolina",2008,0.307505356995659,0.00837936429200493,27.8763709682218,0.108770969064424,67.3993182861535,0.0770564882862749,81.9594562766023,0.371737923102781,46.701233349527,0.320137876711123,0.291082104769989,0.32392860922133,9516
45,"South Carolina",2009,0.301141057145984,0.0084014514947181,27.894592015967,0.114719278793838,67.4492352063374,0.0794037297002927,82.1534010915709,0.378930082354269,47.1047958099635,0.330279722749927,0.284674514798476,0.317607599493491,9250
45,"South Carolina",2010,0.318185133981464,0.00974836181225775,28.1193665471323,0.127112157170347,67.394318926175,0.0924748768363984,82.7238675063359,0.456146440133598,47.1351992181818,0.374249437973738,0.299078695921173,0.337291572041754,8916
45,"South Carolina",2011,0.306983723497133,0.00652996076555684,28.1187272804989,0.090783795633471,67.2407612805365,0.0612603234367111,82.263280939763,0.306219215811479,47.1289851625644,0.247831805106826,0.294185235576182,0.319782211418084,12272
45,"South Carolina",2012,0.314881302590446,0.00624566899503853,28.1369042268487,0.0837061736184491,67.2770695093963,0.0564354587248456,82.4525839779094,0.282155081327313,47.0673566287954,0.23404419657053,0.302640016300812,0.32712258888008,12125
45,"South Carolina",2013,0.314840433012519,0.0066411067420463,28.0959441147014,0.0879162103831694,67.2263991722168,0.0591177741021112,82.1495599622774,0.286929071797783,47.3236250005125,0.242245343242127,0.301824102980622,0.327856763044416,10209
45,"South Carolina",2014,0.31926871942155,0.00631106557781508,28.1723576230849,0.0859553746983039,67.2112609737479,0.0584361181745544,82.402193364415,0.287133280517102,47.6251432512513,0.241947930243008,0.306899258184962,0.331638180658138,10373
45,"South Carolina",2015,0.315110647203032,0.00626256442272121,28.0918121656419,0.0849161126065712,67.2999404541283,0.0584041682385222,82.3295835889575,0.28139752982376,47.7310715285367,0.242863756511754,0.302836246483636,0.327385047922427,10849
45,"South Carolina",2016,0.320071787034118,0.00646387391225276,28.20690082777,0.0888863091303756,67.2081473678054,0.0611505841821586,82.4553812861661,0.294586874627074,48.1412934885644,0.254641422548311,0.307402826965494,0.332740747102741,10486
45,"South Carolina",2017,0.339314168698471,0.00662132518106229,28.5278509537651,0.0966717640855441,67.3228911402763,0.0587358128322707,83.6957326200836,0.318853590196948,48.2159066506826,0.256933043902931,0.326336609813661,0.352291727583281,10457
45,"South Carolina",2018,0.340972385612882,0.00675447326154814,28.6282115500112,0.0978240613040544,67.2620648252524,0.060290784615146,83.7595090161231,0.312996499101614,48.4845744063055,0.262094554305104,0.327733861285709,0.354210909940056,10065
45,"South Carolina",2019,0.350436834819266,0.00798965876682863,28.7907799688977,0.117852124319854,67.2166885744123,0.0685642829877355,84.0935318103848,0.364265274733998,48.9013592422131,0.296873071017888,0.334777391387517,0.366096278251015,6605
45,"South Carolina",2020,0.359434633976685,0.0103630919446967,28.670973940065,0.139214102633613,67.2427896903344,0.0914868304863456,83.7652872111133,0.435727642742754,48.8967048989209,0.381660061075218,0.339123346996602,0.379745920956768,3693
45,"South Carolina",2021,0.357990715814233,0.00753223678147416,28.6740800829441,0.101586877168937,67.339580999718,0.0666413255189033,84.0950308712523,0.332529904165014,48.9975642654472,0.304498510545317,0.343227802999516,0.372753628628951,8786
45,"South Carolina",2022,0.348577363114408,0.0071354258948349,28.7322100090162,0.103049068800974,67.306482538852,0.0640308415766352,84.1752908399514,0.33160960817781,49.7344863572311,0.283606161150599,0.334592185346177,0.362562540882638,8794
45,"South Carolina",2023,0.356651023114349,0.00730789411946709,28.8254023989641,0.11255614528569,67.3033185696887,0.0669896353353455,84.4098552577726,0.351366737975326,49.882711630716,0.289451587199732,0.342327813837361,0.370974232391336,8921
46,"South Dakota",1990,0.104691672795151,0.00799855575686667,24.9669608655697,0.105741389463306,67.4641817075075,0.107522809094449,73.6868905970978,0.390313988356049,45.0942958911535,0.569913896295879,0.0890147915833566,0.120368554006945,1700
46,"South Dakota",1991,0.128406480021141,0.00894783924458643,25.1706421521239,0.117990364374831,67.5944226211617,0.105498144002631,74.6431665590298,0.442377530561073,44.839185818789,0.53342953461359,0.110869037362298,0.145943922679985,1697
46,"South Dakota",1992,0.123077154436507,0.00845452942523449,25.3201845302584,0.126625460155904,67.537283343055,0.11083381212871,74.9503112863352,0.453513456004653,45.2751382806087,0.548948258375998,0.106506581256814,0.139647727616201,1685
46,"South Dakota",1993,0.142799445008848,0.00930550384872261,25.6162131250087,0.118464776463235,67.5813057375807,0.108105727331383,75.9299060458998,0.453990554488944,45.5429100241529,0.525375474956221,0.124560992607353,0.161037897410344,1695
46,"South Dakota",1994,0.13764618724723,0.00911920132964189,25.5744053245057,0.124391705199547,67.6735772197994,0.112464434117135,75.9149437270745,0.445059689838293,45.8297214180192,0.541207882481505,0.119772881073362,0.155519493421098,1704
46,"South Dakota",1995,0.136449930331123,0.00928096330885369,25.6109955000749,0.115553210294277,67.6329269147709,0.109274893363641,76.0529381161898,0.452149808979075,46.0934785600632,0.530800016136686,0.118259576503932,0.154640284158314,1680
46,"South Dakota",1996,0.139694879557423,0.0085904663161048,25.6112794886546,0.110863559195938,67.7051194769801,0.103089550928125,76.1659107846127,0.430586553042799,46.1240032958512,0.49743686340398,0.122857874967453,0.156531884147393,1952
46,"South Dakota",1997,0.165014884626158,0.00923364757228733,26.0285865814716,0.114253902022889,67.8546569275267,0.0976414525969251,77.6168587742235,0.393532697313336,46.228701809945,0.487132169275889,0.14691726793854,0.183112501313777,2103
46,"South Dakota",1998,0.154675895636373,0.00953403676240605,25.7107068060874,0.11332413773555,67.8053200669477,0.10762034830431,76.6061919922764,0.432519359992941,46.2028532162054,0.492639216944656,0.135989526954776,0.173362264317969,2020
46,"South Dakota",1999,0.190205082706279,0.00701419299531023,26.397979747152,0.085492314140723,67.767028553221,0.0719423734342954,78.5643817140062,0.306124883472393,46.4349302652686,0.330067720472433,0.176457517054857,0.2039526483577,3945
46,"South Dakota",2000,0.1927820321529,0.00659608826617777,26.4422598842865,0.0833322337988512,67.7546662877315,0.0687941988930888,78.6176434875142,0.293940020343306,46.4010857583269,0.317038302678706,0.179853936712344,0.205710127593456,4710
46,"South Dakota",2001,0.212249887110037,0.0065369408032683,26.6361333464507,0.0807968649050991,67.8025075778903,0.0652780956788531,79.4248531421525,0.295510174651195,46.3378458111124,0.303643238824415,0.199437718566561,0.225062055653513,4800
46,"South Dakota",2002,0.211786138817261,0.00707965222615091,26.753373259729,0.0884590497991417,67.8613903053279,0.0748965441517894,79.9645825724457,0.342033796425131,46.1773079210214,0.321740311708316,0.197910275430937,0.225662002203586,4499
46,"South Dakota",2003,0.228244263267017,0.00685065021190271,26.8297830328998,0.0893461469134338,67.8531019880368,0.0744614533707608,79.9878258640115,0.31352989861898,46.5251833020613,0.323880872350067,0.214817235581006,0.241671290953028,4978
46,"South Dakota",2004,0.237739624749825,0.00673136295731465,26.9823217499505,0.0871970785718245,67.8281079803315,0.0707187279253743,80.4779084331483,0.318086632766997,46.612728524828,0.321074731732115,0.224546395786621,0.250932853713028,5862
46,"South Dakota",2005,0.256187276936302,0.00719892331023503,27.2060628321851,0.102178561828575,67.787604032593,0.0689017049370972,81.081470420603,0.362566040802789,46.5727344335542,0.334116674161821,0.242077646520775,0.270296907351828,6566
46,"South Dakota",2006,0.253615578957076,0.00729673709980687,27.2472860923742,0.0877769041221238,67.9249780219879,0.0736527473302248,81.5442605466948,0.323338727034615,46.4270850565513,0.35390704231213,0.239314237036798,0.267916920877355,6203
46,"South Dakota",2007,0.268723801851278,0.00770969713286767,27.4737347472335,0.104496627228124,67.887913780701,0.0706679854395837,82.0730723386756,0.347369569691256,46.7860420567375,0.361810061257532,0.253613073139146,0.283834530563411,6446
46,"South Dakota",2008,0.280522904764477,0.00815056238774294,27.54907726818,0.102289636108791,67.9566072710013,0.0815514895776866,82.516081179614,0.389566224748381,47.0238894014251,0.379880488323518,0.264548096030754,0.2964977134982,6619
46,"South Dakota",2009,0.302816118720667,0.00917013323493077,27.7879374403056,0.114340255154389,67.8532198643799,0.0824687563408228,82.9701650731801,0.405039964037869,47.2025205478016,0.415100214399269,0.284842987846768,0.320789249594565,6456
46,"South Dakota",2010,0.277687645361059,0.00840339764425214,27.6280805961541,0.112985332772744,67.942453720369,0.0845617521514798,82.7514802012857,0.412372657553322,47.4520188425386,0.40590431053513,0.261217288630556,0.294158002091562,6345
46,"South Dakota",2011,0.27644739212185,0.00963277856467839,27.5345397950792,0.126572686752128,67.7931291054121,0.0886672759646396,82.0832276186665,0.445088705774501,47.2614447178346,0.405455736697436,0.257567493064031,0.295327291179669,7794
46,"South Dakota",2012,0.279559995287362,0.00830432066608051,27.7280634074392,0.101175497643794,67.7531662276766,0.0726386177055045,82.4524083513589,0.346852360755304,47.3842642992691,0.302288548535848,0.263283825865773,0.295836164708952,7405
46,"South Dakota",2013,0.297453570736599,0.00954016757556454,27.9542047698584,0.125857475222566,67.8637119090536,0.0836952757122494,83.4141793113678,0.440402628584303,47.7316523745197,0.34732279160298,0.278755185882015,0.316151955591182,6525
46,"South Dakota",2014,0.296041100986304,0.0098259745667232,27.8284736640491,0.139124200747623,67.808193858364,0.0883080143357188,82.8643013629606,0.450908433161781,47.6875480657943,0.39463369505294,0.27678254472252,0.315299657250088,6951
46,"South Dakota",2015,0.302889173325042,0.00964273774755203,27.8172764336501,0.126123232648051,67.8236242486992,0.0904569314711979,82.9089485197047,0.442742576089096,47.8022915176453,0.390433976959537,0.283989754627475,0.321788592022609,6701
46,"South Dakota",2016,0.292815868053161,0.0105968701959853,27.9484376316458,0.136133181532109,67.8915371147642,0.0982812649190958,83.4908778068882,0.482416446941735,47.743655305761,0.438990632932919,0.272046384120184,0.313585351986138,5370
46,"South Dakota",2017,0.318044988621209,0.010843142908242,28.2049983042921,0.145537644842081,67.8273232613322,0.0964453238419449,84.0169520129242,0.487967397651965,47.9431304645243,0.428391269866039,0.296792819041834,0.339297158200584,6526
46,"South Dakota",2018,0.298195042567564,0.0103028395732845,28.1465690107081,0.147478034183816,67.8990722810815,0.101893524747268,84.0223972049775,0.484419754155746,48.2162501610983,0.429599855109855,0.278001848065432,0.318388237069695,6617
46,"South Dakota",2019,0.326195989624144,0.0124487246209222,28.4294072852692,0.153804373993996,67.9921700655238,0.11367346091329,85.1452969042863,0.538265059884234,48.0638668848163,0.477793683168205,0.301796937713679,0.350595041534609,6154
46,"South Dakota",2020,0.328069371364013,0.0130592888929926,28.3226646642964,0.153508658725746,68.0907204813456,0.112385245036734,85.0164212830868,0.526749717437347,48.4684577133752,0.502176962550092,0.302473635470044,0.353665107257983,6221
46,"South Dakota",2021,0.380579801522541,0.0147708163186271,29.1374119700954,0.197252129782326,67.9449049332624,0.122048130382036,87.019753776404,0.617666015260491,48.6631872866791,0.507933826914945,0.351629533515775,0.409530069529306,6673
46,"South Dakota",2022,0.366368689692434,0.0168889283089515,28.9708539124043,0.217249623221256,67.9250777166083,0.160737674320572,86.601052537711,0.798229630102103,49.0410807287997,0.612080247052949,0.33326699846941,0.399470380915458,6826
46,"South Dakota",2023,0.357834700872176,0.0159942783071858,29.2256075383212,0.270311675780027,67.9810782781087,0.147227505936702,87.4937754074185,0.875202127457716,48.619741674536,0.606345325102278,0.326486491431381,0.38918291031297,5438
47,"Tennessee",1990,0.111226485838195,0.00702568170702439,25.000060619621,0.0956948697854112,67.1918637563427,0.0932074093803677,73.1674407483094,0.351029869947212,43.9222800880377,0.41877540013444,0.0974564027255851,0.124996568950804,2559
47,"Tennessee",1991,0.121440621916624,0.00744592426760766,25.1345718156049,0.09663371551129,67.3022145528688,0.0936575366759376,73.8571135887923,0.373807412712308,43.8856823707604,0.415377618297064,0.1068468785205,0.136034365312748,2554
47,"Tennessee",1992,0.126621859206757,0.00740113248588318,25.085227303768,0.101320648950671,67.3048637695304,0.0845148428445969,73.6328258641186,0.351564962822938,43.8279582657036,0.414960440461334,0.112115906089617,0.141127812323898,2575
47,"Tennessee",1993,0.149756913788469,0.00761349846824257,25.4733840434779,0.104030976220376,67.4041092384306,0.082296827748453,74.9873905696161,0.358740071169758,44.3292845589587,0.389968817162254,0.134834730994363,0.164679096582575,2900
47,"Tennessee",1994,0.141432428032699,0.00716054060836316,25.4696268211167,0.0978230153897219,67.4530483395214,0.0789437610747037,75.0512945206932,0.338188096494384,44.2598518043597,0.387798681229812,0.127398026330471,0.155466829734927,2895
47,"Tennessee",1995,0.179133338755043,0.00938945125402965,25.9407677962239,0.12777538747878,67.356193394814,0.10277403057421,76.3031013646811,0.443383140046125,44.7354010887475,0.463083525022735,0.16073035246255,0.197536325047535,1938
47,"Tennessee",1996,0.170623431574991,0.00806426718306256,25.8337330021838,0.106333817827406,67.4633840588989,0.0845694776864042,76.1919694791622,0.37198066147273,45.2291850636675,0.396612022206896,0.15481775833448,0.186429104815502,2873
47,"Tennessee",1997,0.172140229299043,0.00841700227145527,25.9043767277408,0.106496363535284,67.4920704782198,0.0913151142924531,76.4588825476414,0.38714203888633,45.3742572118954,0.405299729207446,0.155643207989199,0.188637250608888,2814
47,"Tennessee",1998,0.186257405471629,0.00845443610450291,26.0912353895159,0.109628625497603,67.4873377525589,0.0924784411837663,76.9779572986897,0.392483368428386,45.4891490422449,0.426825166774203,0.169687015197208,0.20282779574605,2782
47,"Tennessee",1999,0.201050224094067,0.00870033431533458,26.2597287933832,0.108913644306291,67.5613915306934,0.0931626329853169,77.7291110977367,0.40602162346795,45.6806719010127,0.412058994611536,0.183997882182553,0.218102566005581,2815
47,"Tennessee",2000,0.22811434404094,0.00930877704711442,26.7991234311533,0.116282582937603,67.5752569162079,0.092965668997554,79.2842462021666,0.414655608228991,45.5942175401996,0.392271439784107,0.209869476288483,0.246359211793397,2819
47,"Tennessee",2001,0.233157212835356,0.00928993851696038,26.6727602384432,0.114760229572156,67.5058569771203,0.0937890794850485,78.7161356433207,0.397131772762867,45.4183073395081,0.402162199237466,0.214949267923523,0.25136515774719,2692
47,"Tennessee",2002,0.244178910309097,0.00930622281476313,27.0895466875429,0.137733362182361,67.4588615293221,0.0899570511512548,79.8671597724525,0.441919228651275,45.1372763491481,0.36116894261413,0.225939048760056,0.262418771858137,3030
47,"Tennessee",2003,0.253045126249982,0.0103009738830915,27.2238271078538,0.143711343656785,67.5713628126209,0.102701065856885,80.5975239184206,0.499159878800116,45.392411729025,0.416511296542894,0.232855588433435,0.273234664066529,2420
47,"Tennessee",2004,0.272004996165789,0.0100809256805834,27.4749562566399,0.126945856093496,67.5079396919086,0.0912978487104736,81.1481540013226,0.443406578578085,45.5785544270311,0.395675412202893,0.252246744901021,0.291763247430558,3496
47,"Tennessee",2005,0.271468508547251,0.0102475605625585,27.3831352727572,0.13099517507862,67.3527311096837,0.0900387853345696,80.4864433665864,0.43031698945065,46.0139367965601,0.411510954208657,0.251383658915243,0.291553358179259,4427
47,"Tennessee",2006,0.286350125197707,0.0104191630616021,27.6804906877211,0.133469471373091,67.5634487469131,0.101166671224636,81.8511466425579,0.461293252249897,45.9404800224137,0.43124572051214,0.265928940847916,0.306771309547497,4149
47,"Tennessee",2007,0.306047504349243,0.0106927237655287,28.0200354404781,0.135786836160846,67.4764317767645,0.0943910607232946,82.7091516926451,0.485258553534759,47.3488341879273,0.344153843573896,0.285090150872171,0.327004857826315,4718
47,"Tennessee",2008,0.311728588047667,0.011375683681188,28.1341943447241,0.133280028055016,67.4315551029367,0.0904979339374585,82.8209754010116,0.43700033570877,47.6441984270628,0.351767029559788,0.289432657733019,0.334024518362316,4714
47,"Tennessee",2009,0.326312052579525,0.0103344052030648,28.3638757040867,0.13556151772784,67.4854780402831,0.096410344159385,83.6578988821227,0.491448790003647,47.8996164398962,0.339197749363773,0.306056990579874,0.346567114579175,5200
47,"Tennessee",2010,0.316972275303329,0.0102803952145936,28.2071304765266,0.134668902699944,67.5680029322525,0.0965724522318137,83.4119632507986,0.464673420291,48.0872075638441,0.374514875627424,0.296823070935888,0.33712147967077,5381
47,"Tennessee",2011,0.287730634398634,0.0125319767986571,27.781244724619,0.16499736517136,67.6590467895318,0.124402015861115,82.3186862651715,0.550900076037208,47.0004526160506,0.479712027277442,0.263168411218175,0.312292857579094,5532
47,"Tennessee",2012,0.311364060324968,0.00799236066236274,27.9754340500051,0.109212133417818,67.5191502192136,0.0746202938906366,82.5616903357262,0.365721072571322,47.3048933339835,0.303985416337792,0.295699321275283,0.327028799374654,6576
47,"Tennessee",2013,0.334749609771582,0.00938514135226065,28.3944955126092,0.128368610866672,67.4290501256158,0.0813399526886705,83.5853461745601,0.435304116610281,47.4790764144372,0.335010106679167,0.316355070731333,0.35314414881183,5436
47,"Tennessee",2014,0.310734466973774,0.00980309327478039,28.1838187003701,0.134187361137165,67.4367944524715,0.0907087484823477,83.0403577038662,0.480314800314199,47.7026835449484,0.37042837012809,0.291520757218118,0.329948176729431,4787
47,"Tennessee",2015,0.334988935533651,0.00988775491434215,28.5330805841158,0.131677287690223,67.5001188189089,0.0921565784997718,84.1546499717414,0.447856862642503,47.7801605560755,0.367294991857511,0.315609292013582,0.354368579053721,5460
47,"Tennessee",2016,0.345146319746417,0.0092803032325753,28.5638979442009,0.137571952490151,67.465282797586,0.0799309079684582,84.1450802447836,0.41987049170444,47.7160582365552,0.319635277435314,0.326957259644959,0.363335379847875,5649
47,"Tennessee",2017,0.325517244520098,0.00901114401657268,28.4100009265146,0.124755203356691,67.4297856594449,0.0797488025663022,83.6861777368206,0.419810470920376,47.8105684899591,0.34657693556204,0.307855726788112,0.343178762252084,5339
47,"Tennessee",2018,0.341430060017811,0.00966211848505679,28.5608848427764,0.133391264836398,67.4930706662368,0.0883454352100454,84.1784655784887,0.444194807369443,48.2201425137496,0.361628218350605,0.322492655772741,0.360367464262881,4743
47,"Tennessee",2019,0.361914306671855,0.00902793787529342,28.7375409166217,0.121161361471379,67.4354018964752,0.0800360646239665,84.6302635524617,0.409385300957908,48.0092119389997,0.33133282427199,0.344219873581615,0.379608739762095,5658
47,"Tennessee",2020,0.352374747748908,0.0102645820325041,28.8272532777676,0.138767220233103,67.3976432678351,0.0884321413125737,84.7224850851882,0.459621251361067,48.3915305362264,0.384614679733135,0.332256536648843,0.372492958848973,4140
47,"Tennessee",2021,0.34816138253398,0.00948445458988217,28.9787493207483,0.134984002846558,67.4869763695247,0.087367175501538,85.3501391488776,0.435851655368077,48.0573647816668,0.361146213541019,0.329572193124806,0.366750571943155,4338
47,"Tennessee",2022,0.386639509835224,0.00955450346819698,29.2104985425855,0.139043301628946,67.4579843966407,0.0826349521274634,85.8888350747009,0.4372522632554,48.4420237591063,0.357562776661434,0.367913027147394,0.405365992523053,4697
47,"Tennessee",2023,0.374677974388228,0.0092279688813617,29.0000148136776,0.126115098837369,67.3606670994933,0.0818256652681656,85.1393854285581,0.408199170259493,48.6616329874668,0.342201932234091,0.356591487730303,0.392764461046153,5131
48,"Texas",1990,0.120819755121992,0.0101816338427968,24.7850374862301,0.139349142443287,67.0360110661865,0.130114451091319,72.1155719807586,0.479601703502489,41.6574347219157,0.546298869316256,0.100864119486336,0.140775390757648,1423
48,"Texas",1991,0.127392094867891,0.00994829459136141,25.0783190099737,0.140528450354545,67.2438407844433,0.133746057572018,73.4830268516434,0.497365947893184,41.7152437010803,0.566067299119082,0.107893795761228,0.146890393974554,1438
48,"Texas",1992,0.132005940642089,0.00792576416063934,25.2635966533266,0.113674713199819,67.3208767846653,0.0982492832881127,74.1497349228061,0.401388255436645,42.2589448593226,0.445140013985766,0.116471728337278,0.147540152946901,2340
48,"Texas",1993,0.149386767662316,0.00871443962402876,25.3114037340942,0.11522739612274,67.2747629823529,0.104394418708023,74.2882943585048,0.418073565167465,42.4153156518211,0.443062281606134,0.132306779853771,0.166466755470861,2327
48,"Texas",1994,0.161983104884981,0.0116342044913607,25.7991984901555,0.156529279723041,67.2516647410227,0.136412075489995,75.6975347146969,0.577972112325756,42.6320042953365,0.564638549002447,0.13918048309314,0.184785726676822,1383
48,"Texas",1995,0.152655299274079,0.0107833921226041,25.6756486146219,0.143299330117068,67.2292381849874,0.120505306165072,75.281326649103,0.529802262029581,43.1610534414524,0.508600488657308,0.131520239082602,0.173790359465556,1599
48,"Texas",1996,0.166975579613052,0.0100022804493748,25.9084156046239,0.13406859534508,67.1027438421532,0.111676929486141,75.4904562516416,0.457203941406588,43.4131056257456,0.479957799636949,0.147371470169008,0.186579689057095,1599
48,"Texas",1997,0.179674278375814,0.00872946411304594,26.033112927737,0.104564853720752,67.130634507019,0.0957986779902253,76.0105588981388,0.374061502337033,43.6442420726748,0.396057957476219,0.162564843109909,0.196783713641719,2346
48,"Texas",1998,0.199039666585834,0.00645753165371157,26.3720603090076,0.0839197923545426,67.0802750135185,0.076429223192509,76.8654911328777,0.295039666898802,43.8345159352723,0.300363771616143,0.186383137115532,0.211696196056136,5694
48,"Texas",1999,0.208401766261629,0.00754797614200337,26.5044665147442,0.0983506037611763,66.9519417387902,0.0762533457540288,76.9512340829451,0.330957837712628,44.1696371278499,0.313201373127289,0.193608004867135,0.223195527656123,4655
48,"Texas",2000,0.226436252192124,0.0072626039039513,26.7952445712832,0.0920674312627872,66.9426144871645,0.069871377642964,77.7415190890625,0.314401825394961,44.2265221107443,0.284726210691207,0.2122018101064,0.240670694277849,4679
48,"Texas",2001,0.245960657083942,0.00656935983707006,27.0241246225865,0.088192306309045,66.9649237381412,0.0632218095278874,78.4056325750881,0.286457046797117,44.3273437866465,0.255932193280643,0.2330849484018,0.258836365766083,5555
48,"Texas",2002,0.255109273950163,0.00750009202327833,27.2540339664837,0.116589278849955,66.9655390684011,0.0661684022536469,79.0830053706323,0.375563633463836,43.3683042692835,0.259827911020767,0.240409363703801,0.269809184196524,5640
48,"Texas",2003,0.244723496141215,0.00670467318533966,27.1043874351409,0.0920369555341435,67.0632615763679,0.0681152051895555,78.8783499741689,0.294996654763518,44.2506127171218,0.269395071025796,0.231582578169838,0.257864414112592,5530
48,"Texas",2004,0.25788145408525,0.00709391902097285,27.2419802257877,0.0876382452250065,67.1211412072054,0.0696560860019989,79.4978857587416,0.305586116495587,44.1385527729691,0.272201563619679,0.243977628294899,0.2717852798756,5828
48,"Texas",2005,0.274113862549637,0.00764974521126762,27.4539612836456,0.0966317891585871,67.0153080901117,0.081007539254163,79.8821872690891,0.347739829684383,44.3307408443317,0.285263453136204,0.259120637444645,0.28910708765463,5887
48,"Texas",2006,0.260687966610015,0.00965312262191034,27.3873452263415,0.132299813961253,67.167613775714,0.108800156926331,80.0683977793665,0.486295228714363,44.5241278721906,0.413417610882409,0.241768193932722,0.279607739287308,6225
48,"Texas",2007,0.285468508853374,0.00556463370848114,27.759199601509,0.0729264980185135,66.9602156680354,0.0536591654379628,80.5705188634659,0.25285715462299,45.4323003108873,0.187087532870099,0.274562027197594,0.296374990509155,15675
48,"Texas",2008,0.29057402819053,0.00780290509241128,27.7141128924516,0.0988910895139419,66.9521735022035,0.0773256832715491,80.494322135248,0.353935281214588,44.543684259345,0.316707007503485,0.27528061523462,0.30586744114644,9831
48,"Texas",2009,0.293006096152038,0.00800379690158557,27.8586594387514,0.106170581423165,67.054416274866,0.07386764080875,81.0894939486683,0.36095670742275,45.3223397589337,0.290730575249545,0.277318942485357,0.308693249818719,10808
48,"Texas",2010,0.319155970439568,0.00774663072344908,28.0610829595352,0.0993783410901773,67.0137777403703,0.0732380910577471,81.5668458144945,0.336673138701204,46.2687034963005,0.242636568098446,0.303972853220076,0.334339087659059,16771
48,"Texas",2011,0.302680716089286,0.00711467649392334,28.0047668709918,0.0981738303667883,66.8103598513295,0.0648843920011971,80.8905942611561,0.315443418336422,44.967178649365,0.253519489724173,0.288736206399542,0.316625225779029,13913
48,"Texas",2012,0.288961889094306,0.00688064221580019,27.7394478485172,0.0902824835421857,66.8874423385991,0.0652474434994885,80.2952738008429,0.300652224848648,45.385431931936,0.243970228873833,0.275476078160832,0.30244770002778,8462
48,"Texas",2013,0.306175223328599,0.00723318814326167,28.020998480744,0.102571813761878,66.7782368031205,0.0657612298836353,80.8056184739618,0.33093194657624,45.3751860401032,0.241252506537829,0.291998435074404,0.320352011582794,10049
48,"Texas",2014,0.316769060710373,0.00680545259605922,28.2099873500038,0.088460637278414,66.7034678601827,0.0644214472847941,81.2794903687028,0.298896676538278,45.5081394951478,0.230466789503823,0.303430618723602,0.330107502697144,14033
48,"Texas",2015,0.319346520380359,0.00766810456423205,28.1928091042454,0.101812519871449,66.7804091449162,0.0761627321799259,81.3013271765228,0.325808448022084,45.863559642184,0.267282592018633,0.304317311604777,0.334375729155941,13181
48,"Texas",2016,0.334636683037481,0.0088326534940866,28.3034446699675,0.11459274588636,66.8684328858423,0.0793567283334065,81.891150073984,0.378308023761345,45.747102205767,0.308486299025159,0.317325000301149,0.351948365773812,10772
48,"Texas",2017,0.328282722650981,0.0093862641421782,28.4539509701649,0.125447207792768,66.7730339115435,0.0882517332732597,82.0658678091035,0.409765360498238,45.7729514675306,0.34465460666431,0.309885982982932,0.34667946231903,11210
48,"Texas",2018,0.342757037591626,0.0101871329022527,28.6021575319019,0.129046395188957,66.7761359418997,0.0894740527004693,82.50806470949,0.423429519793134,45.887420735713,0.351165302718673,0.322790623997488,0.362723451185765,10140
48,"Texas",2019,0.336241668557697,0.00883505298936017,28.438579648386,0.110250638906375,66.8107183745794,0.0835679500554452,82.1395507112802,0.368900285698732,46.0097154045567,0.303839694912752,0.318925282897048,0.353558054218345,11049
48,"Texas",2020,0.35498301528958,0.00976933665578738,28.5560645637849,0.123171405369542,66.7613982318787,0.0830636569380945,82.3427804809999,0.405118756382245,46.1443592020823,0.338430847331608,0.33583546729139,0.37413056328777,9604
48,"Texas",2021,0.356913888217029,0.00879805003977687,28.8241917203031,0.12434932125529,66.8286074075948,0.0821303576116886,83.238660737464,0.401686083462921,46.3586497878379,0.316217275671426,0.339670027004886,0.374157749429173,9497
48,"Texas",2022,0.353111795014996,0.00793700012097206,28.8457841026154,0.111141468541046,66.9027309196143,0.0766092849808258,83.4577129122912,0.35383924452136,46.4766881309136,0.289750308146438,0.337555560632601,0.368668029397391,12161
48,"Texas",2023,0.340586688215254,0.00899402916099529,28.6586026078624,0.125117056311926,66.8717810094242,0.0834279168017882,82.8320725635638,0.393532812201317,46.735348954629,0.334615082102667,0.3229587149838,0.358214661446708,8973
49,"Utah",1990,0.0889360724031719,0.00750315595799013,24.5927385235947,0.108240073285072,67.7287836747358,0.112726498019466,73.1472630058246,0.40287528886131,41.2592386789677,0.491019514976581,0.0742301569551241,0.10364198785122,1696
49,"Utah",1991,0.0971722393959095,0.00777754791914253,24.5320821028171,0.114928012534407,67.7134786040596,0.104206872510936,72.9073772401252,0.409967992599596,41.3975511389648,0.449081988372466,0.0819285255863557,0.112415953205463,1719
49,"Utah",1992,0.111297707291826,0.00862205716537996,24.7080905803707,0.123106735153286,67.7775760205574,0.113429159176929,73.6080965065442,0.472877744202828,41.375535716819,0.526568259164164,0.0943987857750361,0.128196628808617,1703
49,"Utah",1993,0.110751644561444,0.00826154323442747,24.9372693334578,0.127309028097012,67.6981395139394,0.108971817153667,74.1352041060196,0.451471547167373,41.7142744250719,0.497284463502714,0.0945593173652458,0.126943971757643,1712
49,"Utah",1994,0.113658245954978,0.00799129168332121,24.9757949579749,0.113581508340786,67.839569964831,0.106509604299453,74.3778963742826,0.403203210462007,41.8485472430394,0.478245912486828,0.0979956020657144,0.129320889844242,1722
49,"Utah",1995,0.127645099530706,0.00823293004616615,25.3065338056761,0.117930364901332,67.7442562897556,0.0981274327013498,75.27931559757,0.418867760584916,42.6535156871894,0.476573606527242,0.111508853152983,0.143781345908429,2750
49,"Utah",1996,0.133698671145546,0.00884004122367897,25.207365516455,0.116911790800401,67.7897372338007,0.106297643045199,75.1462174581831,0.443000128728145,42.4420980403711,0.455883440414989,0.116372508725286,0.151024833565806,2760
49,"Utah",1997,0.144932130323403,0.00848954475927254,25.3168658292712,0.115086501264998,67.6805962085428,0.10307863711892,75.261846741924,0.43195403096301,42.9259549601925,0.457116349111716,0.128292928350088,0.161571332296718,2754
49,"Utah",1998,0.151694773263662,0.00926677699451163,25.5203250636055,0.126979850098116,67.8367093444466,0.108886806255649,76.1810613455714,0.483200486209016,43.1598621125673,0.485756050778661,0.133532224101654,0.169857322425669,2722
49,"Utah",1999,0.162218334992483,0.00940105425068983,25.5405951125382,0.123560451701357,67.8510672344814,0.104456434875441,76.2148685306116,0.428008660393392,43.185773064602,0.425965247036747,0.143792607244424,0.180644062740542,3020
49,"Utah",2000,0.184263789916555,0.0100763567863272,26.0400024152466,0.129410346157063,68.0583463118494,0.103596875695573,78.2518477125968,0.477823548498481,43.2091808373206,0.417907769338249,0.164514493519978,0.204013086313132,2730
49,"Utah",2001,0.193291539429253,0.00878815443368296,26.2060955705644,0.113426190057443,67.6815691330609,0.0916407758882594,77.8242487625896,0.413668720322345,43.3021268367344,0.368325631211356,0.176067073248658,0.210516005609848,3452
49,"Utah",2002,0.176570930394422,0.00812383216182353,25.9779814536891,0.11292689148905,67.8130013678856,0.0893503771959013,77.5057430587228,0.41648586294647,41.4204776594799,0.385981903199122,0.1606485119408,0.192493348848044,3886
49,"Utah",2003,0.208216683301996,0.00875854120881766,26.3180768695767,0.117295745751079,67.8483142021979,0.0900858437989212,78.5689300008514,0.419894512619451,41.7683454266695,0.360678624453909,0.191050257975603,0.225383108628388,3808
49,"Utah",2004,0.202881102733157,0.00741124522574631,26.4106138945934,0.0960246245163078,67.8264666083918,0.0772691549380377,78.7112428776724,0.33620922017675,41.8243818798401,0.314784141291254,0.1883553290101,0.217406876456215,4858
49,"Utah",2005,0.213049656620177,0.00749187200449827,26.5659411120973,0.10098552734797,67.7475105093396,0.0763402355328736,79.0587451177773,0.358389763024012,41.7379394834053,0.31889979951195,0.198365857314577,0.227733455925778,4874
49,"Utah",2006,0.21978353013424,0.00777558301740232,26.4830318076828,0.108004019650951,67.7274778233028,0.0816254401192345,78.7743290641595,0.383730591866568,41.9610012826438,0.368541308085495,0.204543667461331,0.23502339280715,4926
49,"Utah",2007,0.22340350997388,0.00788118017825646,26.6369913880151,0.10356576398446,67.7668476090117,0.0807839248325648,79.2526474302479,0.355306578455353,42.328559024235,0.363834500080587,0.207956680668826,0.238850339278933,4811
49,"Utah",2008,0.231532031826683,0.00792474522212884,26.7671730550994,0.114083117052829,67.8627373087977,0.0810528810268451,79.8420076343473,0.387567323466249,42.4073684853915,0.356785676057258,0.215999816604655,0.247064247048711,5043
49,"Utah",2009,0.238420397988173,0.00615449582594156,26.7799423808352,0.0885825822482423,67.88200991244,0.0677342537026402,79.9596247236916,0.312948514936401,42.5519723631553,0.283084465589103,0.226357807826325,0.25048298815002,9522
49,"Utah",2010,0.230169536423999,0.00620000900211112,26.7061037673376,0.0840608702190453,67.9345394233494,0.0655036920851779,79.9201203723933,0.308932081031532,42.6602652650628,0.291360124790178,0.218017742076037,0.24232133077196,9553
49,"Utah",2011,0.24270869913507,0.00539160346229864,26.9456045734139,0.0747685713299888,67.6968611975348,0.0540234824622826,80.0481673638591,0.262077635316354,42.8405550340509,0.215942831865929,0.232141350530044,0.253276047740097,11836
49,"Utah",2012,0.242558747885106,0.00524086528267863,26.9250356322766,0.0739839091713513,67.6568015399701,0.0540508652495402,79.7978318486332,0.25107259360111,43.1076170910853,0.198693669088136,0.23228684068323,0.252830655086983,11614
49,"Utah",2013,0.240000857758714,0.00495820014799931,26.9891768853837,0.0689277514618107,67.6891273535613,0.0512092198447758,80.1295636670646,0.239722539350331,43.3380960159671,0.194797310243812,0.230282964040494,0.249718751476934,12014
49,"Utah",2014,0.255819206568632,0.00449263258870004,27.1314783291901,0.0609908502972425,67.682369398934,0.044298246667083,80.4909737682615,0.20840220847586,43.5746365855128,0.180043160921866,0.247013808499009,0.264624604638255,13953
49,"Utah",2015,0.242935715156656,0.00520630172477883,27.0475432313178,0.0725066955702986,67.6937742473192,0.0503366349286137,80.3171945876543,0.250168058630108,43.7905295712655,0.212375254080213,0.23273155128344,0.253139879029871,10441
49,"Utah",2016,0.251626300277562,0.0057791981286209,27.1464004610349,0.0794909191743042,67.8124802245668,0.0585894592288207,80.8660984095639,0.272539888197794,43.8804110958974,0.226252899293063,0.240299280085943,0.26295332046918,10037
49,"Utah",2017,0.250350370227593,0.00561672966841676,27.1734129011628,0.0767416665838279,67.7298405655873,0.0561912638969239,80.7079042574862,0.256507074194278,43.968615032812,0.226126243988487,0.239341782366599,0.261358958088588,9318
49,"Utah",2018,0.276217670462732,0.00563676416140175,27.4905747974761,0.078824462893269,67.6283561464127,0.0541590581163311,81.4604396405493,0.270865668944636,44.0451805804383,0.217065728702758,0.265169815717039,0.287265525208426,9719
49,"Utah",2019,0.290651364138246,0.00548002468759638,27.7089272298914,0.0739236040432167,67.7154750667704,0.0531658653149174,82.3173182555075,0.256334602323787,44.1606834176399,0.204734974418587,0.279910713116166,0.301392015160325,10828
49,"Utah",2020,0.283475256677704,0.00579671102349124,27.6062601158056,0.0817786657274281,67.755992973265,0.0554146690840472,82.0095895383104,0.265148644918022,44.0459178369629,0.214620610110086,0.272113911842875,0.294836601512533,9863
49,"Utah",2021,0.306615433770294,0.00603352862282166,27.966286001387,0.0841228567809587,67.6950192508848,0.0565757206975745,82.9875171453932,0.28468577552482,44.3139833773466,0.228375231027136,0.294789934969872,0.318440932570716,9479
49,"Utah",2022,0.309229520656758,0.00650018925853648,27.9889564503236,0.0909171880806685,67.6670164643753,0.0596214352976694,82.9928552601227,0.310219743776393,44.5271667953369,0.248841104935666,0.296489383817333,0.321969657496184,8710
49,"Utah",2023,0.299586388299631,0.00615685011824539,27.7803737778782,0.0841308266282948,67.7493871159496,0.0574998415270801,82.6092121412364,0.287953382450445,44.436871047247,0.236775916185614,0.287519183809659,0.311653592789603,9988
50,"Vermont",1990,0.104004937987051,0.0106804367603203,24.6589053291012,0.148909019514865,66.9776970304944,0.145537042641345,71.5974234903896,0.53467198981284,43.0237264780907,0.665391565271514,0.0830716665976654,0.124938209376436,1060
50,"Vermont",1991,0.10056796690441,0.00843582064343195,24.8334251011147,0.118993252193153,66.8489050606576,0.111846864145675,71.911845124203,0.446898807506744,42.6809585994891,0.528639612182167,0.0840340622632436,0.117101871545576,1420
50,"Vermont",1992,0.12209979413749,0.0081750890334736,24.9941351334939,0.116145797469034,67.0038225416662,0.101882817446877,72.6735556481146,0.397659778680848,43.2422648606435,0.461521881532113,0.106076914061473,0.138122674213506,1825
50,"Vermont",1993,0.11256997972147,0.00785347436946449,24.9839992033463,0.108009932378821,67.0480284626707,0.105639209863596,72.821869624457,0.403777111585444,43.8876494013209,0.472364549221579,0.097177452803811,0.127962506639129,1817
50,"Vermont",1994,0.136136728849068,0.00781573718503873,25.1325690783085,0.106347837616939,67.3994873391013,0.0962443806900036,73.9903742533047,0.383820889751881,43.5666927165896,0.416266806480817,0.120818165453762,0.151455292244374,2328
50,"Vermont",1995,0.140979336432763,0.00815847934540101,25.3040427643785,0.106438017982823,67.2218609761306,0.0968330808085122,74.140861885355,0.390831172320356,44.0920357191677,0.427469919314337,0.124989010747163,0.156969662118363,2355
50,"Vermont",1996,0.142765278128165,0.00799232072117909,25.4337253742069,0.10443191821471,67.228411638759,0.0945755477285655,74.4471717446741,0.364960401795277,44.4003595098895,0.453518871602313,0.127100617361761,0.158429938894569,2369
50,"Vermont",1997,0.153260243491135,0.00737119529930552,25.6256704606916,0.0963629736705587,67.2240371373176,0.0895462695129843,75.0238914135078,0.339197808592902,44.6476487244101,0.388341905830509,0.138812966181485,0.167707520800784,2985
50,"Vermont",1998,0.143491469662791,0.00740492343337619,25.4482709299987,0.100282998416568,67.1909607690716,0.091649875682844,74.4482360587747,0.361785726261421,44.9233294447441,0.418695785607948,0.128978086425097,0.158004852900485,2806
50,"Vermont",1999,0.173079914345698,0.00809555476520939,25.959677745182,0.105910119058539,67.2304836695482,0.0843538784142153,76.0400496110733,0.374262934773382,45.0642049455958,0.379752861810362,0.157212918571016,0.18894691012038,2972
50,"Vermont",2000,0.176359174401714,0.00716060240473937,25.9430363607685,0.0969226005036612,67.3327134245811,0.0846324738620282,76.1851564989137,0.329301412633479,44.9436571844499,0.359362573126242,0.162324651580814,0.190393697222614,3433
50,"Vermont",2001,0.177990308510838,0.0066206254892909,26.0148893293083,0.0867283242833426,67.3791050441239,0.0709138382910332,76.494328236001,0.306264382901386,45.3561284649314,0.3254223283826,0.1650141209967,0.190966496024976,4047
50,"Vermont",2002,0.188089374303856,0.00681704243282119,26.2321137612766,0.0888593190752249,67.3380340568342,0.0748602833546563,77.1082561762016,0.318521287232978,46.1381797835897,0.312193738954602,0.174728216654445,0.201450531953266,3985
50,"Vermont",2003,0.195974218207074,0.00747373368278531,26.3939936400408,0.0973309526919536,67.3070037794155,0.0777324784453285,77.5305705259219,0.352310959794232,46.5954564733504,0.353208261083682,0.181325969358771,0.210622467055377,4032
50,"Vermont",2004,0.18721675962831,0.00551616856815487,26.2318434188579,0.0728525917093416,67.2834284447208,0.0612339180124627,76.9136586224796,0.255166232557522,46.3427701578128,0.271787551557874,0.176405267902075,0.198028251354546,6488
50,"Vermont",2005,0.201816408494814,0.0057805567772461,26.4669130007132,0.0758228314797037,67.2486269685327,0.0635910065155237,77.5719541145628,0.271795614465186,46.7142116452792,0.292968402840908,0.190486725400823,0.213146091588806,6442
50,"Vermont",2006,0.213813471763263,0.00600297914109662,26.5580047323626,0.081353949995286,67.2534175792198,0.0638048517205654,77.827635566867,0.287694038989416,47.1313660257149,0.297568866927055,0.202047848846768,0.225579094679758,6677
50,"Vermont",2007,0.21992490811216,0.0062206438719115,26.8050092549215,0.0845319672581636,67.2909064415361,0.0662607274595352,78.5916042623114,0.296068553060573,47.2713694989208,0.318621340930878,0.207732670162564,0.232117146061756,6599
50,"Vermont",2008,0.230912867639633,0.00655115920469518,26.8234146339965,0.0923000722160009,67.367922519339,0.066076502286544,78.7988257085569,0.309090100749426,47.3003368563888,0.317655703010204,0.218072831541442,0.243752903737823,6470
50,"Vermont",2009,0.23266545038851,0.00707698755793238,26.8602888425429,0.0987883062685031,67.3567810779943,0.0691684884488474,78.9316568512158,0.336759267549314,47.6466948072525,0.342043711385405,0.218794809655924,0.246536091121096,6373
50,"Vermont",2010,0.238213454740862,0.00699839868295067,26.8535643160133,0.0972341980468001,67.4223431979735,0.0739503748323459,79.0583244482594,0.329107678054363,47.8734493183427,0.359444435211999,0.224496845372826,0.251930064108898,6484
50,"Vermont",2011,0.253582665166829,0.00706923186447689,27.1460966438968,0.0939527324431815,67.1826216597946,0.0680051695614898,79.4056876945459,0.324995782215345,47.8562084670026,0.303258630662544,0.239727225314091,0.267438105019566,6730
50,"Vermont",2012,0.235138156193515,0.00729449224646584,26.9786428630503,0.0996851457652728,67.1946861038581,0.0701020076635231,78.9268134645425,0.342237546287057,48.2264831366755,0.310359240951736,0.220841214104935,0.249435098282094,5772
50,"Vermont",2013,0.244815178362006,0.00703919598363561,27.1453211115396,0.0920356314209706,67.1548630828456,0.0680928566595275,79.2749571749383,0.313298140825294,48.3008929318871,0.320856646650051,0.231018607753961,0.258611748970051,6099
50,"Vermont",2014,0.245345893051581,0.00657243708084316,27.1274875809522,0.0882586102320126,67.2032823247611,0.0660341576339491,79.3065840638073,0.299891240068627,48.7286635442067,0.309266929394003,0.232464153082472,0.258227633020689,6062
50,"Vermont",2015,0.250051146143644,0.00719728225780174,27.2295223884626,0.10370833130651,67.2240111800661,0.0689146288985034,79.6442060186165,0.340480153023121,49.0526491809556,0.325423294991126,0.235944732131784,0.264157560155505,6001
50,"Vermont",2016,0.26791814097241,0.00794025472476788,27.4955238958288,0.122249853794634,67.2185342142611,0.0719544989253259,80.388608095761,0.382751074594942,48.7814083519471,0.35678997955029,0.252355527683791,0.283480754261029,6063
50,"Vermont",2017,0.272690972044957,0.00814847040758374,27.5464311062648,0.112924558816956,67.184792163158,0.0773081910839393,80.4670510480189,0.381167676243802,49.1547631506643,0.363822812940976,0.256720263517003,0.288661680572912,5969
50,"Vermont",2018,0.273946693617436,0.00832952372130787,27.504723277933,0.116913225165456,67.2268939864228,0.0764700013558183,80.4775422194287,0.387113292643766,49.2690886417492,0.388523944521009,0.2576211271153,0.290272260119571,6016
50,"Vermont",2019,0.264343827967547,0.00855510362356143,27.2102388182506,0.122702050078886,67.2660262048588,0.07944901406383,79.7400950269586,0.406551113372526,49.5431831776429,0.411784813763474,0.247576132981359,0.281111522953736,5854
50,"Vermont",2020,0.260545290463134,0.00837269370218894,27.3457315115449,0.111106429858382,67.3494166851405,0.0816808460674694,80.2642698876304,0.368631414292365,49.6357036557881,0.419739555245032,0.244135112353259,0.27695546857301,5851
50,"Vermont",2021,0.287643445332031,0.00853870515021102,27.6572331960535,0.128102812801666,67.3672760846464,0.0823939922263592,81.1828297238941,0.410837710675156,49.5534501361188,0.401115697998748,0.270907890763011,0.304378999901051,5898
50,"Vermont",2022,0.26524978763443,0.00720027301610579,27.5078268348568,0.105946806370296,67.2908051797087,0.0695078634873366,80.5356709100421,0.32895667822302,50.1035528504873,0.348692878730291,0.251137511844007,0.279362063424853,7747
50,"Vermont",2023,0.286129941929245,0.00808808437399679,27.8387348637444,0.124733892235618,67.2650326175651,0.074351631668859,81.5072235390246,0.394453619859034,50.4745086076275,0.377352844796411,0.27027758785229,0.3019822960062,6991
51,"Virginia",1990,0.0961622232834779,0.00791786647717413,24.5960458449169,0.114865850969037,67.1294329081892,0.112633136853413,71.8462846118742,0.415843651400541,42.2316448152625,0.484511382658444,0.0806434901538195,0.111680956413136,1674
51,"Virginia",1991,0.101524815925693,0.00841399637206222,24.5266423863887,0.118355742587456,67.2942157282473,0.120539456955577,71.9743910080497,0.435426053826257,41.9704603756946,0.52545947788735,0.0850336860704002,0.118015945780985,1690
51,"Virginia",1992,0.113932106510477,0.00850721764268555,24.9471541564915,0.118170893613927,67.4266121916231,0.109410658782346,73.49550978163,0.429967140568261,42.3861827339852,0.510268394991194,0.0972582663221698,0.130605946698785,1700
51,"Virginia",1993,0.139063220748566,0.00931249240787386,25.2051295762356,0.115686428348957,67.4066955337905,0.107532750495016,74.2681929047503,0.424796724970764,42.5330120237473,0.478657062312409,0.12081107102283,0.157315370474301,1703
51,"Virginia",1994,0.126461016175252,0.00896031180305029,25.3210616191734,0.128200873854603,67.4434132065415,0.107537287405494,74.7299191579448,0.472670373528257,42.6665308044578,0.511142748320283,0.108899127751024,0.14402290459948,1683
51,"Virginia",1995,0.149327586857166,0.00971608169130964,25.5579850891291,0.132087309027185,67.4809597201849,0.112711941209508,75.3590189211707,0.459805318952412,43.3126402555158,0.509289621066021,0.13028441667135,0.168370757042982,1700
51,"Virginia",1996,0.155695785117755,0.0096856140431473,25.5520279477711,0.129368625262703,67.400087943998,0.112036369339011,75.2212927599519,0.465167803078407,43.8100463516185,0.456857619681631,0.136712330425031,0.174679239810479,1805
51,"Virginia",1997,0.15888264715429,0.00850275411514858,25.6552947528958,0.126237003780082,67.4652430853846,0.124302908202748,75.7600417279084,0.500119034250739,43.7107076163684,0.364004117272948,0.142217555319199,0.175547738989381,3334
51,"Virginia",1998,0.181716457992638,0.00961112969770114,26.0917166376188,0.127175920760067,67.3650872754646,0.103777369874952,76.703427138082,0.441627551301388,43.8715169596498,0.388221712005124,0.1628789899344,0.200553926050875,3308
51,"Virginia",1999,0.186848848910211,0.00960151709036709,26.3047056132897,0.111796439071213,67.4888431146376,0.105947871911446,77.6634584069869,0.411917878867798,44.1961720631729,0.380943863229568,0.168030221216146,0.205667476604277,3324
51,"Virginia",2000,0.177565174639746,0.0098826229707424,26.1269025927017,0.128051869817311,67.6045157759061,0.114296151748756,77.3849176285228,0.468593525934684,44.532057167242,0.470305970461667,0.158195589544303,0.196934759735189,1875
51,"Virginia",2001,0.206319222091592,0.00889145737475418,26.4131771856439,0.111530457890398,67.531963959357,0.0955973746056268,78.0661052999297,0.39449970727362,44.8358999824356,0.381639122370273,0.188892285867,0.223746158316183,2751
51,"Virginia",2002,0.238487015968203,0.010133850080186,26.8765106457755,0.130907885594207,67.4246843753321,0.088942335522831,79.2416878050639,0.48656626939109,44.7074033704382,0.383483852317161,0.218625034786311,0.258348997150096,4104
51,"Virginia",2003,0.218400087978964,0.00726127891341141,26.7005249911264,0.101966003587326,67.4149645601014,0.0748992617274586,78.6142936116459,0.353662000095856,45.1410037649572,0.34191683839834,0.204168242826978,0.232631933130951,5141
51,"Virginia",2004,0.230439247345967,0.00819743963279357,26.8801803907186,0.107964011471136,67.3597125845941,0.0852874214469252,79.0585156602736,0.383059504512922,44.8291282852587,0.336701564192731,0.21437256090025,0.246505933791683,5220
51,"Virginia",2005,0.252441871711515,0.00826202778966466,27.1368942044675,0.104404755396212,67.5036973759034,0.0826401882304753,80.1738112060727,0.386808044811925,45.383247959631,0.351191369224323,0.236248594804503,0.268635148618526,5173
51,"Virginia",2006,0.251353814989687,0.00968969002316519,27.1482166966261,0.122345766414993,67.5849905893066,0.0901312633574241,80.3336767124232,0.421198120153763,45.4954019671111,0.410971128991,0.232362371522926,0.270345258456448,5143
51,"Virginia",2007,0.252717825894072,0.00982794757652778,27.2508934890108,0.12565592951372,67.4003263619328,0.097753367656414,80.2143875785379,0.483902423795993,46.1007077134048,0.401019616978697,0.23345540260213,0.271980249186014,5810
51,"Virginia",2008,0.255369402439967,0.0109299743673688,27.3382059763045,0.140111479578586,67.4033449519488,0.0935212519806009,80.4852312016315,0.470232677825595,46.1485205859141,0.459179828907764,0.233947046327978,0.276791758551956,4977
51,"Virginia",2009,0.255768991580618,0.0104429039151449,27.2599433220884,0.152347712121749,67.5438665076788,0.101100648984434,80.5879868055568,0.501931618108188,45.9303429645714,0.516333593251272,0.235301276012922,0.276236707148315,4801
51,"Virginia",2010,0.26353294297669,0.0108515216171868,27.2721514156671,0.159702172120314,67.4528609294949,0.127906898771531,80.3733968796247,0.50667895439059,46.201587844533,0.626937163806883,0.242264351429546,0.284801534523834,4953
51,"Virginia",2011,0.291003376746102,0.0087160608685354,27.6831624637925,0.12148430994291,67.3456205227216,0.0757376186548474,81.3311628217278,0.394585366052504,46.2044782204468,0.329627170321077,0.273920211356714,0.30808654213549,6100
51,"Virginia",2012,0.272564868250453,0.00699466923828273,27.5175820311412,0.0947700746597978,67.1975117375669,0.066813304446228,80.3990446115442,0.312157424838082,46.4850948367615,0.268234220817282,0.258855568459649,0.286274168041258,6879
51,"Virginia",2013,0.269977101837845,0.00653805612257698,27.4682056959006,0.0845598715471445,67.2606674850431,0.0649697361584939,80.4559720888228,0.289339717045353,46.6882830491219,0.254968518336184,0.257162747308692,0.282791456366997,7937
51,"Virginia",2014,0.28243616139337,0.00636659952070733,27.7129537289899,0.088182456084615,67.2329764779055,0.0621844332205999,81.063083633321,0.290332767458064,46.743713901987,0.254420697048808,0.269957855628794,0.294914467157947,8872
51,"Virginia",2015,0.290385260513776,0.00689797858212666,27.751813095234,0.0919443884042552,67.2906751465947,0.0671781935852418,81.358015588474,0.313138723731726,46.7003682361612,0.261772161005115,0.276865470926679,0.303905050100873,8015
51,"Virginia",2016,0.288612304013511,0.00641057843764478,27.7698888213049,0.083214485504846,67.3324932307605,0.0616813696576717,81.4594859703261,0.278016684790863,47.0228160319901,0.241829170601178,0.276047801155658,0.301176806871364,8284
51,"Virginia",2017,0.299297044397409,0.00693767218071115,27.928108807746,0.0924447390438881,67.2689752802684,0.0653513538025877,81.8049574537924,0.310811659752137,47.2074715438318,0.267092730791278,0.285699456786669,0.312894632008148,8800
51,"Virginia",2018,0.301374546850157,0.00645975298427558,27.9945152944867,0.0884144599978372,67.3171289902592,0.0602087006331318,82.1666006488117,0.305205836614969,47.380609627855,0.256720385668013,0.288713663651952,0.314035430048362,9504
51,"Virginia",2019,0.31587886812888,0.00672158420767072,28.1565320649881,0.0894303734353733,67.2855071176764,0.0605117371105841,82.4646130585554,0.297344765721979,47.766075283701,0.251150007349848,0.302704805162792,0.329052931094968,9019
51,"Virginia",2020,0.318933739286219,0.00693821333720396,28.187113680804,0.0971542693295831,67.2822387070054,0.0668253984683359,82.5941903855131,0.323306881147572,47.7598257152084,0.267876281819917,0.305335091028244,0.332532387544194,8555
51,"Virginia",2021,0.340145957210445,0.00700246777786151,28.5184136205463,0.0975612223151521,67.3447393269551,0.0630872370353835,83.6721445180988,0.31270564178248,47.9046511743055,0.272182216357471,0.326421372562934,0.353870541857956,8813
51,"Virginia",2022,0.34906229723752,0.00706594632500337,28.4573243109776,0.0962327178934747,67.3308723441688,0.0621807835311827,83.4747681041255,0.320559952538928,48.0964284141477,0.274441892306926,0.33521329692382,0.36291129755122,9357
51,"Virginia",2023,0.340774757784838,0.00875386495002352,28.5173166414902,0.123647666392537,67.237623357523,0.0805454141807147,83.4247041936805,0.406173538205039,48.289977672694,0.335902198096542,0.323617497757264,0.357932017812411,6400
53,"Washington",1990,0.0914587419453398,0.00709340091698356,24.6732655407124,0.099425091149132,67.759412838232,0.0997475194059747,73.4794543196627,0.381752123306195,43.4141420011577,0.444489201938575,0.0775559316201486,0.105361552270531,1970
53,"Washington",1991,0.0973693218825604,0.00724078703985367,24.6672788276454,0.105061857715858,67.690487334979,0.0994602479768113,73.3821249946672,0.399860164436143,43.2578656376212,0.436119841800587,0.0831776400647228,0.111561003700398,2003
53,"Washington",1992,0.0997268357788501,0.00653341937259109,24.737872735429,0.0913579735772545,67.6406578056469,0.0878516479600636,73.4828786327332,0.353650613530491,43.4035327993481,0.389355529740088,0.0869215691126753,0.112532102445025,2442
53,"Washington",1993,0.135005734845225,0.00744349394854046,25.4001425010334,0.09902348691848,67.5250172874056,0.0884524364214267,75.1135850068681,0.368710075872032,43.7196549991936,0.384506584015187,0.120416754786944,0.149594714903506,2499
53,"Washington",1994,0.135334966325927,0.00660392910907037,25.3187810197757,0.090667492226438,67.6318078941007,0.0790726473950596,75.0723213157005,0.322648647288233,43.7079080664399,0.335637415939452,0.122391503115693,0.14827842953616,3192
53,"Washington",1995,0.135512555827361,0.00691465381701669,25.3349737100588,0.0923291639665373,67.670661552593,0.0801758306629394,75.2891025608773,0.338794490169326,44.1747964027211,0.344377195809845,0.121960083380446,0.149065028274276,3176
53,"Washington",1996,0.146879967778756,0.00716288266935687,25.491971443839,0.0920968248212257,67.7167317275586,0.0787521078200548,75.8024911831774,0.324716858870498,44.6984943433577,0.341187358918369,0.132840975721331,0.160918959836182,3329
53,"Washington",1997,0.148456295120104,0.00719103681967877,25.764172570924,0.0932593027620699,67.6221591814883,0.086476709277082,76.3891136000852,0.348644764549254,44.8944745367125,0.350096830287173,0.134362121942032,0.162550468298176,3354
53,"Washington",1998,0.174177744189784,0.00802284726845376,26.0829153842817,0.108916166787515,67.6568725762613,0.0846122415943843,77.4557028660811,0.390768913543201,45.0681592041236,0.36350544420467,0.158453252490149,0.189902235889419,3372
53,"Washington",1999,0.178138624304389,0.00749879769848003,26.0494431189145,0.0999833623073421,67.6731425539082,0.0792816599553825,77.3740646199348,0.356970268353891,45.1138455599182,0.366179757746804,0.163441250888016,0.192835997720762,3410
53,"Washington",2000,0.184403682361084,0.0074137147851845,26.1643787059478,0.0935079475127058,67.6690353873478,0.0816009546897255,77.7090272821154,0.34695017503108,45.2467508092161,0.33241076311722,0.16987306839047,0.198934296331698,3366
53,"Washington",2001,0.192563362939665,0.00686798853311797,26.3626711100124,0.0936955165846562,67.6341499682939,0.0730118346684778,78.1899732422512,0.330648723363101,45.3548937930311,0.312796958770525,0.17910235276852,0.206024373110811,3945
53,"Washington",2002,0.211754828694129,0.00763197961657824,26.6993992046544,0.102908161862066,67.625415693785,0.0773071468908989,79.1961096651981,0.386958014111159,44.8083372271092,0.314862295065748,0.196796423514891,0.226713233873366,4609
53,"Washington",2003,0.217482124082724,0.00391606589293688,26.7548613873081,0.0507586259818034,67.622510080234,0.0406820067837688,79.3106280358191,0.182546849049125,45.4588034993618,0.164361860447579,0.209806775971482,0.225157472193966,17507
53,"Washington",2004,0.221735351044447,0.00404772936375245,26.7581477495968,0.0524982470295533,67.5965159295662,0.0409778359220991,79.2498637436382,0.187964330293113,45.2283768944226,0.168895845052529,0.213801947272327,0.229668754816567,17363
53,"Washington",2005,0.232659885862331,0.00378479423041431,26.9196315495238,0.0493915944938233,67.5963869849047,0.038840700645281,79.6965254028461,0.172987298848888,45.5883105878573,0.161301827465376,0.225241825481824,0.240077946242838,21900
53,"Washington",2006,0.241676976891794,0.00417807954746829,27.0516127267905,0.0552419612506638,67.6019872372378,0.0421210976765195,80.1147973265293,0.198148445308281,45.7193628151535,0.179513297596102,0.233488091454213,0.249865862329375,22254
53,"Washington",2007,0.258548318440212,0.00388851104067986,27.3305797449055,0.0542243472352503,67.632900722757,0.0387563484768718,80.9822864492567,0.187298776938166,45.8603222794769,0.170316524525549,0.250926976846993,0.266169660033431,24368
53,"Washington",2008,0.260168110461054,0.00430528277886405,27.282809021645,0.057593291656602,67.5921648655836,0.0424158403345455,80.7413549005705,0.200555341234942,46.0281590363476,0.18616235610096,0.25172991127122,0.268606309650888,21255
53,"Washington",2009,0.269341148291867,0.00477589905938837,27.4434219429835,0.063959161614022,67.5993491251004,0.0463322015452751,81.2922406073948,0.223810992462394,46.2106131087101,0.205392038537549,0.259980558141667,0.278701738442067,19024
53,"Washington",2010,0.263797444304571,0.00486884019278255,27.3264618991627,0.0660063217732654,67.6147152761057,0.0482699723750493,80.9780585149224,0.229178519581519,46.4121843543317,0.209928348450873,0.254254692880236,0.273340195728906,18361
53,"Washington",2011,0.26473500492073,0.00619543247906717,27.3983377975025,0.0852317439372013,67.4342289288267,0.0597327810529399,80.7155797115032,0.296917315529554,46.433732695287,0.229022527350565,0.252592180393108,0.276877829448351,13796
53,"Washington",2012,0.267688155153231,0.00505836259813375,27.4835131588964,0.0705198073210454,67.3172223764286,0.0504377818207651,80.6784086683961,0.241123824994511,46.7207822567701,0.189323810500339,0.257773946640145,0.277602363666318,14424
53,"Washington",2013,0.269970280820651,0.00586523195107537,27.3837958180211,0.0812738439782757,67.4547810996785,0.0563850657773034,80.7607390644064,0.284803978165653,46.7211952724355,0.217185416915175,0.25847463743557,0.281465924205733,10537
53,"Washington",2014,0.271095769379412,0.006398850511518,27.5989073704197,0.0884598636660104,67.3642693800125,0.0628265588477751,81.1473152918049,0.305035505180766,47.1310223420584,0.244698809083454,0.258554252834381,0.283637285924443,9432
53,"Washington",2015,0.262711207559126,0.00501782853883256,27.3855179900857,0.0672708119275105,67.245627166088,0.05092802436008,80.2310408774512,0.231767229546957,47.2119972715379,0.193777959232246,0.252876444342417,0.272545970775835,14677
53,"Washington",2016,0.284733718066583,0.0051504277859969,27.6953385845882,0.070297623402289,67.3841247603428,0.0505683152906587,81.4897215531219,0.242526473995044,47.1887489681946,0.195281976529931,0.274639065101055,0.294828371032111,12973
53,"Washington",2017,0.274644125297876,0.00529106434686527,27.4969095401743,0.0718797825477765,67.4010414173564,0.0518557474991236,80.9431993303722,0.251908993756485,47.4207580583671,0.206948009357138,0.264273829738137,0.285014420857616,12049
53,"Washington",2018,0.284976921938349,0.00551244883282491,27.7283131429038,0.0786213909445161,67.4529037780706,0.0521677096193175,81.7211884891199,0.266420598420622,47.5131759087642,0.214615883854321,0.274172720759392,0.295781123117305,11850
53,"Washington",2019,0.281044629897781,0.00536055617118419,27.7981325223983,0.0779194250145207,67.3588900961059,0.0541413196728821,81.662003250108,0.262184565538812,47.739974834377,0.216117176455905,0.270538132865156,0.291551126930406,11660
53,"Washington",2020,0.279329700804422,0.0054257152393902,27.6226047350491,0.0749963261005176,67.3218798281794,0.0539392639332535,81.1082585667576,0.254631543666653,48.011014773689,0.220393971605063,0.268695494344847,0.289963907263996,11369
53,"Washington",2021,0.284756280428206,0.00551130740760115,27.7737080608311,0.0780757187972658,67.3868290977589,0.0535115197478108,81.655352002643,0.260095127674031,47.8647886209514,0.227841224893296,0.273954316401579,0.295558244454833,11642
53,"Washington",2022,0.314450547912578,0.00408567528932766,28.1278786652086,0.0562871975837433,67.297896845231,0.0377879879952322,82.4936909197202,0.189561438895758,48.1090535632119,0.161832833064501,0.30644277149297,0.322458324332185,22824
53,"Washington",2023,0.304169113065349,0.0039302911500266,28.0412964010985,0.0545277984009765,67.2138811470808,0.0378184051877336,82.0035139894891,0.179366825854978,48.1285886034269,0.159692260164972,0.296465883962541,0.311872342168158,23913
54,"West Virginia",1990,0.145492859546918,0.0084413375050575,25.2943611435592,0.113251340388479,67.1960290514243,0.0955658570267566,74.0253861995585,0.407779148879307,45.2300835634908,0.43023577031383,0.128948142055658,0.162037577038178,2284
54,"West Virginia",1991,0.151600185088596,0.008805072703707,25.5320603850319,0.119001435298664,67.2268830115383,0.100611656945898,74.8203649252214,0.435223125009454,45.1533674040524,0.440524308550734,0.134342559708073,0.168857810469118,2322
54,"West Virginia",1992,0.163312070931283,0.00872843053346159,25.7134799682174,0.115651042360612,67.0764711112369,0.0962187399025188,74.9762916389351,0.398134034194377,45.8856797954996,0.422797838246561,0.146204661444139,0.180419480418428,2312
54,"West Virginia",1993,0.17289153921842,0.00855277499497305,25.8947781863364,0.107728121477529,67.1326620698974,0.0935188940586175,75.6267054855463,0.394755365480396,46.1182681581595,0.431611057742233,0.156128408260398,0.189654670176442,2332
54,"West Virginia",1994,0.163608230112203,0.00854882539328836,26.0059463085258,0.118305030593732,67.077802387856,0.0942547146699829,75.8051558876766,0.409537204618327,46.1436682432551,0.447148984983746,0.146852840231236,0.18036361999317,2341
54,"West Virginia",1995,0.175342646018347,0.00838937286854839,26.0279512788571,0.115783368075595,67.1630406917878,0.0940757353765555,76.0287314016077,0.403171087364025,46.5456314195618,0.429549966908122,0.158899777343115,0.191785514693579,2328
54,"West Virginia",1996,0.191835380297286,0.00876117590340305,26.2436823349652,0.113692154526651,67.2351458059092,0.0942713647450258,76.7888801922405,0.404581168126873,46.8500479153927,0.434665396728483,0.174663791064396,0.209006969530176,2320
54,"West Virginia",1997,0.200515932981697,0.00912521989625671,26.3326082804577,0.11246238478235,67.2554837908372,0.0922517072509265,77.192404450697,0.394329359736945,46.7458060313632,0.431412059413103,0.182630830634026,0.218401035329369,2327
54,"West Virginia",1998,0.228156709595831,0.0096515312356899,26.6837281020146,0.129972086469726,67.2066844558718,0.0959710121732684,78.0633780773937,0.447053531014147,47.0591896772884,0.446073044080107,0.209240055978215,0.247073363213446,2304
54,"West Virginia",1999,0.239944558661536,0.00959724993359382,27.0001994173412,0.118655232224643,67.2900777287257,0.0932549368315022,79.2563317693073,0.424815138704939,46.9330701332596,0.412095020534989,0.221134294441063,0.258754822882009,2480
54,"West Virginia",2000,0.228458175248856,0.0096423646441297,26.8026309333424,0.125273304308965,67.4086453001701,0.0993964780159044,78.9292212783971,0.443032437371495,47.0519881341,0.440052774633527,0.20955948782056,0.247356862677153,2221
54,"West Virginia",2001,0.248939979711304,0.0090686955364109,27.2217012071727,0.121560493709844,67.3070755145104,0.0865787478799518,79.9266284253253,0.435513161283525,46.9810684746697,0.392520333447453,0.23116566307318,0.266714296349429,2893
54,"West Virginia",2002,0.277121430028274,0.00915393830686625,27.3902405153008,0.117306292518811,67.2418570941512,0.0847233858353734,80.3056034946321,0.416158747242019,47.063783314657,0.368228929722993,0.259180040630114,0.295062819426433,3173
54,"West Virginia",2003,0.273925025953512,0.00907232566635021,27.3365967601183,0.123571378801175,67.2081022605445,0.0869812697404202,80.0908238680401,0.443774238866628,47.7459174116904,0.38542849270029,0.256143594391447,0.291706457515577,3205
54,"West Virginia",2004,0.27597755707865,0.00890025641951931,27.4818599920434,0.113953288520723,67.4054051416479,0.0848743879255356,80.9484574536896,0.402915626264486,47.2800910843556,0.381928209194777,0.258533375043221,0.293421739114079,3304
54,"West Virginia",2005,0.306082537053891,0.00924385332147083,27.8895964647787,0.123824128116646,67.2848243870984,0.0860112246645947,81.8366925763827,0.43195417119345,47.5933389432549,0.38853139114767,0.287964917465438,0.324200156642345,3407
54,"West Virginia",2006,0.310813555009661,0.00944469512295997,28.0849737053624,0.124424672550114,67.3854081850044,0.0859079108062151,82.6331465093485,0.412643146093399,47.6483831730128,0.405317882009296,0.292302292723698,0.329324817295623,3614
54,"West Virginia",2007,0.301972328678369,0.00838759425547024,28.0213501962611,0.111101825936509,67.3155438983222,0.0772427882605162,82.2837761549696,0.385107392153526,47.7824624412232,0.372207833320019,0.285532946020712,0.318411711336025,4235
54,"West Virginia",2008,0.316883701282428,0.00894418774190948,28.174791359039,0.113657589954817,67.424835745459,0.0851960507874765,83.0491180331603,0.400325438791703,47.8669334123981,0.394702840632966,0.299353415437321,0.334413987127535,3982
54,"West Virginia",2009,0.31395373605494,0.00846190563555765,28.2248367203067,0.124846510981602,67.4387422887126,0.0806629361666037,83.128996023517,0.414374376852283,48.2780987987235,0.360796303149689,0.297368705768671,0.33053876634121,4563
54,"West Virginia",2010,0.328646122283775,0.00989589985981374,28.2670230287504,0.130978582825442,67.3475833273091,0.0924013156083748,83.1217082184452,0.468009466880251,48.3545914008822,0.410743292500355,0.309250514963925,0.348041729603625,4132
54,"West Virginia",2011,0.322607901601848,0.00803926957035677,28.3034743497512,0.11369069373344,67.3420875278591,0.07338150387994,83.0474072749568,0.366891250589421,48.5118317580017,0.329515061488924,0.30685122278194,0.338364580421756,4930
54,"West Virginia",2012,0.335798935809988,0.00803266087265545,28.4336307717535,0.10725958202699,67.3483384644103,0.0717914813885486,83.5239976173114,0.359910730397481,48.8199903591916,0.300988161179941,0.320055209799559,0.351542661820417,5100
54,"West Virginia",2013,0.348958385710489,0.00767190633640358,28.5910778896896,0.105046228759157,67.3799837266325,0.0694709144105235,84.0958726891295,0.354730803607967,48.9499505628125,0.294584626829509,0.333921725598374,0.363995045822605,5627
54,"West Virginia",2014,0.35468798722743,0.00764178025079914,28.7468614376127,0.10610849580749,67.3978224035464,0.0704928918683733,84.5233253488932,0.352637515581428,49.1635284541518,0.292784706938396,0.339710373158094,0.369665601296766,5840
54,"West Virginia",2015,0.353448379460201,0.0075862260564012,28.7880816740835,0.105372807408706,67.3733317294389,0.0671795036261933,84.6842651197988,0.352604266342505,49.2518856026044,0.288231000878363,0.338579649611075,0.368317109309326,5462
54,"West Virginia",2016,0.373846732966446,0.00706057626269681,28.8808506162075,0.0953454918622976,67.3826085746202,0.0638982448356796,84.9387355567795,0.328962405334003,49.3384995549685,0.273570313166825,0.360008257781462,0.387685208151431,6618
54,"West Virginia",2017,0.378642201521952,0.00844385792614702,29.1066200476708,0.116811988873089,67.3440193814544,0.0773063847382943,85.557708578611,0.406347874620097,49.4683580586836,0.33810013838736,0.36209254409613,0.395191858947773,5104
54,"West Virginia",2018,0.393549706415132,0.00899857641956921,29.2799353059436,0.123368282255369,67.4009001858165,0.0776351322980785,86.1586085752742,0.428327963716159,49.7405341531295,0.342207695722088,0.375912820720645,0.411186592109619,4612
54,"West Virginia",2019,0.39554867461639,0.00906163056444753,29.2350071029392,0.128942559798519,67.3339322219474,0.0807702779474176,85.7556233283152,0.414992611814044,49.9062631400276,0.362001501091802,0.377788205068865,0.413309144163914,4980
54,"West Virginia",2020,0.389023409622145,0.00817542206289319,29.2784442961933,0.120671297221326,67.3458788561069,0.0722504142883384,86.0101171899565,0.401210366335851,49.9346565077514,0.320513274396696,0.372999876820461,0.40504694242383,5458
54,"West Virginia",2021,0.404653801487222,0.00763566422110134,29.5914572646429,0.110100056755252,67.4692772058397,0.0670321478178595,87.1902273274736,0.364831182698599,50.1415515336506,0.302293169508138,0.389688174615822,0.419619428358621,6257
54,"West Virginia",2022,0.406875228426922,0.00898256520025444,29.626328570372,0.13390895346055,67.4412811656906,0.0837257624064945,87.2707163331268,0.449291273475044,50.4387290185005,0.358330103157415,0.389269724145641,0.424480732708204,4627
54,"West Virginia",2023,0.407593566955346,0.00936286374361923,29.649079462282,0.139634672774403,67.3790692291488,0.0809488875534611,87.1999809734499,0.461587656684325,50.5218153629609,0.362639101786916,0.389242691225697,0.425944442684996,4078
55,"Wisconsin",1990,0.11270512121879,0.00964359167074556,25.0884364005807,0.138546778675141,67.5246386910014,0.118806428747955,74.2108093824765,0.510733576698376,44.2882091180196,0.563898079690774,0.0938040288625186,0.131606213575062,1224
55,"Wisconsin",1991,0.125695508172327,0.00990372654204716,25.2363995466061,0.136273803464091,67.3735644788294,0.129321035791824,74.3317383478635,0.507538735868142,44.3132075166929,0.566834138296706,0.106284560837181,0.145106455507473,1232
55,"Wisconsin",1992,0.154683955160455,0.0107163619256796,25.6977917218773,0.140308270859249,67.3949358725469,0.11996446246993,75.7900226877788,0.524831350995981,44.312704204903,0.529021102751628,0.133680271740827,0.175687638580083,1475
55,"Wisconsin",1993,0.15319423555573,0.0103442829050586,25.6069422342153,0.132611501332975,67.4198430668397,0.115458853214596,75.4092949377535,0.474622125813431,44.6416626686119,0.515051845305859,0.132919813615922,0.173468657495538,1532
55,"Wisconsin",1994,0.17005490758889,0.0114163042250828,25.8775137214273,0.149114104431826,67.3107660063155,0.119776920408514,76.0503415825945,0.548252199170531,44.546166003531,0.572998734243828,0.147679362471176,0.192430452706605,1514
55,"Wisconsin",1995,0.152988252783931,0.00979779180476706,25.815958929916,0.128351456616107,67.5114264300072,0.118286657819471,76.2633069024833,0.457744266972942,45.0204931251549,0.504140109496331,0.133784933718565,0.172191571849296,2113
55,"Wisconsin",1996,0.164003914117706,0.0108862053761269,25.7970003223941,0.126726980101502,67.3766251314953,0.111710008986486,75.9421173696956,0.464860347910258,45.5878102091459,0.521554606007935,0.142667343652191,0.185340484583221,2139
55,"Wisconsin",1997,0.163281459310488,0.00919265693971571,25.9453962007001,0.11417567539087,67.592610299294,0.110716980605265,76.9150091085253,0.437988692773043,45.4274690423363,0.482347321066363,0.145264182786413,0.181298735834563,2177
55,"Wisconsin",1998,0.17989787789323,0.00980497308369287,26.2241542915825,0.128250387628528,67.3687149543569,0.112095867767436,77.1354063470211,0.461405743357296,45.7671599142314,0.505845692298225,0.160680483779807,0.199115272006652,2144
55,"Wisconsin",1999,0.195756228019988,0.00961863063788215,26.2384325481376,0.121216228407026,67.519566996371,0.108679860951184,77.6274890847324,0.458331424925434,45.9146572085189,0.446400764822262,0.176904058389146,0.214608397650831,2083
55,"Wisconsin",2000,0.193881890975838,0.00862965694138154,26.5086336453729,0.125435092281706,67.5614279612936,0.0935450383451123,78.4444782395716,0.428297304957305,45.8463152184117,0.419125055289123,0.176968074171794,0.210795707779882,2584
55,"Wisconsin",2001,0.225053535193283,0.00845298683439371,26.7844471720884,0.111587422388242,67.5737733267813,0.0874707978603797,79.242693433121,0.414413862569797,45.7996646903615,0.361531426770083,0.20848598543608,0.241621084950486,3223
55,"Wisconsin",2002,0.216014849166536,0.00756588524177977,26.6582405605483,0.0984811124990213,67.578644995242,0.0772102228169035,78.9238789372489,0.348292727314261,45.7104049914336,0.335796664691154,0.201185986581484,0.230843711751587,4098
55,"Wisconsin",2003,0.210532110668804,0.00791662493460062,26.7484049957003,0.103684924165631,67.6328610446154,0.0819731498948437,79.3044862100378,0.365374526449448,46.0536186975074,0.375856834937148,0.195015810917875,0.226048410419733,3838
55,"Wisconsin",2004,0.233433314195629,0.00794021390370429,26.8064288268444,0.0994542503016472,67.6073794969687,0.0801285081585151,79.4485373061351,0.362343854361919,45.9310984029651,0.354303795925116,0.217870780914825,0.248995847476434,4199
55,"Wisconsin",2005,0.245808034527909,0.00794126795785906,27.1051487310209,0.105456436791764,67.7492927765483,0.0898516603490789,80.6569442760055,0.383372971011325,46.1029263781849,0.370643421330466,0.230243435338923,0.261372633716895,4583
55,"Wisconsin",2006,0.264200299905663,0.00837391268183216,27.2968641760293,0.106751448443291,67.6558783365803,0.084044165205008,81.037571860625,0.385543394611669,46.2455699972309,0.37688657148092,0.247787732639589,0.280612867171737,4541
55,"Wisconsin",2007,0.253294516322163,0.00811552639500065,27.1505464829895,0.113473835228002,67.6688758898095,0.0813736699045019,80.645660937167,0.412492714794208,46.2876199039671,0.387698658669298,0.237388376872377,0.269200655771948,7025
55,"Wisconsin",2008,0.260655561482617,0.00875686073849116,27.3938347352788,0.11805866029174,67.6047251079154,0.0855308725117557,81.120505489273,0.402860158041735,46.4276668303893,0.420890581810052,0.243492429817541,0.277818693147692,6672
55,"Wisconsin",2009,0.292785871390859,0.0109405283173521,27.7239987080045,0.152878401831407,67.7570171194031,0.102171119748159,82.5496353108877,0.545990266293604,46.8309396377339,0.487512490123875,0.271342829917009,0.31422891286471,4200
55,"Wisconsin",2010,0.271111501144188,0.0100838054493605,27.4798885398478,0.129437710487369,67.6571521650619,0.103150037533657,81.5859273984295,0.472447889828625,47.5774226765343,0.443332050649964,0.251347605636333,0.290875396652043,4448
55,"Wisconsin",2011,0.277081096026972,0.0100424145642531,27.5631772395379,0.12930845737729,67.6867057603758,0.0918537842343116,81.8321764481908,0.452243141935003,46.9668895402905,0.385063115273409,0.257398325163215,0.296763866890728,4912
55,"Wisconsin",2012,0.295566115687754,0.00969179927364804,27.9387082833052,0.130995574685493,67.5257784799865,0.0871279267655836,82.5518169907643,0.441529900739484,47.4466876456293,0.361060833970559,0.276570538166012,0.314561693209496,4944
55,"Wisconsin",2013,0.294356838378648,0.00910620809798743,27.796099086647,0.120375690333143,67.5062547816177,0.0853998307808597,82.0820061607641,0.419116238643645,47.4648863583539,0.349672613287512,0.276508998470866,0.31220467828643,6171
55,"Wisconsin",2014,0.310102791224849,0.00816864831839821,28.141080615092,0.111480707984483,67.4452529666183,0.0723414698033769,82.9354599840493,0.380719028541252,47.7358900423663,0.308683340590094,0.294092534718414,0.326113047731283,6642
55,"Wisconsin",2015,0.30392784890401,0.00866951818924158,28.0477285532632,0.122776423363453,67.4351504257907,0.0820899121932471,82.5434899551218,0.401479143256327,48.0025831237945,0.332145540358125,0.286935905489782,0.320919792318238,5748
55,"Wisconsin",2016,0.305679308948785,0.00885714182680836,27.9992137562412,0.121173449422906,67.4692570635328,0.0820618726225427,82.5468012908847,0.406999535166613,47.9981781559329,0.353958006922967,0.288319629962277,0.323038987935292,4787
55,"Wisconsin",2017,0.317977891896551,0.00906831018367017,28.2190912293475,0.12156863393336,67.4427128404155,0.0809251108956694,83.165336704403,0.41143449745763,48.2306742535702,0.354621842444979,0.300204330535919,0.335751453257182,5342
55,"Wisconsin",2018,0.317154895252513,0.00922108050585123,28.2582578751808,0.134814470478417,67.5009052817657,0.0809976912856295,83.2363541995981,0.413190394883225,48.5379156666963,0.378087596096912,0.2990819095625,0.335227880942525,4574
55,"Wisconsin",2019,0.339481757070524,0.00946035375536361,28.5178351849493,0.128639394353467,67.3449342350638,0.0839388650444117,83.8074649106289,0.442387980364776,48.5228879586481,0.358945646117711,0.320939804429003,0.358023709712045,4566
55,"Wisconsin",2020,0.322497410358006,0.00949802463814324,28.4257120360353,0.135109876126414,67.4460494900053,0.0864730066372824,83.6945434444433,0.431773288140632,48.848222796701,0.388757934023661,0.303881624142971,0.341113196573041,4631
55,"Wisconsin",2021,0.336530199421254,0.00925123413824428,28.395750064777,0.125493453700881,67.5422872549614,0.0818057623925345,83.8576872045095,0.416645267178581,48.9998920262786,0.35633503072987,0.318398113697748,0.35466228514476,5580
55,"Wisconsin",2022,0.374611626406435,0.00666853721199099,29.031342327716,0.0962758638860526,67.5447366597705,0.0573345424741888,85.7624704957622,0.318003131357456,49.0695735203891,0.258388628131776,0.361541533641368,0.387681719171503,10068
55,"Wisconsin",2023,0.356566287774719,0.00626386951545324,28.8273417795097,0.0870021887861109,67.471889550926,0.055155987884193,84.9149103247549,0.282430948552099,49.742883403553,0.249436982573688,0.344289329120572,0.368843246428865,11378
56,"Wyoming",1994,0.129576936153941,0.0117238270589466,25.4444913270931,0.157262114563494,67.6406754338717,0.145641582347003,75.5137461110836,0.583246424473938,43.6220261300571,0.599935844292542,0.10659865735743,0.152555214950453,1219
56,"Wyoming",1995,0.138122893941171,0.00802744760336849,25.2829523644856,0.0958155690457298,67.5737639337802,0.0903152849856774,74.849533340912,0.355233108751585,44.0740737434809,0.410542525372724,0.122389385750787,0.153856402131556,2358
56,"Wyoming",1996,0.147376218083295,0.00822598753887193,25.4701541512701,0.108798696392798,67.656529743304,0.0871478909101841,75.5464656927509,0.385060786303738,44.4025789468855,0.400383809776707,0.131253578769831,0.163498857396759,2434
56,"Wyoming",1997,0.143972356419449,0.00785971646129008,25.5297373904084,0.106916913728915,67.6475318351232,0.0987285265663613,75.6469089251269,0.373275331707893,44.9269719428459,0.438158654304701,0.128567595226624,0.159377117612274,2325
56,"Wyoming",1998,0.143082543580993,0.0081467364591736,25.605119960576,0.115459849131766,67.6272443342086,0.0938407286152144,75.9188386009246,0.415320671420517,44.8483188942082,0.383096420662873,0.127115233529473,0.159049853632512,2347
56,"Wyoming",1999,0.165369596491043,0.00827600344306688,26.0757504783483,0.116092526432642,67.6454303762638,0.091190839249367,77.3420344235258,0.41725633448231,45.356175858718,0.394597627650263,0.149148927806702,0.181590265175383,2303
56,"Wyoming",2000,0.177522495194872,0.00909829466454247,26.1153638795445,0.113452565594589,67.7849073146785,0.0953834294421362,77.8414470545586,0.434295973470031,45.375688590963,0.391884642544634,0.159690165331635,0.195354825058108,2272
56,"Wyoming",2001,0.197272633436599,0.00824872936037109,26.3093091623591,0.103520475457864,67.6376622564356,0.0820500115883105,78.0028274633343,0.362845769010212,45.2767150003402,0.347044287192266,0.181105420972053,0.213439845901144,2914
56,"Wyoming",2002,0.194034906677939,0.00777937594163306,26.2439268773971,0.104462484573081,67.7357220510698,0.0818552868564251,78.1117757722689,0.38894256645469,45.3526678204189,0.341147783287103,0.178787610010141,0.209282203345737,3387
56,"Wyoming",2003,0.200914540104625,0.00727892400079323,26.4406509425122,0.09342189758483,67.7387905331098,0.0783564371721505,78.6957921828606,0.34727538598713,45.7106848075053,0.333490087795056,0.186648111216866,0.215180968992384,3833
56,"Wyoming",2004,0.20972877837163,0.00744046629802752,26.5004021902685,0.0879951290378393,67.7845830919769,0.0729349098479166,78.9259148745721,0.319358179071265,46.0273810003495,0.337365138788195,0.195145732399312,0.224311824343948,3952
56,"Wyoming",2005,0.242157249896526,0.00738303180250076,26.9581941174662,0.0922914752057899,67.8229977702779,0.0707885246981262,80.4193848385975,0.33951677946706,46.1718875454728,0.319049006899355,0.22768677346691,0.256627726326141,4751
56,"Wyoming",2006,0.233739104960263,0.00746114612202402,26.9427511340562,0.0917090746973844,67.7844266947439,0.0727543697591606,80.2514850894657,0.331234471871961,46.1182331979811,0.340845358442899,0.219115527277706,0.248362682642821,4681
56,"Wyoming",2007,0.243107674874437,0.00699622580337611,27.0366933504491,0.101317388692048,67.7986092410223,0.0710856243639588,80.5118530816445,0.344370848692838,46.3479963101086,0.351036408139545,0.22939532427211,0.256820025476764,5870
56,"Wyoming",2008,0.252028737724331,0.0062371371365215,27.1186999044924,0.0812517695154292,67.817277091845,0.0605996771978,80.7969359052274,0.27814674384825,46.3210456016386,0.289345417759086,0.239804173570112,0.264253301878551,7588
56,"Wyoming",2009,0.252877245807348,0.00840212854259918,27.1561345763995,0.103627879568995,67.8885031489226,0.0785347562910658,81.1435313194474,0.37003725456541,46.5956529460969,0.372152402221215,0.236409376470377,0.269345115144318,5776
56,"Wyoming",2010,0.256278122951755,0.00808349714169402,27.326329330058,0.112811512451135,67.8258685791836,0.0846896587716817,81.4363262526737,0.393508216311991,46.6040039280649,0.382563127203993,0.240434759684902,0.272121486218608,5519
56,"Wyoming",2011,0.248646498601371,0.0078683387327811,27.1365131023192,0.106381585495402,67.6714712968394,0.0763436025262154,80.55316599056,0.366689123041683,46.3402111054677,0.319131289843227,0.233224838066959,0.264068159135784,6522
56,"Wyoming",2012,0.245545047446643,0.00913570380007408,27.2242768573309,0.115141474352752,67.7387213752392,0.0897416557397936,80.8474075376832,0.391277112226647,46.9497302531235,0.360171943479853,0.227639397025072,0.263450697868214,5928
56,"Wyoming",2013,0.275273225425155,0.00815618784112225,27.5227348515523,0.104791290484148,67.6553424622672,0.0786780978024857,81.6707349651831,0.381114982047675,47.1284171368531,0.314227242607048,0.259287391005411,0.291259059844898,6141
56,"Wyoming",2014,0.293589103401782,0.010319156387655,27.5459096869017,0.130018472638935,67.7289702228045,0.091451276160054,81.8824410362688,0.450125988473552,47.1248076887117,0.406720771236992,0.273363928531142,0.313814278272422,5971
56,"Wyoming",2015,0.289601780268605,0.0102943359783761,27.8421020334433,0.138812283592017,67.7629159749527,0.0920970801171474,82.7912129396628,0.467425239529835,47.1153148890235,0.419447842901229,0.269425252506233,0.309778308030977,5010
56,"Wyoming",2016,0.275153707959025,0.0104042308015715,27.5952328155252,0.136927038671538,67.826058557871,0.100062216637869,82.1955526968978,0.463236870916434,47.3102626411188,0.432138728117793,0.254761790301103,0.295545625616948,4198
56,"Wyoming",2017,0.286336225562116,0.0087866699466441,27.6236154923659,0.122337240880895,67.7534541741865,0.0829208661119321,82.0567483532783,0.401090896029077,47.4158125099111,0.350937806781497,0.269114668922653,0.303557782201579,4157
56,"Wyoming",2018,0.287921413314069,0.00884043498212705,27.7330062749493,0.119304998310204,67.6936013171634,0.0826292237769813,82.2798797156476,0.405231856676607,47.6268739405329,0.34928640923138,0.270594479141432,0.305248347486706,4173
56,"Wyoming",2019,0.295905154146976,0.0100799343929803,27.9312615289208,0.145906418979973,67.8058461687468,0.0922997297548026,83.109240112913,0.478622694123465,48.0273802285237,0.393901513746855,0.276148845770208,0.315661462523744,4302
56,"Wyoming",2020,0.305476125635241,0.0100627501246329,27.9415069344657,0.127398728803159,67.7930659160721,0.0951912659046163,83.1223933317757,0.432305466507867,48.5264469253866,0.408331821456036,0.285753497805534,0.325198753464947,4406
56,"Wyoming",2021,0.318593479140436,0.0107812778588278,28.2709543545551,0.141500537012823,67.8254948191606,0.0930058185879101,84.2057293592493,0.475066718393081,48.2060421861158,0.445174399495647,0.297462562829814,0.339724395451058,3989
56,"Wyoming",2022,0.340799085981026,0.00986444477838635,28.5459814010451,0.135509057105446,67.7951375516732,0.0858255286937328,84.8824927895159,0.444942949352728,48.721676580516,0.401228087855476,0.321465129487905,0.360133042474148,3792
56,"Wyoming",2023,0.331036530196831,0.00956501775235765,28.374378790118,0.129968544183792,67.7806038410243,0.0844255639179865,84.433428021156,0.43782267739556,49.1213103011975,0.376317853657406,0.312289439890724,0.349783620502939,4117
